location_id,location_name,parameter,value,unit,datetimeUtc,datetimeLocal,timezone,latitude,longitude,country_iso,isMobile,isMonitor,owner_name,provider
8843,"AMS SOU Angel Kanchev-Varna","co",290,"µg/m³","2026-06-01T01:00:00Z","2026-06-01T04:00:00+03:00","Europe/Sofia",43.22438900023895,27.915733000170828,,,,"Unknown Governmental Organization","EEA"
8843,"AMS SOU Angel Kanchev-Varna","co",340,"µg/m³","2026-06-01T02:00:00Z","2026-06-01T05:00:00+03:00","Europe/Sofia",43.22438900023895,27.915733000170828,,,,"Unknown Governmental Organization","EEA"
8843,"AMS SOU Angel Kanchev-Varna","co",360,"µg/m³","2026-06-01T03:00:00Z","2026-06-01T06:00:00+03:00","Europe/Sofia",43.22438900023895,27.915733000170828,,,,"Unknown Governmental Organization","EEA"
8843,"AMS SOU Angel Kanchev-Varna","co",330,"µg/m³","2026-06-01T04:00:00Z","2026-06-01T07:00:00+03:00","Europe/Sofia",43.22438900023895,27.915733000170828,,,,"Unknown Governmental Organization","EEA"
8843,"AMS SOU Angel Kanchev-Varna","co",460,"µg/m³","2026-06-01T06:00:00Z","2026-06-01T09:00:00+03:00","Europe/Sofia",43.22438900023895,27.915733000170828,,,,"Unknown Governmental Organization","EEA"
8843,"AMS SOU Angel Kanchev-Varna","co",540,"µg/m³","2026-06-01T07:00:00Z","2026-06-01T10:00:00+03:00","Europe/Sofia",43.22438900023895,27.915733000170828,,,,"Unknown Governmental Organization","EEA"
8843,"AMS SOU Angel Kanchev-Varna","co",390,"µg/m³","2026-06-01T08:00:00Z","2026-06-01T11:00:00+03:00","Europe/Sofia",43.22438900023895,27.915733000170828,,,,"Unknown Governmental Organization","EEA"
8843,"AMS SOU Angel Kanchev-Varna","co",270,"µg/m³","2026-06-01T09:00:00Z","2026-06-01T12:00:00+03:00","Europe/Sofia",43.22438900023895,27.915733000170828,,,,"Unknown Governmental Organization","EEA"
8843,"AMS SOU Angel Kanchev-Varna","co",240,"µg/m³","2026-06-01T10:00:00Z","2026-06-01T13:00:00+03:00","Europe/Sofia",43.22438900023895,27.915733000170828,,,,"Unknown Governmental Organization","EEA"
8843,"AMS SOU Angel Kanchev-Varna","co",230,"µg/m³","2026-06-01T11:00:00Z","2026-06-01T14:00:00+03:00","Europe/Sofia",43.22438900023895,27.915733000170828,,,,"Unknown Governmental Organization","EEA"
8843,"AMS SOU Angel Kanchev-Varna","co",200,"µg/m³","2026-06-01T12:00:00Z","2026-06-01T15:00:00+03:00","Europe/Sofia",43.22438900023895,27.915733000170828,,,,"Unknown Governmental Organization","EEA"
8843,"AMS SOU Angel Kanchev-Varna","co",150,"µg/m³","2026-06-01T13:00:00Z","2026-06-01T16:00:00+03:00","Europe/Sofia",43.22438900023895,27.915733000170828,,,,"Unknown Governmental Organization","EEA"
8843,"AMS SOU Angel Kanchev-Varna","co",240,"µg/m³","2026-06-01T14:00:00Z","2026-06-01T17:00:00+03:00","Europe/Sofia",43.22438900023895,27.915733000170828,,,,"Unknown Governmental Organization","EEA"
8843,"AMS SOU Angel Kanchev-Varna","co",210,"µg/m³","2026-06-01T16:00:00Z","2026-06-01T19:00:00+03:00","Europe/Sofia",43.22438900023895,27.915733000170828,,,,"Unknown Governmental Organization","EEA"
8843,"AMS SOU Angel Kanchev-Varna","co",300,"µg/m³","2026-06-01T17:00:00Z","2026-06-01T20:00:00+03:00","Europe/Sofia",43.22438900023895,27.915733000170828,,,,"Unknown Governmental Organization","EEA"
8843,"AMS SOU Angel Kanchev-Varna","co",180,"µg/m³","2026-06-01T18:00:00Z","2026-06-01T21:00:00+03:00","Europe/Sofia",43.22438900023895,27.915733000170828,,,,"Unknown Governmental Organization","EEA"
8843,"AMS SOU Angel Kanchev-Varna","co",230,"µg/m³","2026-06-01T19:00:00Z","2026-06-01T22:00:00+03:00","Europe/Sofia",43.22438900023895,27.915733000170828,,,,"Unknown Governmental Organization","EEA"
8843,"AMS SOU Angel Kanchev-Varna","co",260,"µg/m³","2026-06-01T20:00:00Z","2026-06-01T23:00:00+03:00","Europe/Sofia",43.22438900023895,27.915733000170828,,,,"Unknown Governmental Organization","EEA"
8843,"AMS SOU Angel Kanchev-Varna","co",250,"µg/m³","2026-06-01T21:00:00Z","2026-06-02T00:00:00+03:00","Europe/Sofia",43.22438900023895,27.915733000170828,,,,"Unknown Governmental Organization","EEA"
8843,"AMS SOU Angel Kanchev-Varna","co",230,"µg/m³","2026-06-01T22:00:00Z","2026-06-02T01:00:00+03:00","Europe/Sofia",43.22438900023895,27.915733000170828,,,,"Unknown Governmental Organization","EEA"
8843,"AMS SOU Angel Kanchev-Varna","co",220,"µg/m³","2026-06-01T23:00:00Z","2026-06-02T02:00:00+03:00","Europe/Sofia",43.22438900023895,27.915733000170828,,,,"Unknown Governmental Organization","EEA"
8843,"AMS SOU Angel Kanchev-Varna","co",210,"µg/m³","2026-06-02T00:00:00Z","2026-06-02T03:00:00+03:00","Europe/Sofia",43.22438900023895,27.915733000170828,,,,"Unknown Governmental Organization","EEA"
8843,"AMS SOU Angel Kanchev-Varna","co",210,"µg/m³","2026-06-02T01:00:00Z","2026-06-02T04:00:00+03:00","Europe/Sofia",43.22438900023895,27.915733000170828,,,,"Unknown Governmental Organization","EEA"
8843,"AMS SOU Angel Kanchev-Varna","co",210,"µg/m³","2026-06-02T02:00:00Z","2026-06-02T05:00:00+03:00","Europe/Sofia",43.22438900023895,27.915733000170828,,,,"Unknown Governmental Organization","EEA"
8843,"AMS SOU Angel Kanchev-Varna","co",190,"µg/m³","2026-06-02T03:00:00Z","2026-06-02T06:00:00+03:00","Europe/Sofia",43.22438900023895,27.915733000170828,,,,"Unknown Governmental Organization","EEA"
8843,"AMS SOU Angel Kanchev-Varna","co",140,"µg/m³","2026-06-02T04:00:00Z","2026-06-02T07:00:00+03:00","Europe/Sofia",43.22438900023895,27.915733000170828,,,,"Unknown Governmental Organization","EEA"
8843,"AMS SOU Angel Kanchev-Varna","co",180,"µg/m³","2026-06-02T05:00:00Z","2026-06-02T08:00:00+03:00","Europe/Sofia",43.22438900023895,27.915733000170828,,,,"Unknown Governmental Organization","EEA"
8843,"AMS SOU Angel Kanchev-Varna","co",280,"µg/m³","2026-06-02T06:00:00Z","2026-06-02T09:00:00+03:00","Europe/Sofia",43.22438900023895,27.915733000170828,,,,"Unknown Governmental Organization","EEA"
8843,"AMS SOU Angel Kanchev-Varna","co",270,"µg/m³","2026-06-02T07:00:00Z","2026-06-02T10:00:00+03:00","Europe/Sofia",43.22438900023895,27.915733000170828,,,,"Unknown Governmental Organization","EEA"
8843,"AMS SOU Angel Kanchev-Varna","co",250,"µg/m³","2026-06-02T08:00:00Z","2026-06-02T11:00:00+03:00","Europe/Sofia",43.22438900023895,27.915733000170828,,,,"Unknown Governmental Organization","EEA"
8843,"AMS SOU Angel Kanchev-Varna","co",240,"µg/m³","2026-06-02T09:00:00Z","2026-06-02T12:00:00+03:00","Europe/Sofia",43.22438900023895,27.915733000170828,,,,"Unknown Governmental Organization","EEA"
8843,"AMS SOU Angel Kanchev-Varna","co",230,"µg/m³","2026-06-02T10:00:00Z","2026-06-02T13:00:00+03:00","Europe/Sofia",43.22438900023895,27.915733000170828,,,,"Unknown Governmental Organization","EEA"
8843,"AMS SOU Angel Kanchev-Varna","co",230,"µg/m³","2026-06-02T11:00:00Z","2026-06-02T14:00:00+03:00","Europe/Sofia",43.22438900023895,27.915733000170828,,,,"Unknown Governmental Organization","EEA"
8843,"AMS SOU Angel Kanchev-Varna","co",210,"µg/m³","2026-06-02T12:00:00Z","2026-06-02T15:00:00+03:00","Europe/Sofia",43.22438900023895,27.915733000170828,,,,"Unknown Governmental Organization","EEA"
8843,"AMS SOU Angel Kanchev-Varna","co",210,"µg/m³","2026-06-02T13:00:00Z","2026-06-02T16:00:00+03:00","Europe/Sofia",43.22438900023895,27.915733000170828,,,,"Unknown Governmental Organization","EEA"
8843,"AMS SOU Angel Kanchev-Varna","co",150,"µg/m³","2026-06-02T14:00:00Z","2026-06-02T17:00:00+03:00","Europe/Sofia",43.22438900023895,27.915733000170828,,,,"Unknown Governmental Organization","EEA"
8843,"AMS SOU Angel Kanchev-Varna","co",150,"µg/m³","2026-06-02T15:00:00Z","2026-06-02T18:00:00+03:00","Europe/Sofia",43.22438900023895,27.915733000170828,,,,"Unknown Governmental Organization","EEA"
8843,"AMS SOU Angel Kanchev-Varna","co",330,"µg/m³","2026-06-02T16:00:00Z","2026-06-02T19:00:00+03:00","Europe/Sofia",43.22438900023895,27.915733000170828,,,,"Unknown Governmental Organization","EEA"
8843,"AMS SOU Angel Kanchev-Varna","co",280,"µg/m³","2026-06-02T17:00:00Z","2026-06-02T20:00:00+03:00","Europe/Sofia",43.22438900023895,27.915733000170828,,,,"Unknown Governmental Organization","EEA"
8843,"AMS SOU Angel Kanchev-Varna","co",260,"µg/m³","2026-06-02T18:00:00Z","2026-06-02T21:00:00+03:00","Europe/Sofia",43.22438900023895,27.915733000170828,,,,"Unknown Governmental Organization","EEA"
8843,"AMS SOU Angel Kanchev-Varna","co",330,"µg/m³","2026-06-02T19:00:00Z","2026-06-02T22:00:00+03:00","Europe/Sofia",43.22438900023895,27.915733000170828,,,,"Unknown Governmental Organization","EEA"
8843,"AMS SOU Angel Kanchev-Varna","co",220,"µg/m³","2026-06-02T20:00:00Z","2026-06-02T23:00:00+03:00","Europe/Sofia",43.22438900023895,27.915733000170828,,,,"Unknown Governmental Organization","EEA"
8843,"AMS SOU Angel Kanchev-Varna","co",280,"µg/m³","2026-06-02T21:00:00Z","2026-06-03T00:00:00+03:00","Europe/Sofia",43.22438900023895,27.915733000170828,,,,"Unknown Governmental Organization","EEA"
8843,"AMS SOU Angel Kanchev-Varna","co",390,"µg/m³","2026-06-02T22:00:00Z","2026-06-03T01:00:00+03:00","Europe/Sofia",43.22438900023895,27.915733000170828,,,,"Unknown Governmental Organization","EEA"
8843,"AMS SOU Angel Kanchev-Varna","co",340,"µg/m³","2026-06-02T23:00:00Z","2026-06-03T02:00:00+03:00","Europe/Sofia",43.22438900023895,27.915733000170828,,,,"Unknown Governmental Organization","EEA"
8843,"AMS SOU Angel Kanchev-Varna","co",230,"µg/m³","2026-06-03T00:00:00Z","2026-06-03T03:00:00+03:00","Europe/Sofia",43.22438900023895,27.915733000170828,,,,"Unknown Governmental Organization","EEA"
8843,"AMS SOU Angel Kanchev-Varna","co",140,"µg/m³","2026-06-03T01:00:00Z","2026-06-03T04:00:00+03:00","Europe/Sofia",43.22438900023895,27.915733000170828,,,,"Unknown Governmental Organization","EEA"
8843,"AMS SOU Angel Kanchev-Varna","co",130,"µg/m³","2026-06-03T02:00:00Z","2026-06-03T05:00:00+03:00","Europe/Sofia",43.22438900023895,27.915733000170828,,,,"Unknown Governmental Organization","EEA"
8843,"AMS SOU Angel Kanchev-Varna","co",230,"µg/m³","2026-06-03T03:00:00Z","2026-06-03T06:00:00+03:00","Europe/Sofia",43.22438900023895,27.915733000170828,,,,"Unknown Governmental Organization","EEA"
8843,"AMS SOU Angel Kanchev-Varna","co",290,"µg/m³","2026-06-03T04:00:00Z","2026-06-03T07:00:00+03:00","Europe/Sofia",43.22438900023895,27.915733000170828,,,,"Unknown Governmental Organization","EEA"
8843,"AMS SOU Angel Kanchev-Varna","co",320,"µg/m³","2026-06-03T05:00:00Z","2026-06-03T08:00:00+03:00","Europe/Sofia",43.22438900023895,27.915733000170828,,,,"Unknown Governmental Organization","EEA"
8843,"AMS SOU Angel Kanchev-Varna","co",540,"µg/m³","2026-06-03T07:00:00Z","2026-06-03T10:00:00+03:00","Europe/Sofia",43.22438900023895,27.915733000170828,,,,"Unknown Governmental Organization","EEA"
8843,"AMS SOU Angel Kanchev-Varna","co",440,"µg/m³","2026-06-03T08:00:00Z","2026-06-03T11:00:00+03:00","Europe/Sofia",43.22438900023895,27.915733000170828,,,,"Unknown Governmental Organization","EEA"
8843,"AMS SOU Angel Kanchev-Varna","co",470,"µg/m³","2026-06-03T09:00:00Z","2026-06-03T12:00:00+03:00","Europe/Sofia",43.22438900023895,27.915733000170828,,,,"Unknown Governmental Organization","EEA"
8843,"AMS SOU Angel Kanchev-Varna","co",-1000,"µg/m³","2026-06-03T10:00:00Z","2026-06-03T13:00:00+03:00","Europe/Sofia",43.22438900023895,27.915733000170828,,,,"Unknown Governmental Organization","EEA"
8843,"AMS SOU Angel Kanchev-Varna","co",180,"µg/m³","2026-06-03T11:00:00Z","2026-06-03T14:00:00+03:00","Europe/Sofia",43.22438900023895,27.915733000170828,,,,"Unknown Governmental Organization","EEA"
8843,"AMS SOU Angel Kanchev-Varna","co",130,"µg/m³","2026-06-03T12:00:00Z","2026-06-03T15:00:00+03:00","Europe/Sofia",43.22438900023895,27.915733000170828,,,,"Unknown Governmental Organization","EEA"
8843,"AMS SOU Angel Kanchev-Varna","co",130,"µg/m³","2026-06-03T13:00:00Z","2026-06-03T16:00:00+03:00","Europe/Sofia",43.22438900023895,27.915733000170828,,,,"Unknown Governmental Organization","EEA"
8843,"AMS SOU Angel Kanchev-Varna","co",160,"µg/m³","2026-06-03T15:00:00Z","2026-06-03T18:00:00+03:00","Europe/Sofia",43.22438900023895,27.915733000170828,,,,"Unknown Governmental Organization","EEA"
8843,"AMS SOU Angel Kanchev-Varna","co",190,"µg/m³","2026-06-03T16:00:00Z","2026-06-03T19:00:00+03:00","Europe/Sofia",43.22438900023895,27.915733000170828,,,,"Unknown Governmental Organization","EEA"
8843,"AMS SOU Angel Kanchev-Varna","co",210,"µg/m³","2026-06-03T17:00:00Z","2026-06-03T20:00:00+03:00","Europe/Sofia",43.22438900023895,27.915733000170828,,,,"Unknown Governmental Organization","EEA"
8843,"AMS SOU Angel Kanchev-Varna","co",170,"µg/m³","2026-06-03T18:00:00Z","2026-06-03T21:00:00+03:00","Europe/Sofia",43.22438900023895,27.915733000170828,,,,"Unknown Governmental Organization","EEA"
8843,"AMS SOU Angel Kanchev-Varna","co",200,"µg/m³","2026-06-03T19:00:00Z","2026-06-03T22:00:00+03:00","Europe/Sofia",43.22438900023895,27.915733000170828,,,,"Unknown Governmental Organization","EEA"
8843,"AMS SOU Angel Kanchev-Varna","co",320,"µg/m³","2026-06-03T21:00:00Z","2026-06-04T00:00:00+03:00","Europe/Sofia",43.22438900023895,27.915733000170828,,,,"Unknown Governmental Organization","EEA"
8843,"AMS SOU Angel Kanchev-Varna","co",270,"µg/m³","2026-06-03T22:00:00Z","2026-06-04T01:00:00+03:00","Europe/Sofia",43.22438900023895,27.915733000170828,,,,"Unknown Governmental Organization","EEA"
8843,"AMS SOU Angel Kanchev-Varna","co",260,"µg/m³","2026-06-03T23:00:00Z","2026-06-04T02:00:00+03:00","Europe/Sofia",43.22438900023895,27.915733000170828,,,,"Unknown Governmental Organization","EEA"
8843,"AMS SOU Angel Kanchev-Varna","co",250,"µg/m³","2026-06-04T00:00:00Z","2026-06-04T03:00:00+03:00","Europe/Sofia",43.22438900023895,27.915733000170828,,,,"Unknown Governmental Organization","EEA"
8843,"AMS SOU Angel Kanchev-Varna","co",250,"µg/m³","2026-06-04T01:00:00Z","2026-06-04T04:00:00+03:00","Europe/Sofia",43.22438900023895,27.915733000170828,,,,"Unknown Governmental Organization","EEA"
8843,"AMS SOU Angel Kanchev-Varna","co",260,"µg/m³","2026-06-04T02:00:00Z","2026-06-04T05:00:00+03:00","Europe/Sofia",43.22438900023895,27.915733000170828,,,,"Unknown Governmental Organization","EEA"
8843,"AMS SOU Angel Kanchev-Varna","co",260,"µg/m³","2026-06-04T03:00:00Z","2026-06-04T06:00:00+03:00","Europe/Sofia",43.22438900023895,27.915733000170828,,,,"Unknown Governmental Organization","EEA"
8843,"AMS SOU Angel Kanchev-Varna","co",270,"µg/m³","2026-06-04T04:00:00Z","2026-06-04T07:00:00+03:00","Europe/Sofia",43.22438900023895,27.915733000170828,,,,"Unknown Governmental Organization","EEA"
8843,"AMS SOU Angel Kanchev-Varna","co",330,"µg/m³","2026-06-04T05:00:00Z","2026-06-04T08:00:00+03:00","Europe/Sofia",43.22438900023895,27.915733000170828,,,,"Unknown Governmental Organization","EEA"
8843,"AMS SOU Angel Kanchev-Varna","co",350,"µg/m³","2026-06-04T06:00:00Z","2026-06-04T09:00:00+03:00","Europe/Sofia",43.22438900023895,27.915733000170828,,,,"Unknown Governmental Organization","EEA"
8843,"AMS SOU Angel Kanchev-Varna","co",270,"µg/m³","2026-06-04T07:00:00Z","2026-06-04T10:00:00+03:00","Europe/Sofia",43.22438900023895,27.915733000170828,,,,"Unknown Governmental Organization","EEA"
8843,"AMS SOU Angel Kanchev-Varna","co",260,"µg/m³","2026-06-04T08:00:00Z","2026-06-04T11:00:00+03:00","Europe/Sofia",43.22438900023895,27.915733000170828,,,,"Unknown Governmental Organization","EEA"
8843,"AMS SOU Angel Kanchev-Varna","co",230,"µg/m³","2026-06-04T09:00:00Z","2026-06-04T12:00:00+03:00","Europe/Sofia",43.22438900023895,27.915733000170828,,,,"Unknown Governmental Organization","EEA"
8843,"AMS SOU Angel Kanchev-Varna","co",210,"µg/m³","2026-06-04T10:00:00Z","2026-06-04T13:00:00+03:00","Europe/Sofia",43.22438900023895,27.915733000170828,,,,"Unknown Governmental Organization","EEA"
8843,"AMS SOU Angel Kanchev-Varna","co",210,"µg/m³","2026-06-04T11:00:00Z","2026-06-04T14:00:00+03:00","Europe/Sofia",43.22438900023895,27.915733000170828,,,,"Unknown Governmental Organization","EEA"
8843,"AMS SOU Angel Kanchev-Varna","co",190,"µg/m³","2026-06-04T13:00:00Z","2026-06-04T16:00:00+03:00","Europe/Sofia",43.22438900023895,27.915733000170828,,,,"Unknown Governmental Organization","EEA"
8843,"AMS SOU Angel Kanchev-Varna","co",190,"µg/m³","2026-06-04T14:00:00Z","2026-06-04T17:00:00+03:00","Europe/Sofia",43.22438900023895,27.915733000170828,,,,"Unknown Governmental Organization","EEA"
8843,"AMS SOU Angel Kanchev-Varna","co",220,"µg/m³","2026-06-04T15:00:00Z","2026-06-04T18:00:00+03:00","Europe/Sofia",43.22438900023895,27.915733000170828,,,,"Unknown Governmental Organization","EEA"
8843,"AMS SOU Angel Kanchev-Varna","co",230,"µg/m³","2026-06-04T16:00:00Z","2026-06-04T19:00:00+03:00","Europe/Sofia",43.22438900023895,27.915733000170828,,,,"Unknown Governmental Organization","EEA"
8843,"AMS SOU Angel Kanchev-Varna","co",210,"µg/m³","2026-06-04T17:00:00Z","2026-06-04T20:00:00+03:00","Europe/Sofia",43.22438900023895,27.915733000170828,,,,"Unknown Governmental Organization","EEA"
8843,"AMS SOU Angel Kanchev-Varna","co",230,"µg/m³","2026-06-04T18:00:00Z","2026-06-04T21:00:00+03:00","Europe/Sofia",43.22438900023895,27.915733000170828,,,,"Unknown Governmental Organization","EEA"
8843,"AMS SOU Angel Kanchev-Varna","co",230,"µg/m³","2026-06-04T19:00:00Z","2026-06-04T22:00:00+03:00","Europe/Sofia",43.22438900023895,27.915733000170828,,,,"Unknown Governmental Organization","EEA"
8843,"AMS SOU Angel Kanchev-Varna","co",250,"µg/m³","2026-06-04T20:00:00Z","2026-06-04T23:00:00+03:00","Europe/Sofia",43.22438900023895,27.915733000170828,,,,"Unknown Governmental Organization","EEA"
8843,"AMS SOU Angel Kanchev-Varna","co",290,"µg/m³","2026-06-04T21:00:00Z","2026-06-05T00:00:00+03:00","Europe/Sofia",43.22438900023895,27.915733000170828,,,,"Unknown Governmental Organization","EEA"
8843,"AMS SOU Angel Kanchev-Varna","co",250,"µg/m³","2026-06-04T22:00:00Z","2026-06-05T01:00:00+03:00","Europe/Sofia",43.22438900023895,27.915733000170828,,,,"Unknown Governmental Organization","EEA"
8843,"AMS SOU Angel Kanchev-Varna","co",250,"µg/m³","2026-06-04T23:00:00Z","2026-06-05T02:00:00+03:00","Europe/Sofia",43.22438900023895,27.915733000170828,,,,"Unknown Governmental Organization","EEA"
8843,"AMS SOU Angel Kanchev-Varna","co",240,"µg/m³","2026-06-05T00:00:00Z","2026-06-05T03:00:00+03:00","Europe/Sofia",43.22438900023895,27.915733000170828,,,,"Unknown Governmental Organization","EEA"
8843,"AMS SOU Angel Kanchev-Varna","co",260,"µg/m³","2026-06-05T02:00:00Z","2026-06-05T05:00:00+03:00","Europe/Sofia",43.22438900023895,27.915733000170828,,,,"Unknown Governmental Organization","EEA"
8843,"AMS SOU Angel Kanchev-Varna","co",270,"µg/m³","2026-06-05T04:00:00Z","2026-06-05T07:00:00+03:00","Europe/Sofia",43.22438900023895,27.915733000170828,,,,"Unknown Governmental Organization","EEA"
8843,"AMS SOU Angel Kanchev-Varna","co",270,"µg/m³","2026-06-05T05:00:00Z","2026-06-05T08:00:00+03:00","Europe/Sofia",43.22438900023895,27.915733000170828,,,,"Unknown Governmental Organization","EEA"
8843,"AMS SOU Angel Kanchev-Varna","co",450,"µg/m³","2026-06-05T06:00:00Z","2026-06-05T09:00:00+03:00","Europe/Sofia",43.22438900023895,27.915733000170828,,,,"Unknown Governmental Organization","EEA"
8843,"AMS SOU Angel Kanchev-Varna","co",410,"µg/m³","2026-06-05T07:00:00Z","2026-06-05T10:00:00+03:00","Europe/Sofia",43.22438900023895,27.915733000170828,,,,"Unknown Governmental Organization","EEA"
8843,"AMS SOU Angel Kanchev-Varna","co",240,"µg/m³","2026-06-05T08:00:00Z","2026-06-05T11:00:00+03:00","Europe/Sofia",43.22438900023895,27.915733000170828,,,,"Unknown Governmental Organization","EEA"
8843,"AMS SOU Angel Kanchev-Varna","co",190,"µg/m³","2026-06-05T09:00:00Z","2026-06-05T12:00:00+03:00","Europe/Sofia",43.22438900023895,27.915733000170828,,,,"Unknown Governmental Organization","EEA"
8843,"AMS SOU Angel Kanchev-Varna","co",210,"µg/m³","2026-06-05T10:00:00Z","2026-06-05T13:00:00+03:00","Europe/Sofia",43.22438900023895,27.915733000170828,,,,"Unknown Governmental Organization","EEA"
8843,"AMS SOU Angel Kanchev-Varna","co",180,"µg/m³","2026-06-05T11:00:00Z","2026-06-05T14:00:00+03:00","Europe/Sofia",43.22438900023895,27.915733000170828,,,,"Unknown Governmental Organization","EEA"
8843,"AMS SOU Angel Kanchev-Varna","co",160,"µg/m³","2026-06-05T14:00:00Z","2026-06-05T17:00:00+03:00","Europe/Sofia",43.22438900023895,27.915733000170828,,,,"Unknown Governmental Organization","EEA"
8843,"AMS SOU Angel Kanchev-Varna","co",170,"µg/m³","2026-06-05T15:00:00Z","2026-06-05T18:00:00+03:00","Europe/Sofia",43.22438900023895,27.915733000170828,,,,"Unknown Governmental Organization","EEA"
8843,"AMS SOU Angel Kanchev-Varna","co",190,"µg/m³","2026-06-05T18:00:00Z","2026-06-05T21:00:00+03:00","Europe/Sofia",43.22438900023895,27.915733000170828,,,,"Unknown Governmental Organization","EEA"
8843,"AMS SOU Angel Kanchev-Varna","co",180,"µg/m³","2026-06-05T19:00:00Z","2026-06-05T22:00:00+03:00","Europe/Sofia",43.22438900023895,27.915733000170828,,,,"Unknown Governmental Organization","EEA"
8843,"AMS SOU Angel Kanchev-Varna","co",180,"µg/m³","2026-06-05T20:00:00Z","2026-06-05T23:00:00+03:00","Europe/Sofia",43.22438900023895,27.915733000170828,,,,"Unknown Governmental Organization","EEA"
8843,"AMS SOU Angel Kanchev-Varna","co",170,"µg/m³","2026-06-05T21:00:00Z","2026-06-06T00:00:00+03:00","Europe/Sofia",43.22438900023895,27.915733000170828,,,,"Unknown Governmental Organization","EEA"
8843,"AMS SOU Angel Kanchev-Varna","co",210,"µg/m³","2026-06-05T22:00:00Z","2026-06-06T01:00:00+03:00","Europe/Sofia",43.22438900023895,27.915733000170828,,,,"Unknown Governmental Organization","EEA"
8843,"AMS SOU Angel Kanchev-Varna","co",210,"µg/m³","2026-06-05T23:00:00Z","2026-06-06T02:00:00+03:00","Europe/Sofia",43.22438900023895,27.915733000170828,,,,"Unknown Governmental Organization","EEA"
8843,"AMS SOU Angel Kanchev-Varna","co",230,"µg/m³","2026-06-06T00:00:00Z","2026-06-06T03:00:00+03:00","Europe/Sofia",43.22438900023895,27.915733000170828,,,,"Unknown Governmental Organization","EEA"
8843,"AMS SOU Angel Kanchev-Varna","co",230,"µg/m³","2026-06-06T01:00:00Z","2026-06-06T04:00:00+03:00","Europe/Sofia",43.22438900023895,27.915733000170828,,,,"Unknown Governmental Organization","EEA"
8843,"AMS SOU Angel Kanchev-Varna","co",220,"µg/m³","2026-06-06T02:00:00Z","2026-06-06T05:00:00+03:00","Europe/Sofia",43.22438900023895,27.915733000170828,,,,"Unknown Governmental Organization","EEA"
8843,"AMS SOU Angel Kanchev-Varna","co",180,"µg/m³","2026-06-06T15:00:00Z","2026-06-06T18:00:00+03:00","Europe/Sofia",43.22438900023895,27.915733000170828,,,,"Unknown Governmental Organization","EEA"
8843,"AMS SOU Angel Kanchev-Varna","co",210,"µg/m³","2026-06-06T16:00:00Z","2026-06-06T19:00:00+03:00","Europe/Sofia",43.22438900023895,27.915733000170828,,,,"Unknown Governmental Organization","EEA"
8843,"AMS SOU Angel Kanchev-Varna","co",190,"µg/m³","2026-06-06T18:00:00Z","2026-06-06T21:00:00+03:00","Europe/Sofia",43.22438900023895,27.915733000170828,,,,"Unknown Governmental Organization","EEA"
8843,"AMS SOU Angel Kanchev-Varna","co",300,"µg/m³","2026-06-06T20:00:00Z","2026-06-06T23:00:00+03:00","Europe/Sofia",43.22438900023895,27.915733000170828,,,,"Unknown Governmental Organization","EEA"
8843,"AMS SOU Angel Kanchev-Varna","co",330,"µg/m³","2026-06-07T03:00:00Z","2026-06-07T06:00:00+03:00","Europe/Sofia",43.22438900023895,27.915733000170828,,,,"Unknown Governmental Organization","EEA"
8843,"AMS SOU Angel Kanchev-Varna","co",250,"µg/m³","2026-06-07T04:00:00Z","2026-06-07T07:00:00+03:00","Europe/Sofia",43.22438900023895,27.915733000170828,,,,"Unknown Governmental Organization","EEA"
8843,"AMS SOU Angel Kanchev-Varna","co",350,"µg/m³","2026-06-07T07:00:00Z","2026-06-07T10:00:00+03:00","Europe/Sofia",43.22438900023895,27.915733000170828,,,,"Unknown Governmental Organization","EEA"
8843,"AMS SOU Angel Kanchev-Varna","co",380,"µg/m³","2026-06-07T09:00:00Z","2026-06-07T12:00:00+03:00","Europe/Sofia",43.22438900023895,27.915733000170828,,,,"Unknown Governmental Organization","EEA"
8843,"AMS SOU Angel Kanchev-Varna","co",140,"µg/m³","2026-06-07T16:00:00Z","2026-06-07T19:00:00+03:00","Europe/Sofia",43.22438900023895,27.915733000170828,,,,"Unknown Governmental Organization","EEA"
8843,"AMS SOU Angel Kanchev-Varna","co",270,"µg/m³","2026-06-08T00:00:00Z","2026-06-08T03:00:00+03:00","Europe/Sofia",43.22438900023895,27.915733000170828,,,,"Unknown Governmental Organization","EEA"
8843,"AMS SOU Angel Kanchev-Varna","co",210,"µg/m³","2026-06-08T02:00:00Z","2026-06-08T05:00:00+03:00","Europe/Sofia",43.22438900023895,27.915733000170828,,,,"Unknown Governmental Organization","EEA"
8843,"AMS SOU Angel Kanchev-Varna","co",230,"µg/m³","2026-06-08T03:00:00Z","2026-06-08T06:00:00+03:00","Europe/Sofia",43.22438900023895,27.915733000170828,,,,"Unknown Governmental Organization","EEA"
8843,"AMS SOU Angel Kanchev-Varna","co",310,"µg/m³","2026-06-08T05:00:00Z","2026-06-08T08:00:00+03:00","Europe/Sofia",43.22438900023895,27.915733000170828,,,,"Unknown Governmental Organization","EEA"
8843,"AMS SOU Angel Kanchev-Varna","co",490,"µg/m³","2026-06-08T07:00:00Z","2026-06-08T10:00:00+03:00","Europe/Sofia",43.22438900023895,27.915733000170828,,,,"Unknown Governmental Organization","EEA"
8843,"AMS SOU Angel Kanchev-Varna","co",70,"µg/m³","2026-06-08T15:00:00Z","2026-06-08T18:00:00+03:00","Europe/Sofia",43.22438900023895,27.915733000170828,,,,"Unknown Governmental Organization","EEA"
8843,"AMS SOU Angel Kanchev-Varna","co",90,"µg/m³","2026-06-08T16:00:00Z","2026-06-08T19:00:00+03:00","Europe/Sofia",43.22438900023895,27.915733000170828,,,,"Unknown Governmental Organization","EEA"
8843,"AMS SOU Angel Kanchev-Varna","co",90,"µg/m³","2026-06-08T17:00:00Z","2026-06-08T20:00:00+03:00","Europe/Sofia",43.22438900023895,27.915733000170828,,,,"Unknown Governmental Organization","EEA"
8843,"AMS SOU Angel Kanchev-Varna","co",100,"µg/m³","2026-06-08T18:00:00Z","2026-06-08T21:00:00+03:00","Europe/Sofia",43.22438900023895,27.915733000170828,,,,"Unknown Governmental Organization","EEA"
8843,"AMS SOU Angel Kanchev-Varna","co",140,"µg/m³","2026-06-08T20:00:00Z","2026-06-08T23:00:00+03:00","Europe/Sofia",43.22438900023895,27.915733000170828,,,,"Unknown Governmental Organization","EEA"
8843,"AMS SOU Angel Kanchev-Varna","co",150,"µg/m³","2026-06-08T21:00:00Z","2026-06-09T00:00:00+03:00","Europe/Sofia",43.22438900023895,27.915733000170828,,,,"Unknown Governmental Organization","EEA"
8843,"AMS SOU Angel Kanchev-Varna","co",210,"µg/m³","2026-06-08T23:00:00Z","2026-06-09T02:00:00+03:00","Europe/Sofia",43.22438900023895,27.915733000170828,,,,"Unknown Governmental Organization","EEA"
8843,"AMS SOU Angel Kanchev-Varna","co",120,"µg/m³","2026-06-09T02:00:00Z","2026-06-09T05:00:00+03:00","Europe/Sofia",43.22438900023895,27.915733000170828,,,,"Unknown Governmental Organization","EEA"
8843,"AMS SOU Angel Kanchev-Varna","co",220,"µg/m³","2026-06-09T05:00:00Z","2026-06-09T08:00:00+03:00","Europe/Sofia",43.22438900023895,27.915733000170828,,,,"Unknown Governmental Organization","EEA"
8843,"AMS SOU Angel Kanchev-Varna","co",450,"µg/m³","2026-06-09T06:00:00Z","2026-06-09T09:00:00+03:00","Europe/Sofia",43.22438900023895,27.915733000170828,,,,"Unknown Governmental Organization","EEA"
8843,"AMS SOU Angel Kanchev-Varna","co",150,"µg/m³","2026-06-09T09:00:00Z","2026-06-09T12:00:00+03:00","Europe/Sofia",43.22438900023895,27.915733000170828,,,,"Unknown Governmental Organization","EEA"
8843,"AMS SOU Angel Kanchev-Varna","co",30,"µg/m³","2026-06-09T11:00:00Z","2026-06-09T14:00:00+03:00","Europe/Sofia",43.22438900023895,27.915733000170828,,,,"Unknown Governmental Organization","EEA"
8843,"AMS SOU Angel Kanchev-Varna","co",30,"µg/m³","2026-06-09T13:00:00Z","2026-06-09T16:00:00+03:00","Europe/Sofia",43.22438900023895,27.915733000170828,,,,"Unknown Governmental Organization","EEA"
8843,"AMS SOU Angel Kanchev-Varna","co",10,"µg/m³","2026-06-09T15:00:00Z","2026-06-09T18:00:00+03:00","Europe/Sofia",43.22438900023895,27.915733000170828,,,,"Unknown Governmental Organization","EEA"
8843,"AMS SOU Angel Kanchev-Varna","co",60,"µg/m³","2026-06-09T17:00:00Z","2026-06-09T20:00:00+03:00","Europe/Sofia",43.22438900023895,27.915733000170828,,,,"Unknown Governmental Organization","EEA"
8843,"AMS SOU Angel Kanchev-Varna","co",150,"µg/m³","2026-06-10T02:00:00Z","2026-06-10T05:00:00+03:00","Europe/Sofia",43.22438900023895,27.915733000170828,,,,"Unknown Governmental Organization","EEA"
8843,"AMS SOU Angel Kanchev-Varna","co",470,"µg/m³","2026-06-10T06:00:00Z","2026-06-10T09:00:00+03:00","Europe/Sofia",43.22438900023895,27.915733000170828,,,,"Unknown Governmental Organization","EEA"
8843,"AMS SOU Angel Kanchev-Varna","co",250,"µg/m³","2026-06-10T07:00:00Z","2026-06-10T10:00:00+03:00","Europe/Sofia",43.22438900023895,27.915733000170828,,,,"Unknown Governmental Organization","EEA"
8843,"AMS SOU Angel Kanchev-Varna","co",20,"µg/m³","2026-06-10T13:00:00Z","2026-06-10T16:00:00+03:00","Europe/Sofia",43.22438900023895,27.915733000170828,,,,"Unknown Governmental Organization","EEA"
8843,"AMS SOU Angel Kanchev-Varna","co",60,"µg/m³","2026-06-10T16:00:00Z","2026-06-10T19:00:00+03:00","Europe/Sofia",43.22438900023895,27.915733000170828,,,,"Unknown Governmental Organization","EEA"
8843,"AMS SOU Angel Kanchev-Varna","co",170,"µg/m³","2026-06-10T20:00:00Z","2026-06-10T23:00:00+03:00","Europe/Sofia",43.22438900023895,27.915733000170828,,,,"Unknown Governmental Organization","EEA"
8843,"AMS SOU Angel Kanchev-Varna","co",190,"µg/m³","2026-06-10T22:00:00Z","2026-06-11T01:00:00+03:00","Europe/Sofia",43.22438900023895,27.915733000170828,,,,"Unknown Governmental Organization","EEA"
8843,"AMS SOU Angel Kanchev-Varna","co",150,"µg/m³","2026-06-11T00:00:00Z","2026-06-11T03:00:00+03:00","Europe/Sofia",43.22438900023895,27.915733000170828,,,,"Unknown Governmental Organization","EEA"
8843,"AMS SOU Angel Kanchev-Varna","co",130,"µg/m³","2026-06-11T09:00:00Z","2026-06-11T12:00:00+03:00","Europe/Sofia",43.22438900023895,27.915733000170828,,,,"Unknown Governmental Organization","EEA"
8843,"AMS SOU Angel Kanchev-Varna","co",110,"µg/m³","2026-06-11T10:00:00Z","2026-06-11T13:00:00+03:00","Europe/Sofia",43.22438900023895,27.915733000170828,,,,"Unknown Governmental Organization","EEA"
8843,"AMS SOU Angel Kanchev-Varna","co",50,"µg/m³","2026-06-11T11:00:00Z","2026-06-11T14:00:00+03:00","Europe/Sofia",43.22438900023895,27.915733000170828,,,,"Unknown Governmental Organization","EEA"
8843,"AMS SOU Angel Kanchev-Varna","co",10,"µg/m³","2026-06-11T12:00:00Z","2026-06-11T15:00:00+03:00","Europe/Sofia",43.22438900023895,27.915733000170828,,,,"Unknown Governmental Organization","EEA"
8843,"AMS SOU Angel Kanchev-Varna","co",10,"µg/m³","2026-06-11T13:00:00Z","2026-06-11T16:00:00+03:00","Europe/Sofia",43.22438900023895,27.915733000170828,,,,"Unknown Governmental Organization","EEA"
8843,"AMS SOU Angel Kanchev-Varna","co",60,"µg/m³","2026-06-11T14:00:00Z","2026-06-11T17:00:00+03:00","Europe/Sofia",43.22438900023895,27.915733000170828,,,,"Unknown Governmental Organization","EEA"
8843,"AMS SOU Angel Kanchev-Varna","co",10,"µg/m³","2026-06-11T15:00:00Z","2026-06-11T18:00:00+03:00","Europe/Sofia",43.22438900023895,27.915733000170828,,,,"Unknown Governmental Organization","EEA"
8843,"AMS SOU Angel Kanchev-Varna","co",30,"µg/m³","2026-06-11T16:00:00Z","2026-06-11T19:00:00+03:00","Europe/Sofia",43.22438900023895,27.915733000170828,,,,"Unknown Governmental Organization","EEA"
8843,"AMS SOU Angel Kanchev-Varna","co",80,"µg/m³","2026-06-11T17:00:00Z","2026-06-11T20:00:00+03:00","Europe/Sofia",43.22438900023895,27.915733000170828,,,,"Unknown Governmental Organization","EEA"
8843,"AMS SOU Angel Kanchev-Varna","co",40,"µg/m³","2026-06-11T18:00:00Z","2026-06-11T21:00:00+03:00","Europe/Sofia",43.22438900023895,27.915733000170828,,,,"Unknown Governmental Organization","EEA"
8843,"AMS SOU Angel Kanchev-Varna","co",80,"µg/m³","2026-06-11T19:00:00Z","2026-06-11T22:00:00+03:00","Europe/Sofia",43.22438900023895,27.915733000170828,,,,"Unknown Governmental Organization","EEA"
8843,"AMS SOU Angel Kanchev-Varna","co",90,"µg/m³","2026-06-11T20:00:00Z","2026-06-11T23:00:00+03:00","Europe/Sofia",43.22438900023895,27.915733000170828,,,,"Unknown Governmental Organization","EEA"
8843,"AMS SOU Angel Kanchev-Varna","co",90,"µg/m³","2026-06-11T21:00:00Z","2026-06-12T00:00:00+03:00","Europe/Sofia",43.22438900023895,27.915733000170828,,,,"Unknown Governmental Organization","EEA"
8843,"AMS SOU Angel Kanchev-Varna","co",130,"µg/m³","2026-06-11T22:00:00Z","2026-06-12T01:00:00+03:00","Europe/Sofia",43.22438900023895,27.915733000170828,,,,"Unknown Governmental Organization","EEA"
8843,"AMS SOU Angel Kanchev-Varna","co",150,"µg/m³","2026-06-11T23:00:00Z","2026-06-12T02:00:00+03:00","Europe/Sofia",43.22438900023895,27.915733000170828,,,,"Unknown Governmental Organization","EEA"
8843,"AMS SOU Angel Kanchev-Varna","co",120,"µg/m³","2026-06-12T00:00:00Z","2026-06-12T03:00:00+03:00","Europe/Sofia",43.22438900023895,27.915733000170828,,,,"Unknown Governmental Organization","EEA"
8843,"AMS SOU Angel Kanchev-Varna","co",100,"µg/m³","2026-06-12T01:00:00Z","2026-06-12T04:00:00+03:00","Europe/Sofia",43.22438900023895,27.915733000170828,,,,"Unknown Governmental Organization","EEA"
8843,"AMS SOU Angel Kanchev-Varna","co",90,"µg/m³","2026-06-12T02:00:00Z","2026-06-12T05:00:00+03:00","Europe/Sofia",43.22438900023895,27.915733000170828,,,,"Unknown Governmental Organization","EEA"
8843,"AMS SOU Angel Kanchev-Varna","co",100,"µg/m³","2026-06-12T03:00:00Z","2026-06-12T06:00:00+03:00","Europe/Sofia",43.22438900023895,27.915733000170828,,,,"Unknown Governmental Organization","EEA"
8843,"AMS SOU Angel Kanchev-Varna","co",130,"µg/m³","2026-06-12T04:00:00Z","2026-06-12T07:00:00+03:00","Europe/Sofia",43.22438900023895,27.915733000170828,,,,"Unknown Governmental Organization","EEA"
8843,"AMS SOU Angel Kanchev-Varna","co",180,"µg/m³","2026-06-12T05:00:00Z","2026-06-12T08:00:00+03:00","Europe/Sofia",43.22438900023895,27.915733000170828,,,,"Unknown Governmental Organization","EEA"
8843,"AMS SOU Angel Kanchev-Varna","co",210,"µg/m³","2026-06-12T06:00:00Z","2026-06-12T09:00:00+03:00","Europe/Sofia",43.22438900023895,27.915733000170828,,,,"Unknown Governmental Organization","EEA"
8843,"AMS SOU Angel Kanchev-Varna","co",180,"µg/m³","2026-06-12T07:00:00Z","2026-06-12T10:00:00+03:00","Europe/Sofia",43.22438900023895,27.915733000170828,,,,"Unknown Governmental Organization","EEA"
8843,"AMS SOU Angel Kanchev-Varna","co",150,"µg/m³","2026-06-12T08:00:00Z","2026-06-12T11:00:00+03:00","Europe/Sofia",43.22438900023895,27.915733000170828,,,,"Unknown Governmental Organization","EEA"
8843,"AMS SOU Angel Kanchev-Varna","co",130,"µg/m³","2026-06-12T09:00:00Z","2026-06-12T12:00:00+03:00","Europe/Sofia",43.22438900023895,27.915733000170828,,,,"Unknown Governmental Organization","EEA"
8843,"AMS SOU Angel Kanchev-Varna","co",50,"µg/m³","2026-06-12T10:00:00Z","2026-06-12T13:00:00+03:00","Europe/Sofia",43.22438900023895,27.915733000170828,,,,"Unknown Governmental Organization","EEA"
8843,"AMS SOU Angel Kanchev-Varna","co",10,"µg/m³","2026-06-12T11:00:00Z","2026-06-12T14:00:00+03:00","Europe/Sofia",43.22438900023895,27.915733000170828,,,,"Unknown Governmental Organization","EEA"
8843,"AMS SOU Angel Kanchev-Varna","co",60,"µg/m³","2026-06-12T12:00:00Z","2026-06-12T15:00:00+03:00","Europe/Sofia",43.22438900023895,27.915733000170828,,,,"Unknown Governmental Organization","EEA"
8843,"AMS SOU Angel Kanchev-Varna","co",90,"µg/m³","2026-06-12T13:00:00Z","2026-06-12T16:00:00+03:00","Europe/Sofia",43.22438900023895,27.915733000170828,,,,"Unknown Governmental Organization","EEA"
8843,"AMS SOU Angel Kanchev-Varna","co",30,"µg/m³","2026-06-12T15:00:00Z","2026-06-12T18:00:00+03:00","Europe/Sofia",43.22438900023895,27.915733000170828,,,,"Unknown Governmental Organization","EEA"
8843,"AMS SOU Angel Kanchev-Varna","co",60,"µg/m³","2026-06-12T16:00:00Z","2026-06-12T19:00:00+03:00","Europe/Sofia",43.22438900023895,27.915733000170828,,,,"Unknown Governmental Organization","EEA"
8843,"AMS SOU Angel Kanchev-Varna","co",150,"µg/m³","2026-06-12T18:00:00Z","2026-06-12T21:00:00+03:00","Europe/Sofia",43.22438900023895,27.915733000170828,,,,"Unknown Governmental Organization","EEA"
8843,"AMS SOU Angel Kanchev-Varna","co",150,"µg/m³","2026-06-13T06:00:00Z","2026-06-13T09:00:00+03:00","Europe/Sofia",43.22438900023895,27.915733000170828,,,,"Unknown Governmental Organization","EEA"
8843,"AMS SOU Angel Kanchev-Varna","co",130,"µg/m³","2026-06-13T10:00:00Z","2026-06-13T13:00:00+03:00","Europe/Sofia",43.22438900023895,27.915733000170828,,,,"Unknown Governmental Organization","EEA"
8843,"AMS SOU Angel Kanchev-Varna","co",170,"µg/m³","2026-06-13T11:00:00Z","2026-06-13T14:00:00+03:00","Europe/Sofia",43.22438900023895,27.915733000170828,,,,"Unknown Governmental Organization","EEA"
8843,"AMS SOU Angel Kanchev-Varna","co",90,"µg/m³","2026-06-13T13:00:00Z","2026-06-13T16:00:00+03:00","Europe/Sofia",43.22438900023895,27.915733000170828,,,,"Unknown Governmental Organization","EEA"
8843,"AMS SOU Angel Kanchev-Varna","co",110,"µg/m³","2026-06-13T14:00:00Z","2026-06-13T17:00:00+03:00","Europe/Sofia",43.22438900023895,27.915733000170828,,,,"Unknown Governmental Organization","EEA"
8843,"AMS SOU Angel Kanchev-Varna","co",160,"µg/m³","2026-06-13T15:00:00Z","2026-06-13T18:00:00+03:00","Europe/Sofia",43.22438900023895,27.915733000170828,,,,"Unknown Governmental Organization","EEA"
8843,"AMS SOU Angel Kanchev-Varna","co",180,"µg/m³","2026-06-13T16:00:00Z","2026-06-13T19:00:00+03:00","Europe/Sofia",43.22438900023895,27.915733000170828,,,,"Unknown Governmental Organization","EEA"
8843,"AMS SOU Angel Kanchev-Varna","co",110,"µg/m³","2026-06-13T17:00:00Z","2026-06-13T20:00:00+03:00","Europe/Sofia",43.22438900023895,27.915733000170828,,,,"Unknown Governmental Organization","EEA"
8843,"AMS SOU Angel Kanchev-Varna","co",110,"µg/m³","2026-06-13T18:00:00Z","2026-06-13T21:00:00+03:00","Europe/Sofia",43.22438900023895,27.915733000170828,,,,"Unknown Governmental Organization","EEA"
8843,"AMS SOU Angel Kanchev-Varna","co",280,"µg/m³","2026-06-13T19:00:00Z","2026-06-13T22:00:00+03:00","Europe/Sofia",43.22438900023895,27.915733000170828,,,,"Unknown Governmental Organization","EEA"
8843,"AMS SOU Angel Kanchev-Varna","co",280,"µg/m³","2026-06-13T20:00:00Z","2026-06-13T23:00:00+03:00","Europe/Sofia",43.22438900023895,27.915733000170828,,,,"Unknown Governmental Organization","EEA"
8843,"AMS SOU Angel Kanchev-Varna","co",240,"µg/m³","2026-06-13T21:00:00Z","2026-06-14T00:00:00+03:00","Europe/Sofia",43.22438900023895,27.915733000170828,,,,"Unknown Governmental Organization","EEA"
8843,"AMS SOU Angel Kanchev-Varna","co",290,"µg/m³","2026-06-13T22:00:00Z","2026-06-14T01:00:00+03:00","Europe/Sofia",43.22438900023895,27.915733000170828,,,,"Unknown Governmental Organization","EEA"
8843,"AMS SOU Angel Kanchev-Varna","co",350,"µg/m³","2026-06-13T23:00:00Z","2026-06-14T02:00:00+03:00","Europe/Sofia",43.22438900023895,27.915733000170828,,,,"Unknown Governmental Organization","EEA"
8843,"AMS SOU Angel Kanchev-Varna","co",330,"µg/m³","2026-06-14T00:00:00Z","2026-06-14T03:00:00+03:00","Europe/Sofia",43.22438900023895,27.915733000170828,,,,"Unknown Governmental Organization","EEA"
8843,"AMS SOU Angel Kanchev-Varna","co",290,"µg/m³","2026-06-14T01:00:00Z","2026-06-14T04:00:00+03:00","Europe/Sofia",43.22438900023895,27.915733000170828,,,,"Unknown Governmental Organization","EEA"
8843,"AMS SOU Angel Kanchev-Varna","co",450,"µg/m³","2026-06-14T02:00:00Z","2026-06-14T05:00:00+03:00","Europe/Sofia",43.22438900023895,27.915733000170828,,,,"Unknown Governmental Organization","EEA"
8843,"AMS SOU Angel Kanchev-Varna","co",530,"µg/m³","2026-06-14T03:00:00Z","2026-06-14T06:00:00+03:00","Europe/Sofia",43.22438900023895,27.915733000170828,,,,"Unknown Governmental Organization","EEA"
8843,"AMS SOU Angel Kanchev-Varna","co",290,"µg/m³","2026-06-14T04:00:00Z","2026-06-14T07:00:00+03:00","Europe/Sofia",43.22438900023895,27.915733000170828,,,,"Unknown Governmental Organization","EEA"
8843,"AMS SOU Angel Kanchev-Varna","co",240,"µg/m³","2026-06-14T05:00:00Z","2026-06-14T08:00:00+03:00","Europe/Sofia",43.22438900023895,27.915733000170828,,,,"Unknown Governmental Organization","EEA"
8843,"AMS SOU Angel Kanchev-Varna","co",260,"µg/m³","2026-06-14T06:00:00Z","2026-06-14T09:00:00+03:00","Europe/Sofia",43.22438900023895,27.915733000170828,,,,"Unknown Governmental Organization","EEA"
8843,"AMS SOU Angel Kanchev-Varna","co",230,"µg/m³","2026-06-14T07:00:00Z","2026-06-14T10:00:00+03:00","Europe/Sofia",43.22438900023895,27.915733000170828,,,,"Unknown Governmental Organization","EEA"
8843,"AMS SOU Angel Kanchev-Varna","co",190,"µg/m³","2026-06-14T09:00:00Z","2026-06-14T12:00:00+03:00","Europe/Sofia",43.22438900023895,27.915733000170828,,,,"Unknown Governmental Organization","EEA"
8843,"AMS SOU Angel Kanchev-Varna","co",160,"µg/m³","2026-06-14T10:00:00Z","2026-06-14T13:00:00+03:00","Europe/Sofia",43.22438900023895,27.915733000170828,,,,"Unknown Governmental Organization","EEA"
8843,"AMS SOU Angel Kanchev-Varna","co",150,"µg/m³","2026-06-14T11:00:00Z","2026-06-14T14:00:00+03:00","Europe/Sofia",43.22438900023895,27.915733000170828,,,,"Unknown Governmental Organization","EEA"
8843,"AMS SOU Angel Kanchev-Varna","co",120,"µg/m³","2026-06-14T12:00:00Z","2026-06-14T15:00:00+03:00","Europe/Sofia",43.22438900023895,27.915733000170828,,,,"Unknown Governmental Organization","EEA"
8843,"AMS SOU Angel Kanchev-Varna","co",90,"µg/m³","2026-06-14T13:00:00Z","2026-06-14T16:00:00+03:00","Europe/Sofia",43.22438900023895,27.915733000170828,,,,"Unknown Governmental Organization","EEA"
8843,"AMS SOU Angel Kanchev-Varna","co",130,"µg/m³","2026-06-14T14:00:00Z","2026-06-14T17:00:00+03:00","Europe/Sofia",43.22438900023895,27.915733000170828,,,,"Unknown Governmental Organization","EEA"
8843,"AMS SOU Angel Kanchev-Varna","co",120,"µg/m³","2026-06-14T15:00:00Z","2026-06-14T18:00:00+03:00","Europe/Sofia",43.22438900023895,27.915733000170828,,,,"Unknown Governmental Organization","EEA"
8843,"AMS SOU Angel Kanchev-Varna","co",100,"µg/m³","2026-06-14T16:00:00Z","2026-06-14T19:00:00+03:00","Europe/Sofia",43.22438900023895,27.915733000170828,,,,"Unknown Governmental Organization","EEA"
8843,"AMS SOU Angel Kanchev-Varna","co",130,"µg/m³","2026-06-14T17:00:00Z","2026-06-14T20:00:00+03:00","Europe/Sofia",43.22438900023895,27.915733000170828,,,,"Unknown Governmental Organization","EEA"
8843,"AMS SOU Angel Kanchev-Varna","co",150,"µg/m³","2026-06-14T18:00:00Z","2026-06-14T21:00:00+03:00","Europe/Sofia",43.22438900023895,27.915733000170828,,,,"Unknown Governmental Organization","EEA"
8843,"AMS SOU Angel Kanchev-Varna","co",170,"µg/m³","2026-06-14T19:00:00Z","2026-06-14T22:00:00+03:00","Europe/Sofia",43.22438900023895,27.915733000170828,,,,"Unknown Governmental Organization","EEA"
8843,"AMS SOU Angel Kanchev-Varna","co",270,"µg/m³","2026-06-14T20:00:00Z","2026-06-14T23:00:00+03:00","Europe/Sofia",43.22438900023895,27.915733000170828,,,,"Unknown Governmental Organization","EEA"
8843,"AMS SOU Angel Kanchev-Varna","co",290,"µg/m³","2026-06-14T21:00:00Z","2026-06-15T00:00:00+03:00","Europe/Sofia",43.22438900023895,27.915733000170828,,,,"Unknown Governmental Organization","EEA"
8843,"AMS SOU Angel Kanchev-Varna","co",250,"µg/m³","2026-06-14T22:00:00Z","2026-06-15T01:00:00+03:00","Europe/Sofia",43.22438900023895,27.915733000170828,,,,"Unknown Governmental Organization","EEA"
8843,"AMS SOU Angel Kanchev-Varna","co",220,"µg/m³","2026-06-14T23:00:00Z","2026-06-15T02:00:00+03:00","Europe/Sofia",43.22438900023895,27.915733000170828,,,,"Unknown Governmental Organization","EEA"
8843,"AMS SOU Angel Kanchev-Varna","co",190,"µg/m³","2026-06-15T00:00:00Z","2026-06-15T03:00:00+03:00","Europe/Sofia",43.22438900023895,27.915733000170828,,,,"Unknown Governmental Organization","EEA"
8843,"AMS SOU Angel Kanchev-Varna","co",230,"µg/m³","2026-06-15T01:00:00Z","2026-06-15T04:00:00+03:00","Europe/Sofia",43.22438900023895,27.915733000170828,,,,"Unknown Governmental Organization","EEA"
8843,"AMS SOU Angel Kanchev-Varna","co",230,"µg/m³","2026-06-15T02:00:00Z","2026-06-15T05:00:00+03:00","Europe/Sofia",43.22438900023895,27.915733000170828,,,,"Unknown Governmental Organization","EEA"
8843,"AMS SOU Angel Kanchev-Varna","co",210,"µg/m³","2026-06-15T03:00:00Z","2026-06-15T06:00:00+03:00","Europe/Sofia",43.22438900023895,27.915733000170828,,,,"Unknown Governmental Organization","EEA"
8843,"AMS SOU Angel Kanchev-Varna","co",220,"µg/m³","2026-06-15T04:00:00Z","2026-06-15T07:00:00+03:00","Europe/Sofia",43.22438900023895,27.915733000170828,,,,"Unknown Governmental Organization","EEA"
8843,"AMS SOU Angel Kanchev-Varna","co",650,"µg/m³","2026-06-15T07:00:00Z","2026-06-15T10:00:00+03:00","Europe/Sofia",43.22438900023895,27.915733000170828,,,,"Unknown Governmental Organization","EEA"
8843,"AMS SOU Angel Kanchev-Varna","co",590,"µg/m³","2026-06-15T08:00:00Z","2026-06-15T11:00:00+03:00","Europe/Sofia",43.22438900023895,27.915733000170828,,,,"Unknown Governmental Organization","EEA"
8843,"AMS SOU Angel Kanchev-Varna","co",240,"µg/m³","2026-06-15T09:00:00Z","2026-06-15T12:00:00+03:00","Europe/Sofia",43.22438900023895,27.915733000170828,,,,"Unknown Governmental Organization","EEA"
8843,"AMS SOU Angel Kanchev-Varna","co",130,"µg/m³","2026-06-15T11:00:00Z","2026-06-15T14:00:00+03:00","Europe/Sofia",43.22438900023895,27.915733000170828,,,,"Unknown Governmental Organization","EEA"
8843,"AMS SOU Angel Kanchev-Varna","co",140,"µg/m³","2026-06-15T12:00:00Z","2026-06-15T15:00:00+03:00","Europe/Sofia",43.22438900023895,27.915733000170828,,,,"Unknown Governmental Organization","EEA"
8843,"AMS SOU Angel Kanchev-Varna","co",110,"µg/m³","2026-06-15T13:00:00Z","2026-06-15T16:00:00+03:00","Europe/Sofia",43.22438900023895,27.915733000170828,,,,"Unknown Governmental Organization","EEA"
8843,"AMS SOU Angel Kanchev-Varna","co",70,"µg/m³","2026-06-15T14:00:00Z","2026-06-15T17:00:00+03:00","Europe/Sofia",43.22438900023895,27.915733000170828,,,,"Unknown Governmental Organization","EEA"
8843,"AMS SOU Angel Kanchev-Varna","co",40,"µg/m³","2026-06-15T15:00:00Z","2026-06-15T18:00:00+03:00","Europe/Sofia",43.22438900023895,27.915733000170828,,,,"Unknown Governmental Organization","EEA"
8843,"AMS SOU Angel Kanchev-Varna","co",120,"µg/m³","2026-06-15T16:00:00Z","2026-06-15T19:00:00+03:00","Europe/Sofia",43.22438900023895,27.915733000170828,,,,"Unknown Governmental Organization","EEA"
8843,"AMS SOU Angel Kanchev-Varna","co",90,"µg/m³","2026-06-15T17:00:00Z","2026-06-15T20:00:00+03:00","Europe/Sofia",43.22438900023895,27.915733000170828,,,,"Unknown Governmental Organization","EEA"
8843,"AMS SOU Angel Kanchev-Varna","co",90,"µg/m³","2026-06-15T18:00:00Z","2026-06-15T21:00:00+03:00","Europe/Sofia",43.22438900023895,27.915733000170828,,,,"Unknown Governmental Organization","EEA"
8843,"AMS SOU Angel Kanchev-Varna","co",140,"µg/m³","2026-06-15T19:00:00Z","2026-06-15T22:00:00+03:00","Europe/Sofia",43.22438900023895,27.915733000170828,,,,"Unknown Governmental Organization","EEA"
8843,"AMS SOU Angel Kanchev-Varna","co",-1000,"µg/m³","2026-06-15T20:00:00Z","2026-06-15T23:00:00+03:00","Europe/Sofia",43.22438900023895,27.915733000170828,,,,"Unknown Governmental Organization","EEA"
8843,"AMS SOU Angel Kanchev-Varna","co",-1000,"µg/m³","2026-06-15T21:00:00Z","2026-06-16T00:00:00+03:00","Europe/Sofia",43.22438900023895,27.915733000170828,,,,"Unknown Governmental Organization","EEA"
8843,"AMS SOU Angel Kanchev-Varna","co",-1000,"µg/m³","2026-06-15T22:00:00Z","2026-06-16T01:00:00+03:00","Europe/Sofia",43.22438900023895,27.915733000170828,,,,"Unknown Governmental Organization","EEA"
8843,"AMS SOU Angel Kanchev-Varna","co",-1000,"µg/m³","2026-06-15T23:00:00Z","2026-06-16T02:00:00+03:00","Europe/Sofia",43.22438900023895,27.915733000170828,,,,"Unknown Governmental Organization","EEA"
8843,"AMS SOU Angel Kanchev-Varna","co",-1000,"µg/m³","2026-06-16T00:00:00Z","2026-06-16T03:00:00+03:00","Europe/Sofia",43.22438900023895,27.915733000170828,,,,"Unknown Governmental Organization","EEA"
8843,"AMS SOU Angel Kanchev-Varna","co",-1000,"µg/m³","2026-06-16T01:00:00Z","2026-06-16T04:00:00+03:00","Europe/Sofia",43.22438900023895,27.915733000170828,,,,"Unknown Governmental Organization","EEA"
8843,"AMS SOU Angel Kanchev-Varna","co",-1000,"µg/m³","2026-06-16T02:00:00Z","2026-06-16T05:00:00+03:00","Europe/Sofia",43.22438900023895,27.915733000170828,,,,"Unknown Governmental Organization","EEA"
8843,"AMS SOU Angel Kanchev-Varna","co",-1000,"µg/m³","2026-06-16T03:00:00Z","2026-06-16T06:00:00+03:00","Europe/Sofia",43.22438900023895,27.915733000170828,,,,"Unknown Governmental Organization","EEA"
8843,"AMS SOU Angel Kanchev-Varna","co",-1000,"µg/m³","2026-06-16T04:00:00Z","2026-06-16T07:00:00+03:00","Europe/Sofia",43.22438900023895,27.915733000170828,,,,"Unknown Governmental Organization","EEA"
8843,"AMS SOU Angel Kanchev-Varna","co",-1000,"µg/m³","2026-06-16T05:00:00Z","2026-06-16T08:00:00+03:00","Europe/Sofia",43.22438900023895,27.915733000170828,,,,"Unknown Governmental Organization","EEA"
8843,"AMS SOU Angel Kanchev-Varna","co",270,"µg/m³","2026-06-16T06:00:00Z","2026-06-16T09:00:00+03:00","Europe/Sofia",43.22438900023895,27.915733000170828,,,,"Unknown Governmental Organization","EEA"
8843,"AMS SOU Angel Kanchev-Varna","co",240,"µg/m³","2026-06-16T07:00:00Z","2026-06-16T10:00:00+03:00","Europe/Sofia",43.22438900023895,27.915733000170828,,,,"Unknown Governmental Organization","EEA"
8843,"AMS SOU Angel Kanchev-Varna","co",240,"µg/m³","2026-06-16T08:00:00Z","2026-06-16T11:00:00+03:00","Europe/Sofia",43.22438900023895,27.915733000170828,,,,"Unknown Governmental Organization","EEA"
8843,"AMS SOU Angel Kanchev-Varna","co",-1000,"µg/m³","2026-06-16T09:00:00Z","2026-06-16T12:00:00+03:00","Europe/Sofia",43.22438900023895,27.915733000170828,,,,"Unknown Governmental Organization","EEA"
8843,"AMS SOU Angel Kanchev-Varna","co",130,"µg/m³","2026-06-16T10:00:00Z","2026-06-16T13:00:00+03:00","Europe/Sofia",43.22438900023895,27.915733000170828,,,,"Unknown Governmental Organization","EEA"
8843,"AMS SOU Angel Kanchev-Varna","co",110,"µg/m³","2026-06-16T11:00:00Z","2026-06-16T14:00:00+03:00","Europe/Sofia",43.22438900023895,27.915733000170828,,,,"Unknown Governmental Organization","EEA"
8843,"AMS SOU Angel Kanchev-Varna","co",110,"µg/m³","2026-06-16T12:00:00Z","2026-06-16T15:00:00+03:00","Europe/Sofia",43.22438900023895,27.915733000170828,,,,"Unknown Governmental Organization","EEA"
8843,"AMS SOU Angel Kanchev-Varna","co",40,"µg/m³","2026-06-16T13:00:00Z","2026-06-16T16:00:00+03:00","Europe/Sofia",43.22438900023895,27.915733000170828,,,,"Unknown Governmental Organization","EEA"
8843,"AMS SOU Angel Kanchev-Varna","co",90,"µg/m³","2026-06-16T14:00:00Z","2026-06-16T17:00:00+03:00","Europe/Sofia",43.22438900023895,27.915733000170828,,,,"Unknown Governmental Organization","EEA"
8843,"AMS SOU Angel Kanchev-Varna","co",70,"µg/m³","2026-06-16T15:00:00Z","2026-06-16T18:00:00+03:00","Europe/Sofia",43.22438900023895,27.915733000170828,,,,"Unknown Governmental Organization","EEA"
8843,"AMS SOU Angel Kanchev-Varna","co",100,"µg/m³","2026-06-16T16:00:00Z","2026-06-16T19:00:00+03:00","Europe/Sofia",43.22438900023895,27.915733000170828,,,,"Unknown Governmental Organization","EEA"
8843,"AMS SOU Angel Kanchev-Varna","co",40,"µg/m³","2026-06-16T17:00:00Z","2026-06-16T20:00:00+03:00","Europe/Sofia",43.22438900023895,27.915733000170828,,,,"Unknown Governmental Organization","EEA"
8843,"AMS SOU Angel Kanchev-Varna","co",70,"µg/m³","2026-06-16T18:00:00Z","2026-06-16T21:00:00+03:00","Europe/Sofia",43.22438900023895,27.915733000170828,,,,"Unknown Governmental Organization","EEA"
8843,"AMS SOU Angel Kanchev-Varna","co",120,"µg/m³","2026-06-16T19:00:00Z","2026-06-16T22:00:00+03:00","Europe/Sofia",43.22438900023895,27.915733000170828,,,,"Unknown Governmental Organization","EEA"
8843,"AMS SOU Angel Kanchev-Varna","co",150,"µg/m³","2026-06-16T20:00:00Z","2026-06-16T23:00:00+03:00","Europe/Sofia",43.22438900023895,27.915733000170828,,,,"Unknown Governmental Organization","EEA"
8843,"AMS SOU Angel Kanchev-Varna","co",160,"µg/m³","2026-06-16T21:00:00Z","2026-06-17T00:00:00+03:00","Europe/Sofia",43.22438900023895,27.915733000170828,,,,"Unknown Governmental Organization","EEA"
8843,"AMS SOU Angel Kanchev-Varna","co",170,"µg/m³","2026-06-16T22:00:00Z","2026-06-17T01:00:00+03:00","Europe/Sofia",43.22438900023895,27.915733000170828,,,,"Unknown Governmental Organization","EEA"
8843,"AMS SOU Angel Kanchev-Varna","co",210,"µg/m³","2026-06-16T23:00:00Z","2026-06-17T02:00:00+03:00","Europe/Sofia",43.22438900023895,27.915733000170828,,,,"Unknown Governmental Organization","EEA"
8843,"AMS SOU Angel Kanchev-Varna","co",180,"µg/m³","2026-06-17T00:00:00Z","2026-06-17T03:00:00+03:00","Europe/Sofia",43.22438900023895,27.915733000170828,,,,"Unknown Governmental Organization","EEA"
8843,"AMS SOU Angel Kanchev-Varna","co",180,"µg/m³","2026-06-17T01:00:00Z","2026-06-17T04:00:00+03:00","Europe/Sofia",43.22438900023895,27.915733000170828,,,,"Unknown Governmental Organization","EEA"
8843,"AMS SOU Angel Kanchev-Varna","co",150,"µg/m³","2026-06-17T02:00:00Z","2026-06-17T05:00:00+03:00","Europe/Sofia",43.22438900023895,27.915733000170828,,,,"Unknown Governmental Organization","EEA"
8843,"AMS SOU Angel Kanchev-Varna","co",140,"µg/m³","2026-06-17T03:00:00Z","2026-06-17T06:00:00+03:00","Europe/Sofia",43.22438900023895,27.915733000170828,,,,"Unknown Governmental Organization","EEA"
8843,"AMS SOU Angel Kanchev-Varna","co",150,"µg/m³","2026-06-17T04:00:00Z","2026-06-17T07:00:00+03:00","Europe/Sofia",43.22438900023895,27.915733000170828,,,,"Unknown Governmental Organization","EEA"
8843,"AMS SOU Angel Kanchev-Varna","co",250,"µg/m³","2026-06-17T05:00:00Z","2026-06-17T08:00:00+03:00","Europe/Sofia",43.22438900023895,27.915733000170828,,,,"Unknown Governmental Organization","EEA"
8843,"AMS SOU Angel Kanchev-Varna","co",450,"µg/m³","2026-06-17T06:00:00Z","2026-06-17T09:00:00+03:00","Europe/Sofia",43.22438900023895,27.915733000170828,,,,"Unknown Governmental Organization","EEA"
8843,"AMS SOU Angel Kanchev-Varna","co",400,"µg/m³","2026-06-17T07:00:00Z","2026-06-17T10:00:00+03:00","Europe/Sofia",43.22438900023895,27.915733000170828,,,,"Unknown Governmental Organization","EEA"
8843,"AMS SOU Angel Kanchev-Varna","co",250,"µg/m³","2026-06-17T08:00:00Z","2026-06-17T11:00:00+03:00","Europe/Sofia",43.22438900023895,27.915733000170828,,,,"Unknown Governmental Organization","EEA"
8843,"AMS SOU Angel Kanchev-Varna","co",150,"µg/m³","2026-06-17T09:00:00Z","2026-06-17T12:00:00+03:00","Europe/Sofia",43.22438900023895,27.915733000170828,,,,"Unknown Governmental Organization","EEA"
8843,"AMS SOU Angel Kanchev-Varna","co",110,"µg/m³","2026-06-17T10:00:00Z","2026-06-17T13:00:00+03:00","Europe/Sofia",43.22438900023895,27.915733000170828,,,,"Unknown Governmental Organization","EEA"
8843,"AMS SOU Angel Kanchev-Varna","co",30,"µg/m³","2026-06-17T12:00:00Z","2026-06-17T15:00:00+03:00","Europe/Sofia",43.22438900023895,27.915733000170828,,,,"Unknown Governmental Organization","EEA"
8843,"AMS SOU Angel Kanchev-Varna","co",80,"µg/m³","2026-06-17T13:00:00Z","2026-06-17T16:00:00+03:00","Europe/Sofia",43.22438900023895,27.915733000170828,,,,"Unknown Governmental Organization","EEA"
8843,"AMS SOU Angel Kanchev-Varna","co",50,"µg/m³","2026-06-17T14:00:00Z","2026-06-17T17:00:00+03:00","Europe/Sofia",43.22438900023895,27.915733000170828,,,,"Unknown Governmental Organization","EEA"
8843,"AMS SOU Angel Kanchev-Varna","co",130,"µg/m³","2026-06-17T19:00:00Z","2026-06-17T22:00:00+03:00","Europe/Sofia",43.22438900023895,27.915733000170828,,,,"Unknown Governmental Organization","EEA"
8843,"AMS SOU Angel Kanchev-Varna","co",190,"µg/m³","2026-06-17T20:00:00Z","2026-06-17T23:00:00+03:00","Europe/Sofia",43.22438900023895,27.915733000170828,,,,"Unknown Governmental Organization","EEA"
8843,"AMS SOU Angel Kanchev-Varna","co",280,"µg/m³","2026-06-17T21:00:00Z","2026-06-18T00:00:00+03:00","Europe/Sofia",43.22438900023895,27.915733000170828,,,,"Unknown Governmental Organization","EEA"
8843,"AMS SOU Angel Kanchev-Varna","co",280,"µg/m³","2026-06-17T22:00:00Z","2026-06-18T01:00:00+03:00","Europe/Sofia",43.22438900023895,27.915733000170828,,,,"Unknown Governmental Organization","EEA"
8843,"AMS SOU Angel Kanchev-Varna","co",240,"µg/m³","2026-06-17T23:00:00Z","2026-06-18T02:00:00+03:00","Europe/Sofia",43.22438900023895,27.915733000170828,,,,"Unknown Governmental Organization","EEA"
8843,"AMS SOU Angel Kanchev-Varna","co",240,"µg/m³","2026-06-18T00:00:00Z","2026-06-18T03:00:00+03:00","Europe/Sofia",43.22438900023895,27.915733000170828,,,,"Unknown Governmental Organization","EEA"
8843,"AMS SOU Angel Kanchev-Varna","co",160,"µg/m³","2026-06-18T01:00:00Z","2026-06-18T04:00:00+03:00","Europe/Sofia",43.22438900023895,27.915733000170828,,,,"Unknown Governmental Organization","EEA"
8843,"AMS SOU Angel Kanchev-Varna","co",180,"µg/m³","2026-06-18T02:00:00Z","2026-06-18T05:00:00+03:00","Europe/Sofia",43.22438900023895,27.915733000170828,,,,"Unknown Governmental Organization","EEA"
8843,"AMS SOU Angel Kanchev-Varna","co",180,"µg/m³","2026-06-18T03:00:00Z","2026-06-18T06:00:00+03:00","Europe/Sofia",43.22438900023895,27.915733000170828,,,,"Unknown Governmental Organization","EEA"
8843,"AMS SOU Angel Kanchev-Varna","co",220,"µg/m³","2026-06-18T04:00:00Z","2026-06-18T07:00:00+03:00","Europe/Sofia",43.22438900023895,27.915733000170828,,,,"Unknown Governmental Organization","EEA"
8843,"AMS SOU Angel Kanchev-Varna","co",480,"µg/m³","2026-06-18T05:00:00Z","2026-06-18T08:00:00+03:00","Europe/Sofia",43.22438900023895,27.915733000170828,,,,"Unknown Governmental Organization","EEA"
8843,"AMS SOU Angel Kanchev-Varna","co",1020,"µg/m³","2026-06-18T06:00:00Z","2026-06-18T09:00:00+03:00","Europe/Sofia",43.22438900023895,27.915733000170828,,,,"Unknown Governmental Organization","EEA"
8843,"AMS SOU Angel Kanchev-Varna","co",740,"µg/m³","2026-06-18T07:00:00Z","2026-06-18T10:00:00+03:00","Europe/Sofia",43.22438900023895,27.915733000170828,,,,"Unknown Governmental Organization","EEA"
8843,"AMS SOU Angel Kanchev-Varna","co",310,"µg/m³","2026-06-18T08:00:00Z","2026-06-18T11:00:00+03:00","Europe/Sofia",43.22438900023895,27.915733000170828,,,,"Unknown Governmental Organization","EEA"
8843,"AMS SOU Angel Kanchev-Varna","co",230,"µg/m³","2026-06-18T09:00:00Z","2026-06-18T12:00:00+03:00","Europe/Sofia",43.22438900023895,27.915733000170828,,,,"Unknown Governmental Organization","EEA"
8843,"AMS SOU Angel Kanchev-Varna","co",-1000,"µg/m³","2026-06-18T10:00:00Z","2026-06-18T13:00:00+03:00","Europe/Sofia",43.22438900023895,27.915733000170828,,,,"Unknown Governmental Organization","EEA"
8843,"AMS SOU Angel Kanchev-Varna","co",90,"µg/m³","2026-06-18T11:00:00Z","2026-06-18T14:00:00+03:00","Europe/Sofia",43.22438900023895,27.915733000170828,,,,"Unknown Governmental Organization","EEA"
8843,"AMS SOU Angel Kanchev-Varna","co",50,"µg/m³","2026-06-18T12:00:00Z","2026-06-18T15:00:00+03:00","Europe/Sofia",43.22438900023895,27.915733000170828,,,,"Unknown Governmental Organization","EEA"
8843,"AMS SOU Angel Kanchev-Varna","co",80,"µg/m³","2026-06-18T13:00:00Z","2026-06-18T16:00:00+03:00","Europe/Sofia",43.22438900023895,27.915733000170828,,,,"Unknown Governmental Organization","EEA"
8843,"AMS SOU Angel Kanchev-Varna","co",-1000,"µg/m³","2026-06-18T14:00:00Z","2026-06-18T17:00:00+03:00","Europe/Sofia",43.22438900023895,27.915733000170828,,,,"Unknown Governmental Organization","EEA"
8843,"AMS SOU Angel Kanchev-Varna","co",50,"µg/m³","2026-06-18T15:00:00Z","2026-06-18T18:00:00+03:00","Europe/Sofia",43.22438900023895,27.915733000170828,,,,"Unknown Governmental Organization","EEA"
8843,"AMS SOU Angel Kanchev-Varna","co",40,"µg/m³","2026-06-18T16:00:00Z","2026-06-18T19:00:00+03:00","Europe/Sofia",43.22438900023895,27.915733000170828,,,,"Unknown Governmental Organization","EEA"
8843,"AMS SOU Angel Kanchev-Varna","co",80,"µg/m³","2026-06-18T17:00:00Z","2026-06-18T20:00:00+03:00","Europe/Sofia",43.22438900023895,27.915733000170828,,,,"Unknown Governmental Organization","EEA"
8843,"AMS SOU Angel Kanchev-Varna","co",90,"µg/m³","2026-06-18T18:00:00Z","2026-06-18T21:00:00+03:00","Europe/Sofia",43.22438900023895,27.915733000170828,,,,"Unknown Governmental Organization","EEA"
8843,"AMS SOU Angel Kanchev-Varna","co",120,"µg/m³","2026-06-18T19:00:00Z","2026-06-18T22:00:00+03:00","Europe/Sofia",43.22438900023895,27.915733000170828,,,,"Unknown Governmental Organization","EEA"
8843,"AMS SOU Angel Kanchev-Varna","co",130,"µg/m³","2026-06-18T20:00:00Z","2026-06-18T23:00:00+03:00","Europe/Sofia",43.22438900023895,27.915733000170828,,,,"Unknown Governmental Organization","EEA"
8843,"AMS SOU Angel Kanchev-Varna","co",160,"µg/m³","2026-06-18T21:00:00Z","2026-06-19T00:00:00+03:00","Europe/Sofia",43.22438900023895,27.915733000170828,,,,"Unknown Governmental Organization","EEA"
8843,"AMS SOU Angel Kanchev-Varna","co",200,"µg/m³","2026-06-18T22:00:00Z","2026-06-19T01:00:00+03:00","Europe/Sofia",43.22438900023895,27.915733000170828,,,,"Unknown Governmental Organization","EEA"
8843,"AMS SOU Angel Kanchev-Varna","co",200,"µg/m³","2026-06-18T23:00:00Z","2026-06-19T02:00:00+03:00","Europe/Sofia",43.22438900023895,27.915733000170828,,,,"Unknown Governmental Organization","EEA"
8843,"AMS SOU Angel Kanchev-Varna","co",230,"µg/m³","2026-06-19T00:00:00Z","2026-06-19T03:00:00+03:00","Europe/Sofia",43.22438900023895,27.915733000170828,,,,"Unknown Governmental Organization","EEA"
8843,"AMS SOU Angel Kanchev-Varna","co",230,"µg/m³","2026-06-19T01:00:00Z","2026-06-19T04:00:00+03:00","Europe/Sofia",43.22438900023895,27.915733000170828,,,,"Unknown Governmental Organization","EEA"
8843,"AMS SOU Angel Kanchev-Varna","co",210,"µg/m³","2026-06-19T02:00:00Z","2026-06-19T05:00:00+03:00","Europe/Sofia",43.22438900023895,27.915733000170828,,,,"Unknown Governmental Organization","EEA"
8843,"AMS SOU Angel Kanchev-Varna","co",210,"µg/m³","2026-06-19T03:00:00Z","2026-06-19T06:00:00+03:00","Europe/Sofia",43.22438900023895,27.915733000170828,,,,"Unknown Governmental Organization","EEA"
8843,"AMS SOU Angel Kanchev-Varna","co",230,"µg/m³","2026-06-19T04:00:00Z","2026-06-19T07:00:00+03:00","Europe/Sofia",43.22438900023895,27.915733000170828,,,,"Unknown Governmental Organization","EEA"
8843,"AMS SOU Angel Kanchev-Varna","co",200,"µg/m³","2026-06-19T06:00:00Z","2026-06-19T09:00:00+03:00","Europe/Sofia",43.22438900023895,27.915733000170828,,,,"Unknown Governmental Organization","EEA"
8843,"AMS SOU Angel Kanchev-Varna","co",220,"µg/m³","2026-06-19T07:00:00Z","2026-06-19T10:00:00+03:00","Europe/Sofia",43.22438900023895,27.915733000170828,,,,"Unknown Governmental Organization","EEA"
8843,"AMS SOU Angel Kanchev-Varna","co",140,"µg/m³","2026-06-19T08:00:00Z","2026-06-19T11:00:00+03:00","Europe/Sofia",43.22438900023895,27.915733000170828,,,,"Unknown Governmental Organization","EEA"
8843,"AMS SOU Angel Kanchev-Varna","co",120,"µg/m³","2026-06-19T09:00:00Z","2026-06-19T12:00:00+03:00","Europe/Sofia",43.22438900023895,27.915733000170828,,,,"Unknown Governmental Organization","EEA"
8843,"AMS SOU Angel Kanchev-Varna","co",90,"µg/m³","2026-06-19T10:00:00Z","2026-06-19T13:00:00+03:00","Europe/Sofia",43.22438900023895,27.915733000170828,,,,"Unknown Governmental Organization","EEA"
8843,"AMS SOU Angel Kanchev-Varna","co",80,"µg/m³","2026-06-19T11:00:00Z","2026-06-19T14:00:00+03:00","Europe/Sofia",43.22438900023895,27.915733000170828,,,,"Unknown Governmental Organization","EEA"
8843,"AMS SOU Angel Kanchev-Varna","co",90,"µg/m³","2026-06-19T12:00:00Z","2026-06-19T15:00:00+03:00","Europe/Sofia",43.22438900023895,27.915733000170828,,,,"Unknown Governmental Organization","EEA"
8843,"AMS SOU Angel Kanchev-Varna","co",130,"µg/m³","2026-06-19T14:00:00Z","2026-06-19T17:00:00+03:00","Europe/Sofia",43.22438900023895,27.915733000170828,,,,"Unknown Governmental Organization","EEA"
8843,"AMS SOU Angel Kanchev-Varna","co",160,"µg/m³","2026-06-19T15:00:00Z","2026-06-19T18:00:00+03:00","Europe/Sofia",43.22438900023895,27.915733000170828,,,,"Unknown Governmental Organization","EEA"
8843,"AMS SOU Angel Kanchev-Varna","co",140,"µg/m³","2026-06-19T16:00:00Z","2026-06-19T19:00:00+03:00","Europe/Sofia",43.22438900023895,27.915733000170828,,,,"Unknown Governmental Organization","EEA"
8843,"AMS SOU Angel Kanchev-Varna","co",120,"µg/m³","2026-06-19T17:00:00Z","2026-06-19T20:00:00+03:00","Europe/Sofia",43.22438900023895,27.915733000170828,,,,"Unknown Governmental Organization","EEA"
8843,"AMS SOU Angel Kanchev-Varna","co",150,"µg/m³","2026-06-19T18:00:00Z","2026-06-19T21:00:00+03:00","Europe/Sofia",43.22438900023895,27.915733000170828,,,,"Unknown Governmental Organization","EEA"
8843,"AMS SOU Angel Kanchev-Varna","co",180,"µg/m³","2026-06-19T19:00:00Z","2026-06-19T22:00:00+03:00","Europe/Sofia",43.22438900023895,27.915733000170828,,,,"Unknown Governmental Organization","EEA"
8843,"AMS SOU Angel Kanchev-Varna","co",270,"µg/m³","2026-06-19T20:00:00Z","2026-06-19T23:00:00+03:00","Europe/Sofia",43.22438900023895,27.915733000170828,,,,"Unknown Governmental Organization","EEA"
8843,"AMS SOU Angel Kanchev-Varna","co",300,"µg/m³","2026-06-19T21:00:00Z","2026-06-20T00:00:00+03:00","Europe/Sofia",43.22438900023895,27.915733000170828,,,,"Unknown Governmental Organization","EEA"
8843,"AMS SOU Angel Kanchev-Varna","co",280,"µg/m³","2026-06-19T22:00:00Z","2026-06-20T01:00:00+03:00","Europe/Sofia",43.22438900023895,27.915733000170828,,,,"Unknown Governmental Organization","EEA"
8843,"AMS SOU Angel Kanchev-Varna","co",280,"µg/m³","2026-06-19T23:00:00Z","2026-06-20T02:00:00+03:00","Europe/Sofia",43.22438900023895,27.915733000170828,,,,"Unknown Governmental Organization","EEA"
8843,"AMS SOU Angel Kanchev-Varna","co",320,"µg/m³","2026-06-20T00:00:00Z","2026-06-20T03:00:00+03:00","Europe/Sofia",43.22438900023895,27.915733000170828,,,,"Unknown Governmental Organization","EEA"
8843,"AMS SOU Angel Kanchev-Varna","co",350,"µg/m³","2026-06-20T01:00:00Z","2026-06-20T04:00:00+03:00","Europe/Sofia",43.22438900023895,27.915733000170828,,,,"Unknown Governmental Organization","EEA"
8843,"AMS SOU Angel Kanchev-Varna","co",320,"µg/m³","2026-06-20T02:00:00Z","2026-06-20T05:00:00+03:00","Europe/Sofia",43.22438900023895,27.915733000170828,,,,"Unknown Governmental Organization","EEA"
8843,"AMS SOU Angel Kanchev-Varna","co",290,"µg/m³","2026-06-20T03:00:00Z","2026-06-20T06:00:00+03:00","Europe/Sofia",43.22438900023895,27.915733000170828,,,,"Unknown Governmental Organization","EEA"
8843,"AMS SOU Angel Kanchev-Varna","co",310,"µg/m³","2026-06-20T05:00:00Z","2026-06-20T08:00:00+03:00","Europe/Sofia",43.22438900023895,27.915733000170828,,,,"Unknown Governmental Organization","EEA"
8843,"AMS SOU Angel Kanchev-Varna","co",240,"µg/m³","2026-06-20T06:00:00Z","2026-06-20T09:00:00+03:00","Europe/Sofia",43.22438900023895,27.915733000170828,,,,"Unknown Governmental Organization","EEA"
8843,"AMS SOU Angel Kanchev-Varna","co",230,"µg/m³","2026-06-20T07:00:00Z","2026-06-20T10:00:00+03:00","Europe/Sofia",43.22438900023895,27.915733000170828,,,,"Unknown Governmental Organization","EEA"
8843,"AMS SOU Angel Kanchev-Varna","co",250,"µg/m³","2026-06-20T08:00:00Z","2026-06-20T11:00:00+03:00","Europe/Sofia",43.22438900023895,27.915733000170828,,,,"Unknown Governmental Organization","EEA"
8843,"AMS SOU Angel Kanchev-Varna","co",180,"µg/m³","2026-06-20T09:00:00Z","2026-06-20T12:00:00+03:00","Europe/Sofia",43.22438900023895,27.915733000170828,,,,"Unknown Governmental Organization","EEA"
8843,"AMS SOU Angel Kanchev-Varna","co",140,"µg/m³","2026-06-20T10:00:00Z","2026-06-20T13:00:00+03:00","Europe/Sofia",43.22438900023895,27.915733000170828,,,,"Unknown Governmental Organization","EEA"
8843,"AMS SOU Angel Kanchev-Varna","co",120,"µg/m³","2026-06-20T11:00:00Z","2026-06-20T14:00:00+03:00","Europe/Sofia",43.22438900023895,27.915733000170828,,,,"Unknown Governmental Organization","EEA"
8843,"AMS SOU Angel Kanchev-Varna","co",130,"µg/m³","2026-06-20T12:00:00Z","2026-06-20T15:00:00+03:00","Europe/Sofia",43.22438900023895,27.915733000170828,,,,"Unknown Governmental Organization","EEA"
8843,"AMS SOU Angel Kanchev-Varna","co",110,"µg/m³","2026-06-20T13:00:00Z","2026-06-20T16:00:00+03:00","Europe/Sofia",43.22438900023895,27.915733000170828,,,,"Unknown Governmental Organization","EEA"
8843,"AMS SOU Angel Kanchev-Varna","co",120,"µg/m³","2026-06-20T14:00:00Z","2026-06-20T17:00:00+03:00","Europe/Sofia",43.22438900023895,27.915733000170828,,,,"Unknown Governmental Organization","EEA"
8843,"AMS SOU Angel Kanchev-Varna","co",160,"µg/m³","2026-06-20T15:00:00Z","2026-06-20T18:00:00+03:00","Europe/Sofia",43.22438900023895,27.915733000170828,,,,"Unknown Governmental Organization","EEA"
8843,"AMS SOU Angel Kanchev-Varna","co",170,"µg/m³","2026-06-20T16:00:00Z","2026-06-20T19:00:00+03:00","Europe/Sofia",43.22438900023895,27.915733000170828,,,,"Unknown Governmental Organization","EEA"
8843,"AMS SOU Angel Kanchev-Varna","co",190,"µg/m³","2026-06-20T17:00:00Z","2026-06-20T20:00:00+03:00","Europe/Sofia",43.22438900023895,27.915733000170828,,,,"Unknown Governmental Organization","EEA"
8843,"AMS SOU Angel Kanchev-Varna","co",220,"µg/m³","2026-06-20T18:00:00Z","2026-06-20T21:00:00+03:00","Europe/Sofia",43.22438900023895,27.915733000170828,,,,"Unknown Governmental Organization","EEA"
8843,"AMS SOU Angel Kanchev-Varna","co",280,"µg/m³","2026-06-20T19:00:00Z","2026-06-20T22:00:00+03:00","Europe/Sofia",43.22438900023895,27.915733000170828,,,,"Unknown Governmental Organization","EEA"
8843,"AMS SOU Angel Kanchev-Varna","co",380,"µg/m³","2026-06-20T20:00:00Z","2026-06-20T23:00:00+03:00","Europe/Sofia",43.22438900023895,27.915733000170828,,,,"Unknown Governmental Organization","EEA"
8843,"AMS SOU Angel Kanchev-Varna","co",380,"µg/m³","2026-06-20T21:00:00Z","2026-06-21T00:00:00+03:00","Europe/Sofia",43.22438900023895,27.915733000170828,,,,"Unknown Governmental Organization","EEA"
8843,"AMS SOU Angel Kanchev-Varna","co",370,"µg/m³","2026-06-20T22:00:00Z","2026-06-21T01:00:00+03:00","Europe/Sofia",43.22438900023895,27.915733000170828,,,,"Unknown Governmental Organization","EEA"
8843,"AMS SOU Angel Kanchev-Varna","co",360,"µg/m³","2026-06-20T23:00:00Z","2026-06-21T02:00:00+03:00","Europe/Sofia",43.22438900023895,27.915733000170828,,,,"Unknown Governmental Organization","EEA"
8843,"AMS SOU Angel Kanchev-Varna","co",420,"µg/m³","2026-06-21T00:00:00Z","2026-06-21T03:00:00+03:00","Europe/Sofia",43.22438900023895,27.915733000170828,,,,"Unknown Governmental Organization","EEA"
8843,"AMS SOU Angel Kanchev-Varna","co",380,"µg/m³","2026-06-21T01:00:00Z","2026-06-21T04:00:00+03:00","Europe/Sofia",43.22438900023895,27.915733000170828,,,,"Unknown Governmental Organization","EEA"
8843,"AMS SOU Angel Kanchev-Varna","co",390,"µg/m³","2026-06-21T02:00:00Z","2026-06-21T05:00:00+03:00","Europe/Sofia",43.22438900023895,27.915733000170828,,,,"Unknown Governmental Organization","EEA"
8843,"AMS SOU Angel Kanchev-Varna","co",570,"µg/m³","2026-06-21T03:00:00Z","2026-06-21T06:00:00+03:00","Europe/Sofia",43.22438900023895,27.915733000170828,,,,"Unknown Governmental Organization","EEA"
8843,"AMS SOU Angel Kanchev-Varna","co",620,"µg/m³","2026-06-21T04:00:00Z","2026-06-21T07:00:00+03:00","Europe/Sofia",43.22438900023895,27.915733000170828,,,,"Unknown Governmental Organization","EEA"
8843,"AMS SOU Angel Kanchev-Varna","co",830,"µg/m³","2026-06-21T05:00:00Z","2026-06-21T08:00:00+03:00","Europe/Sofia",43.22438900023895,27.915733000170828,,,,"Unknown Governmental Organization","EEA"
8843,"AMS SOU Angel Kanchev-Varna","co",810,"µg/m³","2026-06-21T06:00:00Z","2026-06-21T09:00:00+03:00","Europe/Sofia",43.22438900023895,27.915733000170828,,,,"Unknown Governmental Organization","EEA"
8843,"AMS SOU Angel Kanchev-Varna","co",380,"µg/m³","2026-06-21T07:00:00Z","2026-06-21T10:00:00+03:00","Europe/Sofia",43.22438900023895,27.915733000170828,,,,"Unknown Governmental Organization","EEA"
8843,"AMS SOU Angel Kanchev-Varna","co",350,"µg/m³","2026-06-21T08:00:00Z","2026-06-21T11:00:00+03:00","Europe/Sofia",43.22438900023895,27.915733000170828,,,,"Unknown Governmental Organization","EEA"
8843,"AMS SOU Angel Kanchev-Varna","co",240,"µg/m³","2026-06-21T09:00:00Z","2026-06-21T12:00:00+03:00","Europe/Sofia",43.22438900023895,27.915733000170828,,,,"Unknown Governmental Organization","EEA"
8843,"AMS SOU Angel Kanchev-Varna","co",150,"µg/m³","2026-06-21T10:00:00Z","2026-06-21T13:00:00+03:00","Europe/Sofia",43.22438900023895,27.915733000170828,,,,"Unknown Governmental Organization","EEA"
8843,"AMS SOU Angel Kanchev-Varna","co",110,"µg/m³","2026-06-21T11:00:00Z","2026-06-21T14:00:00+03:00","Europe/Sofia",43.22438900023895,27.915733000170828,,,,"Unknown Governmental Organization","EEA"
8843,"AMS SOU Angel Kanchev-Varna","co",90,"µg/m³","2026-06-21T12:00:00Z","2026-06-21T15:00:00+03:00","Europe/Sofia",43.22438900023895,27.915733000170828,,,,"Unknown Governmental Organization","EEA"
8843,"AMS SOU Angel Kanchev-Varna","co",90,"µg/m³","2026-06-21T13:00:00Z","2026-06-21T16:00:00+03:00","Europe/Sofia",43.22438900023895,27.915733000170828,,,,"Unknown Governmental Organization","EEA"
8843,"AMS SOU Angel Kanchev-Varna","co",80,"µg/m³","2026-06-21T14:00:00Z","2026-06-21T17:00:00+03:00","Europe/Sofia",43.22438900023895,27.915733000170828,,,,"Unknown Governmental Organization","EEA"
8843,"AMS SOU Angel Kanchev-Varna","co",90,"µg/m³","2026-06-21T15:00:00Z","2026-06-21T18:00:00+03:00","Europe/Sofia",43.22438900023895,27.915733000170828,,,,"Unknown Governmental Organization","EEA"
8843,"AMS SOU Angel Kanchev-Varna","co",130,"µg/m³","2026-06-21T16:00:00Z","2026-06-21T19:00:00+03:00","Europe/Sofia",43.22438900023895,27.915733000170828,,,,"Unknown Governmental Organization","EEA"
8843,"AMS SOU Angel Kanchev-Varna","co",170,"µg/m³","2026-06-21T17:00:00Z","2026-06-21T20:00:00+03:00","Europe/Sofia",43.22438900023895,27.915733000170828,,,,"Unknown Governmental Organization","EEA"
8843,"AMS SOU Angel Kanchev-Varna","co",140,"µg/m³","2026-06-21T18:00:00Z","2026-06-21T21:00:00+03:00","Europe/Sofia",43.22438900023895,27.915733000170828,,,,"Unknown Governmental Organization","EEA"
8843,"AMS SOU Angel Kanchev-Varna","co",210,"µg/m³","2026-06-21T19:00:00Z","2026-06-21T22:00:00+03:00","Europe/Sofia",43.22438900023895,27.915733000170828,,,,"Unknown Governmental Organization","EEA"
8843,"AMS SOU Angel Kanchev-Varna","co",250,"µg/m³","2026-06-21T20:00:00Z","2026-06-21T23:00:00+03:00","Europe/Sofia",43.22438900023895,27.915733000170828,,,,"Unknown Governmental Organization","EEA"
8843,"AMS SOU Angel Kanchev-Varna","co",250,"µg/m³","2026-06-21T21:00:00Z","2026-06-22T00:00:00+03:00","Europe/Sofia",43.22438900023895,27.915733000170828,,,,"Unknown Governmental Organization","EEA"
8843,"AMS SOU Angel Kanchev-Varna","co",270,"µg/m³","2026-06-21T22:00:00Z","2026-06-22T01:00:00+03:00","Europe/Sofia",43.22438900023895,27.915733000170828,,,,"Unknown Governmental Organization","EEA"
8843,"AMS SOU Angel Kanchev-Varna","co",230,"µg/m³","2026-06-21T23:00:00Z","2026-06-22T02:00:00+03:00","Europe/Sofia",43.22438900023895,27.915733000170828,,,,"Unknown Governmental Organization","EEA"
8843,"AMS SOU Angel Kanchev-Varna","co",270,"µg/m³","2026-06-22T00:00:00Z","2026-06-22T03:00:00+03:00","Europe/Sofia",43.22438900023895,27.915733000170828,,,,"Unknown Governmental Organization","EEA"
8843,"AMS SOU Angel Kanchev-Varna","co",240,"µg/m³","2026-06-22T01:00:00Z","2026-06-22T04:00:00+03:00","Europe/Sofia",43.22438900023895,27.915733000170828,,,,"Unknown Governmental Organization","EEA"
8843,"AMS SOU Angel Kanchev-Varna","co",260,"µg/m³","2026-06-22T02:00:00Z","2026-06-22T05:00:00+03:00","Europe/Sofia",43.22438900023895,27.915733000170828,,,,"Unknown Governmental Organization","EEA"
8843,"AMS SOU Angel Kanchev-Varna","co",240,"µg/m³","2026-06-22T03:00:00Z","2026-06-22T06:00:00+03:00","Europe/Sofia",43.22438900023895,27.915733000170828,,,,"Unknown Governmental Organization","EEA"
8843,"AMS SOU Angel Kanchev-Varna","co",300,"µg/m³","2026-06-22T04:00:00Z","2026-06-22T07:00:00+03:00","Europe/Sofia",43.22438900023895,27.915733000170828,,,,"Unknown Governmental Organization","EEA"
8843,"AMS SOU Angel Kanchev-Varna","co",420,"µg/m³","2026-06-22T05:00:00Z","2026-06-22T08:00:00+03:00","Europe/Sofia",43.22438900023895,27.915733000170828,,,,"Unknown Governmental Organization","EEA"
8843,"AMS SOU Angel Kanchev-Varna","co",530,"µg/m³","2026-06-22T06:00:00Z","2026-06-22T09:00:00+03:00","Europe/Sofia",43.22438900023895,27.915733000170828,,,,"Unknown Governmental Organization","EEA"
8843,"AMS SOU Angel Kanchev-Varna","co",250,"µg/m³","2026-06-22T07:00:00Z","2026-06-22T10:00:00+03:00","Europe/Sofia",43.22438900023895,27.915733000170828,,,,"Unknown Governmental Organization","EEA"
8843,"AMS SOU Angel Kanchev-Varna","co",130,"µg/m³","2026-06-22T09:00:00Z","2026-06-22T12:00:00+03:00","Europe/Sofia",43.22438900023895,27.915733000170828,,,,"Unknown Governmental Organization","EEA"
8843,"AMS SOU Angel Kanchev-Varna","co",-1000,"µg/m³","2026-06-22T10:00:00Z","2026-06-22T13:00:00+03:00","Europe/Sofia",43.22438900023895,27.915733000170828,,,,"Unknown Governmental Organization","EEA"
8843,"AMS SOU Angel Kanchev-Varna","co",50,"µg/m³","2026-06-22T11:00:00Z","2026-06-22T14:00:00+03:00","Europe/Sofia",43.22438900023895,27.915733000170828,,,,"Unknown Governmental Organization","EEA"
8843,"AMS SOU Angel Kanchev-Varna","co",50,"µg/m³","2026-06-22T12:00:00Z","2026-06-22T15:00:00+03:00","Europe/Sofia",43.22438900023895,27.915733000170828,,,,"Unknown Governmental Organization","EEA"
8843,"AMS SOU Angel Kanchev-Varna","co",110,"µg/m³","2026-06-22T13:00:00Z","2026-06-22T16:00:00+03:00","Europe/Sofia",43.22438900023895,27.915733000170828,,,,"Unknown Governmental Organization","EEA"
8843,"AMS SOU Angel Kanchev-Varna","co",100,"µg/m³","2026-06-22T14:00:00Z","2026-06-22T17:00:00+03:00","Europe/Sofia",43.22438900023895,27.915733000170828,,,,"Unknown Governmental Organization","EEA"
8843,"AMS SOU Angel Kanchev-Varna","co",120,"µg/m³","2026-06-22T15:00:00Z","2026-06-22T18:00:00+03:00","Europe/Sofia",43.22438900023895,27.915733000170828,,,,"Unknown Governmental Organization","EEA"
8843,"AMS SOU Angel Kanchev-Varna","co",140,"µg/m³","2026-06-22T16:00:00Z","2026-06-22T19:00:00+03:00","Europe/Sofia",43.22438900023895,27.915733000170828,,,,"Unknown Governmental Organization","EEA"
8843,"AMS SOU Angel Kanchev-Varna","co",150,"µg/m³","2026-06-22T17:00:00Z","2026-06-22T20:00:00+03:00","Europe/Sofia",43.22438900023895,27.915733000170828,,,,"Unknown Governmental Organization","EEA"
8843,"AMS SOU Angel Kanchev-Varna","co",160,"µg/m³","2026-06-22T18:00:00Z","2026-06-22T21:00:00+03:00","Europe/Sofia",43.22438900023895,27.915733000170828,,,,"Unknown Governmental Organization","EEA"
8843,"AMS SOU Angel Kanchev-Varna","co",230,"µg/m³","2026-06-22T19:00:00Z","2026-06-22T22:00:00+03:00","Europe/Sofia",43.22438900023895,27.915733000170828,,,,"Unknown Governmental Organization","EEA"
8843,"AMS SOU Angel Kanchev-Varna","co",260,"µg/m³","2026-06-22T20:00:00Z","2026-06-22T23:00:00+03:00","Europe/Sofia",43.22438900023895,27.915733000170828,,,,"Unknown Governmental Organization","EEA"
8843,"AMS SOU Angel Kanchev-Varna","co",260,"µg/m³","2026-06-22T21:00:00Z","2026-06-23T00:00:00+03:00","Europe/Sofia",43.22438900023895,27.915733000170828,,,,"Unknown Governmental Organization","EEA"
8843,"AMS SOU Angel Kanchev-Varna","co",310,"µg/m³","2026-06-22T22:00:00Z","2026-06-23T01:00:00+03:00","Europe/Sofia",43.22438900023895,27.915733000170828,,,,"Unknown Governmental Organization","EEA"
8843,"AMS SOU Angel Kanchev-Varna","co",250,"µg/m³","2026-06-22T23:00:00Z","2026-06-23T02:00:00+03:00","Europe/Sofia",43.22438900023895,27.915733000170828,,,,"Unknown Governmental Organization","EEA"
8843,"AMS SOU Angel Kanchev-Varna","co",250,"µg/m³","2026-06-23T00:00:00Z","2026-06-23T03:00:00+03:00","Europe/Sofia",43.22438900023895,27.915733000170828,,,,"Unknown Governmental Organization","EEA"
8843,"AMS SOU Angel Kanchev-Varna","co",270,"µg/m³","2026-06-23T01:00:00Z","2026-06-23T04:00:00+03:00","Europe/Sofia",43.22438900023895,27.915733000170828,,,,"Unknown Governmental Organization","EEA"
8843,"AMS SOU Angel Kanchev-Varna","co",270,"µg/m³","2026-06-23T02:00:00Z","2026-06-23T05:00:00+03:00","Europe/Sofia",43.22438900023895,27.915733000170828,,,,"Unknown Governmental Organization","EEA"
8843,"AMS SOU Angel Kanchev-Varna","co",490,"µg/m³","2026-06-23T03:00:00Z","2026-06-23T06:00:00+03:00","Europe/Sofia",43.22438900023895,27.915733000170828,,,,"Unknown Governmental Organization","EEA"
8843,"AMS SOU Angel Kanchev-Varna","co",480,"µg/m³","2026-06-23T04:00:00Z","2026-06-23T07:00:00+03:00","Europe/Sofia",43.22438900023895,27.915733000170828,,,,"Unknown Governmental Organization","EEA"
8843,"AMS SOU Angel Kanchev-Varna","co",360,"µg/m³","2026-06-23T05:00:00Z","2026-06-23T08:00:00+03:00","Europe/Sofia",43.22438900023895,27.915733000170828,,,,"Unknown Governmental Organization","EEA"
8843,"AMS SOU Angel Kanchev-Varna","co",760,"µg/m³","2026-06-23T06:00:00Z","2026-06-23T09:00:00+03:00","Europe/Sofia",43.22438900023895,27.915733000170828,,,,"Unknown Governmental Organization","EEA"
8843,"AMS SOU Angel Kanchev-Varna","co",680,"µg/m³","2026-06-23T07:00:00Z","2026-06-23T10:00:00+03:00","Europe/Sofia",43.22438900023895,27.915733000170828,,,,"Unknown Governmental Organization","EEA"
8843,"AMS SOU Angel Kanchev-Varna","co",380,"µg/m³","2026-06-23T08:00:00Z","2026-06-23T11:00:00+03:00","Europe/Sofia",43.22438900023895,27.915733000170828,,,,"Unknown Governmental Organization","EEA"
8843,"AMS SOU Angel Kanchev-Varna","co",100,"µg/m³","2026-06-23T10:00:00Z","2026-06-23T13:00:00+03:00","Europe/Sofia",43.22438900023895,27.915733000170828,,,,"Unknown Governmental Organization","EEA"
8843,"AMS SOU Angel Kanchev-Varna","co",70,"µg/m³","2026-06-23T11:00:00Z","2026-06-23T14:00:00+03:00","Europe/Sofia",43.22438900023895,27.915733000170828,,,,"Unknown Governmental Organization","EEA"
8843,"AMS SOU Angel Kanchev-Varna","co",60,"µg/m³","2026-06-23T12:00:00Z","2026-06-23T15:00:00+03:00","Europe/Sofia",43.22438900023895,27.915733000170828,,,,"Unknown Governmental Organization","EEA"
8843,"AMS SOU Angel Kanchev-Varna","co",30,"µg/m³","2026-06-23T13:00:00Z","2026-06-23T16:00:00+03:00","Europe/Sofia",43.22438900023895,27.915733000170828,,,,"Unknown Governmental Organization","EEA"
8843,"AMS SOU Angel Kanchev-Varna","co",30,"µg/m³","2026-06-23T14:00:00Z","2026-06-23T17:00:00+03:00","Europe/Sofia",43.22438900023895,27.915733000170828,,,,"Unknown Governmental Organization","EEA"
8843,"AMS SOU Angel Kanchev-Varna","co",60,"µg/m³","2026-06-23T15:00:00Z","2026-06-23T18:00:00+03:00","Europe/Sofia",43.22438900023895,27.915733000170828,,,,"Unknown Governmental Organization","EEA"
8843,"AMS SOU Angel Kanchev-Varna","co",50,"µg/m³","2026-06-23T16:00:00Z","2026-06-23T19:00:00+03:00","Europe/Sofia",43.22438900023895,27.915733000170828,,,,"Unknown Governmental Organization","EEA"
8843,"AMS SOU Angel Kanchev-Varna","co",40,"µg/m³","2026-06-23T17:00:00Z","2026-06-23T20:00:00+03:00","Europe/Sofia",43.22438900023895,27.915733000170828,,,,"Unknown Governmental Organization","EEA"
8843,"AMS SOU Angel Kanchev-Varna","co",100,"µg/m³","2026-06-23T18:00:00Z","2026-06-23T21:00:00+03:00","Europe/Sofia",43.22438900023895,27.915733000170828,,,,"Unknown Governmental Organization","EEA"
8843,"AMS SOU Angel Kanchev-Varna","co",110,"µg/m³","2026-06-23T19:00:00Z","2026-06-23T22:00:00+03:00","Europe/Sofia",43.22438900023895,27.915733000170828,,,,"Unknown Governmental Organization","EEA"
8843,"AMS SOU Angel Kanchev-Varna","co",160,"µg/m³","2026-06-23T20:00:00Z","2026-06-23T23:00:00+03:00","Europe/Sofia",43.22438900023895,27.915733000170828,,,,"Unknown Governmental Organization","EEA"
8843,"AMS SOU Angel Kanchev-Varna","co",210,"µg/m³","2026-06-23T21:00:00Z","2026-06-24T00:00:00+03:00","Europe/Sofia",43.22438900023895,27.915733000170828,,,,"Unknown Governmental Organization","EEA"
8843,"AMS SOU Angel Kanchev-Varna","co",190,"µg/m³","2026-06-23T22:00:00Z","2026-06-24T01:00:00+03:00","Europe/Sofia",43.22438900023895,27.915733000170828,,,,"Unknown Governmental Organization","EEA"
8843,"AMS SOU Angel Kanchev-Varna","co",190,"µg/m³","2026-06-23T23:00:00Z","2026-06-24T02:00:00+03:00","Europe/Sofia",43.22438900023895,27.915733000170828,,,,"Unknown Governmental Organization","EEA"
8843,"AMS SOU Angel Kanchev-Varna","co",190,"µg/m³","2026-06-24T00:00:00Z","2026-06-24T03:00:00+03:00","Europe/Sofia",43.22438900023895,27.915733000170828,,,,"Unknown Governmental Organization","EEA"
8843,"AMS SOU Angel Kanchev-Varna","co",180,"µg/m³","2026-06-24T01:00:00Z","2026-06-24T04:00:00+03:00","Europe/Sofia",43.22438900023895,27.915733000170828,,,,"Unknown Governmental Organization","EEA"
8843,"AMS SOU Angel Kanchev-Varna","co",190,"µg/m³","2026-06-24T02:00:00Z","2026-06-24T05:00:00+03:00","Europe/Sofia",43.22438900023895,27.915733000170828,,,,"Unknown Governmental Organization","EEA"
8843,"AMS SOU Angel Kanchev-Varna","co",210,"µg/m³","2026-06-24T03:00:00Z","2026-06-24T06:00:00+03:00","Europe/Sofia",43.22438900023895,27.915733000170828,,,,"Unknown Governmental Organization","EEA"
8843,"AMS SOU Angel Kanchev-Varna","co",240,"µg/m³","2026-06-24T04:00:00Z","2026-06-24T07:00:00+03:00","Europe/Sofia",43.22438900023895,27.915733000170828,,,,"Unknown Governmental Organization","EEA"
8843,"AMS SOU Angel Kanchev-Varna","co",630,"µg/m³","2026-06-24T05:00:00Z","2026-06-24T08:00:00+03:00","Europe/Sofia",43.22438900023895,27.915733000170828,,,,"Unknown Governmental Organization","EEA"
8843,"AMS SOU Angel Kanchev-Varna","co",730,"µg/m³","2026-06-24T06:00:00Z","2026-06-24T09:00:00+03:00","Europe/Sofia",43.22438900023895,27.915733000170828,,,,"Unknown Governmental Organization","EEA"
8843,"AMS SOU Angel Kanchev-Varna","co",700,"µg/m³","2026-06-24T07:00:00Z","2026-06-24T10:00:00+03:00","Europe/Sofia",43.22438900023895,27.915733000170828,,,,"Unknown Governmental Organization","EEA"
8843,"AMS SOU Angel Kanchev-Varna","co",420,"µg/m³","2026-06-24T09:00:00Z","2026-06-24T12:00:00+03:00","Europe/Sofia",43.22438900023895,27.915733000170828,,,,"Unknown Governmental Organization","EEA"
8843,"AMS SOU Angel Kanchev-Varna","co",190,"µg/m³","2026-06-24T10:00:00Z","2026-06-24T13:00:00+03:00","Europe/Sofia",43.22438900023895,27.915733000170828,,,,"Unknown Governmental Organization","EEA"
8843,"AMS SOU Angel Kanchev-Varna","co",150,"µg/m³","2026-06-24T11:00:00Z","2026-06-24T14:00:00+03:00","Europe/Sofia",43.22438900023895,27.915733000170828,,,,"Unknown Governmental Organization","EEA"
8843,"AMS SOU Angel Kanchev-Varna","co",130,"µg/m³","2026-06-24T12:00:00Z","2026-06-24T15:00:00+03:00","Europe/Sofia",43.22438900023895,27.915733000170828,,,,"Unknown Governmental Organization","EEA"
8843,"AMS SOU Angel Kanchev-Varna","co",150,"µg/m³","2026-06-24T13:00:00Z","2026-06-24T16:00:00+03:00","Europe/Sofia",43.22438900023895,27.915733000170828,,,,"Unknown Governmental Organization","EEA"
8843,"AMS SOU Angel Kanchev-Varna","co",130,"µg/m³","2026-06-24T14:00:00Z","2026-06-24T17:00:00+03:00","Europe/Sofia",43.22438900023895,27.915733000170828,,,,"Unknown Governmental Organization","EEA"
8843,"AMS SOU Angel Kanchev-Varna","co",190,"µg/m³","2026-06-24T16:00:00Z","2026-06-24T19:00:00+03:00","Europe/Sofia",43.22438900023895,27.915733000170828,,,,"Unknown Governmental Organization","EEA"
8843,"AMS SOU Angel Kanchev-Varna","co",200,"µg/m³","2026-06-24T17:00:00Z","2026-06-24T20:00:00+03:00","Europe/Sofia",43.22438900023895,27.915733000170828,,,,"Unknown Governmental Organization","EEA"
8843,"AMS SOU Angel Kanchev-Varna","co",210,"µg/m³","2026-06-24T18:00:00Z","2026-06-24T21:00:00+03:00","Europe/Sofia",43.22438900023895,27.915733000170828,,,,"Unknown Governmental Organization","EEA"
8843,"AMS SOU Angel Kanchev-Varna","co",220,"µg/m³","2026-06-24T19:00:00Z","2026-06-24T22:00:00+03:00","Europe/Sofia",43.22438900023895,27.915733000170828,,,,"Unknown Governmental Organization","EEA"
8843,"AMS SOU Angel Kanchev-Varna","co",280,"µg/m³","2026-06-24T20:00:00Z","2026-06-24T23:00:00+03:00","Europe/Sofia",43.22438900023895,27.915733000170828,,,,"Unknown Governmental Organization","EEA"
8843,"AMS SOU Angel Kanchev-Varna","co",270,"µg/m³","2026-06-24T21:00:00Z","2026-06-25T00:00:00+03:00","Europe/Sofia",43.22438900023895,27.915733000170828,,,,"Unknown Governmental Organization","EEA"
8843,"AMS SOU Angel Kanchev-Varna","co",250,"µg/m³","2026-06-24T22:00:00Z","2026-06-25T01:00:00+03:00","Europe/Sofia",43.22438900023895,27.915733000170828,,,,"Unknown Governmental Organization","EEA"
8843,"AMS SOU Angel Kanchev-Varna","co",310,"µg/m³","2026-06-24T23:00:00Z","2026-06-25T02:00:00+03:00","Europe/Sofia",43.22438900023895,27.915733000170828,,,,"Unknown Governmental Organization","EEA"
8843,"AMS SOU Angel Kanchev-Varna","co",270,"µg/m³","2026-06-25T00:00:00Z","2026-06-25T03:00:00+03:00","Europe/Sofia",43.22438900023895,27.915733000170828,,,,"Unknown Governmental Organization","EEA"
8843,"AMS SOU Angel Kanchev-Varna","co",310,"µg/m³","2026-06-25T01:00:00Z","2026-06-25T04:00:00+03:00","Europe/Sofia",43.22438900023895,27.915733000170828,,,,"Unknown Governmental Organization","EEA"
8843,"AMS SOU Angel Kanchev-Varna","co",280,"µg/m³","2026-06-25T02:00:00Z","2026-06-25T05:00:00+03:00","Europe/Sofia",43.22438900023895,27.915733000170828,,,,"Unknown Governmental Organization","EEA"
8843,"AMS SOU Angel Kanchev-Varna","co",250,"µg/m³","2026-06-25T03:00:00Z","2026-06-25T06:00:00+03:00","Europe/Sofia",43.22438900023895,27.915733000170828,,,,"Unknown Governmental Organization","EEA"
8843,"AMS SOU Angel Kanchev-Varna","co",240,"µg/m³","2026-06-25T04:00:00Z","2026-06-25T07:00:00+03:00","Europe/Sofia",43.22438900023895,27.915733000170828,,,,"Unknown Governmental Organization","EEA"
8843,"AMS SOU Angel Kanchev-Varna","co",240,"µg/m³","2026-06-25T05:00:00Z","2026-06-25T08:00:00+03:00","Europe/Sofia",43.22438900023895,27.915733000170828,,,,"Unknown Governmental Organization","EEA"
8843,"AMS SOU Angel Kanchev-Varna","co",230,"µg/m³","2026-06-25T06:00:00Z","2026-06-25T09:00:00+03:00","Europe/Sofia",43.22438900023895,27.915733000170828,,,,"Unknown Governmental Organization","EEA"
8843,"AMS SOU Angel Kanchev-Varna","co",200,"µg/m³","2026-06-25T07:00:00Z","2026-06-25T10:00:00+03:00","Europe/Sofia",43.22438900023895,27.915733000170828,,,,"Unknown Governmental Organization","EEA"
8843,"AMS SOU Angel Kanchev-Varna","co",150,"µg/m³","2026-06-25T08:00:00Z","2026-06-25T11:00:00+03:00","Europe/Sofia",43.22438900023895,27.915733000170828,,,,"Unknown Governmental Organization","EEA"
8843,"AMS SOU Angel Kanchev-Varna","co",110,"µg/m³","2026-06-25T09:00:00Z","2026-06-25T12:00:00+03:00","Europe/Sofia",43.22438900023895,27.915733000170828,,,,"Unknown Governmental Organization","EEA"
8843,"AMS SOU Angel Kanchev-Varna","co",80,"µg/m³","2026-06-25T10:00:00Z","2026-06-25T13:00:00+03:00","Europe/Sofia",43.22438900023895,27.915733000170828,,,,"Unknown Governmental Organization","EEA"
8843,"AMS SOU Angel Kanchev-Varna","co",60,"µg/m³","2026-06-25T11:00:00Z","2026-06-25T14:00:00+03:00","Europe/Sofia",43.22438900023895,27.915733000170828,,,,"Unknown Governmental Organization","EEA"
8843,"AMS SOU Angel Kanchev-Varna","co",70,"µg/m³","2026-06-25T12:00:00Z","2026-06-25T15:00:00+03:00","Europe/Sofia",43.22438900023895,27.915733000170828,,,,"Unknown Governmental Organization","EEA"
8843,"AMS SOU Angel Kanchev-Varna","co",80,"µg/m³","2026-06-25T13:00:00Z","2026-06-25T16:00:00+03:00","Europe/Sofia",43.22438900023895,27.915733000170828,,,,"Unknown Governmental Organization","EEA"
8843,"AMS SOU Angel Kanchev-Varna","co",70,"µg/m³","2026-06-25T14:00:00Z","2026-06-25T17:00:00+03:00","Europe/Sofia",43.22438900023895,27.915733000170828,,,,"Unknown Governmental Organization","EEA"
8843,"AMS SOU Angel Kanchev-Varna","co",80,"µg/m³","2026-06-25T15:00:00Z","2026-06-25T18:00:00+03:00","Europe/Sofia",43.22438900023895,27.915733000170828,,,,"Unknown Governmental Organization","EEA"
8843,"AMS SOU Angel Kanchev-Varna","co",100,"µg/m³","2026-06-25T16:00:00Z","2026-06-25T19:00:00+03:00","Europe/Sofia",43.22438900023895,27.915733000170828,,,,"Unknown Governmental Organization","EEA"
8843,"AMS SOU Angel Kanchev-Varna","co",120,"µg/m³","2026-06-25T17:00:00Z","2026-06-25T20:00:00+03:00","Europe/Sofia",43.22438900023895,27.915733000170828,,,,"Unknown Governmental Organization","EEA"
8843,"AMS SOU Angel Kanchev-Varna","co",160,"µg/m³","2026-06-25T18:00:00Z","2026-06-25T21:00:00+03:00","Europe/Sofia",43.22438900023895,27.915733000170828,,,,"Unknown Governmental Organization","EEA"
8843,"AMS SOU Angel Kanchev-Varna","co",230,"µg/m³","2026-06-25T19:00:00Z","2026-06-25T22:00:00+03:00","Europe/Sofia",43.22438900023895,27.915733000170828,,,,"Unknown Governmental Organization","EEA"
8843,"AMS SOU Angel Kanchev-Varna","co",250,"µg/m³","2026-06-25T20:00:00Z","2026-06-25T23:00:00+03:00","Europe/Sofia",43.22438900023895,27.915733000170828,,,,"Unknown Governmental Organization","EEA"
8843,"AMS SOU Angel Kanchev-Varna","co",230,"µg/m³","2026-06-25T21:00:00Z","2026-06-26T00:00:00+03:00","Europe/Sofia",43.22438900023895,27.915733000170828,,,,"Unknown Governmental Organization","EEA"
8843,"AMS SOU Angel Kanchev-Varna","co",310,"µg/m³","2026-06-25T23:00:00Z","2026-06-26T02:00:00+03:00","Europe/Sofia",43.22438900023895,27.915733000170828,,,,"Unknown Governmental Organization","EEA"
8843,"AMS SOU Angel Kanchev-Varna","co",250,"µg/m³","2026-06-26T00:00:00Z","2026-06-26T03:00:00+03:00","Europe/Sofia",43.22438900023895,27.915733000170828,,,,"Unknown Governmental Organization","EEA"
8843,"AMS SOU Angel Kanchev-Varna","co",260,"µg/m³","2026-06-26T01:00:00Z","2026-06-26T04:00:00+03:00","Europe/Sofia",43.22438900023895,27.915733000170828,,,,"Unknown Governmental Organization","EEA"
8843,"AMS SOU Angel Kanchev-Varna","co",280,"µg/m³","2026-06-26T02:00:00Z","2026-06-26T05:00:00+03:00","Europe/Sofia",43.22438900023895,27.915733000170828,,,,"Unknown Governmental Organization","EEA"
8843,"AMS SOU Angel Kanchev-Varna","co",470,"µg/m³","2026-06-26T03:00:00Z","2026-06-26T06:00:00+03:00","Europe/Sofia",43.22438900023895,27.915733000170828,,,,"Unknown Governmental Organization","EEA"
8843,"AMS SOU Angel Kanchev-Varna","co",440,"µg/m³","2026-06-26T04:00:00Z","2026-06-26T07:00:00+03:00","Europe/Sofia",43.22438900023895,27.915733000170828,,,,"Unknown Governmental Organization","EEA"
8843,"AMS SOU Angel Kanchev-Varna","co",360,"µg/m³","2026-06-26T05:00:00Z","2026-06-26T08:00:00+03:00","Europe/Sofia",43.22438900023895,27.915733000170828,,,,"Unknown Governmental Organization","EEA"
8843,"AMS SOU Angel Kanchev-Varna","co",430,"µg/m³","2026-06-26T06:00:00Z","2026-06-26T09:00:00+03:00","Europe/Sofia",43.22438900023895,27.915733000170828,,,,"Unknown Governmental Organization","EEA"
8843,"AMS SOU Angel Kanchev-Varna","co",140,"µg/m³","2026-06-26T09:00:00Z","2026-06-26T12:00:00+03:00","Europe/Sofia",43.22438900023895,27.915733000170828,,,,"Unknown Governmental Organization","EEA"
8843,"AMS SOU Angel Kanchev-Varna","co",120,"µg/m³","2026-06-26T10:00:00Z","2026-06-26T13:00:00+03:00","Europe/Sofia",43.22438900023895,27.915733000170828,,,,"Unknown Governmental Organization","EEA"
8843,"AMS SOU Angel Kanchev-Varna","co",90,"µg/m³","2026-06-26T11:00:00Z","2026-06-26T14:00:00+03:00","Europe/Sofia",43.22438900023895,27.915733000170828,,,,"Unknown Governmental Organization","EEA"
8843,"AMS SOU Angel Kanchev-Varna","co",90,"µg/m³","2026-06-26T12:00:00Z","2026-06-26T15:00:00+03:00","Europe/Sofia",43.22438900023895,27.915733000170828,,,,"Unknown Governmental Organization","EEA"
8843,"AMS SOU Angel Kanchev-Varna","co",90,"µg/m³","2026-06-26T13:00:00Z","2026-06-26T16:00:00+03:00","Europe/Sofia",43.22438900023895,27.915733000170828,,,,"Unknown Governmental Organization","EEA"
8843,"AMS SOU Angel Kanchev-Varna","co",110,"µg/m³","2026-06-26T14:00:00Z","2026-06-26T17:00:00+03:00","Europe/Sofia",43.22438900023895,27.915733000170828,,,,"Unknown Governmental Organization","EEA"
8843,"AMS SOU Angel Kanchev-Varna","co",110,"µg/m³","2026-06-26T15:00:00Z","2026-06-26T18:00:00+03:00","Europe/Sofia",43.22438900023895,27.915733000170828,,,,"Unknown Governmental Organization","EEA"
8843,"AMS SOU Angel Kanchev-Varna","co",130,"µg/m³","2026-06-26T16:00:00Z","2026-06-26T19:00:00+03:00","Europe/Sofia",43.22438900023895,27.915733000170828,,,,"Unknown Governmental Organization","EEA"
8843,"AMS SOU Angel Kanchev-Varna","co",160,"µg/m³","2026-06-26T17:00:00Z","2026-06-26T20:00:00+03:00","Europe/Sofia",43.22438900023895,27.915733000170828,,,,"Unknown Governmental Organization","EEA"
8843,"AMS SOU Angel Kanchev-Varna","co",190,"µg/m³","2026-06-26T18:00:00Z","2026-06-26T21:00:00+03:00","Europe/Sofia",43.22438900023895,27.915733000170828,,,,"Unknown Governmental Organization","EEA"
8843,"AMS SOU Angel Kanchev-Varna","co",220,"µg/m³","2026-06-26T19:00:00Z","2026-06-26T22:00:00+03:00","Europe/Sofia",43.22438900023895,27.915733000170828,,,,"Unknown Governmental Organization","EEA"
8843,"AMS SOU Angel Kanchev-Varna","co",280,"µg/m³","2026-06-26T20:00:00Z","2026-06-26T23:00:00+03:00","Europe/Sofia",43.22438900023895,27.915733000170828,,,,"Unknown Governmental Organization","EEA"
8843,"AMS SOU Angel Kanchev-Varna","co",270,"µg/m³","2026-06-26T21:00:00Z","2026-06-27T00:00:00+03:00","Europe/Sofia",43.22438900023895,27.915733000170828,,,,"Unknown Governmental Organization","EEA"
8843,"AMS SOU Angel Kanchev-Varna","co",270,"µg/m³","2026-06-26T22:00:00Z","2026-06-27T01:00:00+03:00","Europe/Sofia",43.22438900023895,27.915733000170828,,,,"Unknown Governmental Organization","EEA"
8843,"AMS SOU Angel Kanchev-Varna","co",270,"µg/m³","2026-06-26T23:00:00Z","2026-06-27T02:00:00+03:00","Europe/Sofia",43.22438900023895,27.915733000170828,,,,"Unknown Governmental Organization","EEA"
8843,"AMS SOU Angel Kanchev-Varna","co",280,"µg/m³","2026-06-27T00:00:00Z","2026-06-27T03:00:00+03:00","Europe/Sofia",43.22438900023895,27.915733000170828,,,,"Unknown Governmental Organization","EEA"
8843,"AMS SOU Angel Kanchev-Varna","co",390,"µg/m³","2026-06-27T01:00:00Z","2026-06-27T04:00:00+03:00","Europe/Sofia",43.22438900023895,27.915733000170828,,,,"Unknown Governmental Organization","EEA"
8843,"AMS SOU Angel Kanchev-Varna","co",340,"µg/m³","2026-06-27T02:00:00Z","2026-06-27T05:00:00+03:00","Europe/Sofia",43.22438900023895,27.915733000170828,,,,"Unknown Governmental Organization","EEA"
8843,"AMS SOU Angel Kanchev-Varna","co",500,"µg/m³","2026-06-27T03:00:00Z","2026-06-27T06:00:00+03:00","Europe/Sofia",43.22438900023895,27.915733000170828,,,,"Unknown Governmental Organization","EEA"
8843,"AMS SOU Angel Kanchev-Varna","co",830,"µg/m³","2026-06-27T04:00:00Z","2026-06-27T07:00:00+03:00","Europe/Sofia",43.22438900023895,27.915733000170828,,,,"Unknown Governmental Organization","EEA"
8843,"AMS SOU Angel Kanchev-Varna","co",610,"µg/m³","2026-06-27T05:00:00Z","2026-06-27T08:00:00+03:00","Europe/Sofia",43.22438900023895,27.915733000170828,,,,"Unknown Governmental Organization","EEA"
8843,"AMS SOU Angel Kanchev-Varna","co",300,"µg/m³","2026-06-27T06:00:00Z","2026-06-27T09:00:00+03:00","Europe/Sofia",43.22438900023895,27.915733000170828,,,,"Unknown Governmental Organization","EEA"
8843,"AMS SOU Angel Kanchev-Varna","co",230,"µg/m³","2026-06-27T07:00:00Z","2026-06-27T10:00:00+03:00","Europe/Sofia",43.22438900023895,27.915733000170828,,,,"Unknown Governmental Organization","EEA"
8843,"AMS SOU Angel Kanchev-Varna","co",180,"µg/m³","2026-06-27T08:00:00Z","2026-06-27T11:00:00+03:00","Europe/Sofia",43.22438900023895,27.915733000170828,,,,"Unknown Governmental Organization","EEA"
8843,"AMS SOU Angel Kanchev-Varna","co",150,"µg/m³","2026-06-27T09:00:00Z","2026-06-27T12:00:00+03:00","Europe/Sofia",43.22438900023895,27.915733000170828,,,,"Unknown Governmental Organization","EEA"
8843,"AMS SOU Angel Kanchev-Varna","co",100,"µg/m³","2026-06-27T10:00:00Z","2026-06-27T13:00:00+03:00","Europe/Sofia",43.22438900023895,27.915733000170828,,,,"Unknown Governmental Organization","EEA"
8843,"AMS SOU Angel Kanchev-Varna","co",60,"µg/m³","2026-06-27T11:00:00Z","2026-06-27T14:00:00+03:00","Europe/Sofia",43.22438900023895,27.915733000170828,,,,"Unknown Governmental Organization","EEA"
8843,"AMS SOU Angel Kanchev-Varna","co",60,"µg/m³","2026-06-27T12:00:00Z","2026-06-27T15:00:00+03:00","Europe/Sofia",43.22438900023895,27.915733000170828,,,,"Unknown Governmental Organization","EEA"
8843,"AMS SOU Angel Kanchev-Varna","co",50,"µg/m³","2026-06-27T13:00:00Z","2026-06-27T16:00:00+03:00","Europe/Sofia",43.22438900023895,27.915733000170828,,,,"Unknown Governmental Organization","EEA"
8843,"AMS SOU Angel Kanchev-Varna","co",50,"µg/m³","2026-06-27T14:00:00Z","2026-06-27T17:00:00+03:00","Europe/Sofia",43.22438900023895,27.915733000170828,,,,"Unknown Governmental Organization","EEA"
8843,"AMS SOU Angel Kanchev-Varna","co",60,"µg/m³","2026-06-27T15:00:00Z","2026-06-27T18:00:00+03:00","Europe/Sofia",43.22438900023895,27.915733000170828,,,,"Unknown Governmental Organization","EEA"
8843,"AMS SOU Angel Kanchev-Varna","co",90,"µg/m³","2026-06-27T16:00:00Z","2026-06-27T19:00:00+03:00","Europe/Sofia",43.22438900023895,27.915733000170828,,,,"Unknown Governmental Organization","EEA"
8843,"AMS SOU Angel Kanchev-Varna","co",80,"µg/m³","2026-06-27T17:00:00Z","2026-06-27T20:00:00+03:00","Europe/Sofia",43.22438900023895,27.915733000170828,,,,"Unknown Governmental Organization","EEA"
8843,"AMS SOU Angel Kanchev-Varna","co",120,"µg/m³","2026-06-27T18:00:00Z","2026-06-27T21:00:00+03:00","Europe/Sofia",43.22438900023895,27.915733000170828,,,,"Unknown Governmental Organization","EEA"
8843,"AMS SOU Angel Kanchev-Varna","co",140,"µg/m³","2026-06-27T19:00:00Z","2026-06-27T22:00:00+03:00","Europe/Sofia",43.22438900023895,27.915733000170828,,,,"Unknown Governmental Organization","EEA"
8843,"AMS SOU Angel Kanchev-Varna","co",180,"µg/m³","2026-06-27T20:00:00Z","2026-06-27T23:00:00+03:00","Europe/Sofia",43.22438900023895,27.915733000170828,,,,"Unknown Governmental Organization","EEA"
8843,"AMS SOU Angel Kanchev-Varna","co",180,"µg/m³","2026-06-27T21:00:00Z","2026-06-28T00:00:00+03:00","Europe/Sofia",43.22438900023895,27.915733000170828,,,,"Unknown Governmental Organization","EEA"
8843,"AMS SOU Angel Kanchev-Varna","co",190,"µg/m³","2026-06-27T22:00:00Z","2026-06-28T01:00:00+03:00","Europe/Sofia",43.22438900023895,27.915733000170828,,,,"Unknown Governmental Organization","EEA"
8843,"AMS SOU Angel Kanchev-Varna","co",190,"µg/m³","2026-06-27T23:00:00Z","2026-06-28T02:00:00+03:00","Europe/Sofia",43.22438900023895,27.915733000170828,,,,"Unknown Governmental Organization","EEA"
8843,"AMS SOU Angel Kanchev-Varna","co",190,"µg/m³","2026-06-28T00:00:00Z","2026-06-28T03:00:00+03:00","Europe/Sofia",43.22438900023895,27.915733000170828,,,,"Unknown Governmental Organization","EEA"
8843,"AMS SOU Angel Kanchev-Varna","co",190,"µg/m³","2026-06-28T01:00:00Z","2026-06-28T04:00:00+03:00","Europe/Sofia",43.22438900023895,27.915733000170828,,,,"Unknown Governmental Organization","EEA"
8843,"AMS SOU Angel Kanchev-Varna","co",190,"µg/m³","2026-06-28T02:00:00Z","2026-06-28T05:00:00+03:00","Europe/Sofia",43.22438900023895,27.915733000170828,,,,"Unknown Governmental Organization","EEA"
8843,"AMS SOU Angel Kanchev-Varna","co",190,"µg/m³","2026-06-28T03:00:00Z","2026-06-28T06:00:00+03:00","Europe/Sofia",43.22438900023895,27.915733000170828,,,,"Unknown Governmental Organization","EEA"
8843,"AMS SOU Angel Kanchev-Varna","co",200,"µg/m³","2026-06-28T04:00:00Z","2026-06-28T07:00:00+03:00","Europe/Sofia",43.22438900023895,27.915733000170828,,,,"Unknown Governmental Organization","EEA"
8843,"AMS SOU Angel Kanchev-Varna","co",210,"µg/m³","2026-06-28T05:00:00Z","2026-06-28T08:00:00+03:00","Europe/Sofia",43.22438900023895,27.915733000170828,,,,"Unknown Governmental Organization","EEA"
8843,"AMS SOU Angel Kanchev-Varna","co",240,"µg/m³","2026-06-28T06:00:00Z","2026-06-28T09:00:00+03:00","Europe/Sofia",43.22438900023895,27.915733000170828,,,,"Unknown Governmental Organization","EEA"
8843,"AMS SOU Angel Kanchev-Varna","co",350,"µg/m³","2026-06-28T07:00:00Z","2026-06-28T10:00:00+03:00","Europe/Sofia",43.22438900023895,27.915733000170828,,,,"Unknown Governmental Organization","EEA"
8843,"AMS SOU Angel Kanchev-Varna","co",290,"µg/m³","2026-06-28T08:00:00Z","2026-06-28T11:00:00+03:00","Europe/Sofia",43.22438900023895,27.915733000170828,,,,"Unknown Governmental Organization","EEA"
8843,"AMS SOU Angel Kanchev-Varna","co",160,"µg/m³","2026-06-28T09:00:00Z","2026-06-28T12:00:00+03:00","Europe/Sofia",43.22438900023895,27.915733000170828,,,,"Unknown Governmental Organization","EEA"
8843,"AMS SOU Angel Kanchev-Varna","co",100,"µg/m³","2026-06-28T10:00:00Z","2026-06-28T13:00:00+03:00","Europe/Sofia",43.22438900023895,27.915733000170828,,,,"Unknown Governmental Organization","EEA"
8843,"AMS SOU Angel Kanchev-Varna","co",-1000,"µg/m³","2026-06-28T12:00:00Z","2026-06-28T15:00:00+03:00","Europe/Sofia",43.22438900023895,27.915733000170828,,,,"Unknown Governmental Organization","EEA"
8843,"AMS SOU Angel Kanchev-Varna","co",90,"µg/m³","2026-06-28T13:00:00Z","2026-06-28T16:00:00+03:00","Europe/Sofia",43.22438900023895,27.915733000170828,,,,"Unknown Governmental Organization","EEA"
8843,"AMS SOU Angel Kanchev-Varna","co",-1000,"µg/m³","2026-06-28T14:00:00Z","2026-06-28T17:00:00+03:00","Europe/Sofia",43.22438900023895,27.915733000170828,,,,"Unknown Governmental Organization","EEA"
8843,"AMS SOU Angel Kanchev-Varna","co",-1000,"µg/m³","2026-06-28T15:00:00Z","2026-06-28T18:00:00+03:00","Europe/Sofia",43.22438900023895,27.915733000170828,,,,"Unknown Governmental Organization","EEA"
8843,"AMS SOU Angel Kanchev-Varna","co",-1000,"µg/m³","2026-06-28T16:00:00Z","2026-06-28T19:00:00+03:00","Europe/Sofia",43.22438900023895,27.915733000170828,,,,"Unknown Governmental Organization","EEA"
8843,"AMS SOU Angel Kanchev-Varna","co",230,"µg/m³","2026-06-28T17:00:00Z","2026-06-28T20:00:00+03:00","Europe/Sofia",43.22438900023895,27.915733000170828,,,,"Unknown Governmental Organization","EEA"
8843,"AMS SOU Angel Kanchev-Varna","co",290,"µg/m³","2026-06-28T18:00:00Z","2026-06-28T21:00:00+03:00","Europe/Sofia",43.22438900023895,27.915733000170828,,,,"Unknown Governmental Organization","EEA"
8843,"AMS SOU Angel Kanchev-Varna","co",360,"µg/m³","2026-06-28T19:00:00Z","2026-06-28T22:00:00+03:00","Europe/Sofia",43.22438900023895,27.915733000170828,,,,"Unknown Governmental Organization","EEA"
8843,"AMS SOU Angel Kanchev-Varna","co",420,"µg/m³","2026-06-28T20:00:00Z","2026-06-28T23:00:00+03:00","Europe/Sofia",43.22438900023895,27.915733000170828,,,,"Unknown Governmental Organization","EEA"
8843,"AMS SOU Angel Kanchev-Varna","co",460,"µg/m³","2026-06-28T21:00:00Z","2026-06-29T00:00:00+03:00","Europe/Sofia",43.22438900023895,27.915733000170828,,,,"Unknown Governmental Organization","EEA"
8843,"AMS SOU Angel Kanchev-Varna","co",400,"µg/m³","2026-06-28T22:00:00Z","2026-06-29T01:00:00+03:00","Europe/Sofia",43.22438900023895,27.915733000170828,,,,"Unknown Governmental Organization","EEA"
8843,"AMS SOU Angel Kanchev-Varna","co",430,"µg/m³","2026-06-28T23:00:00Z","2026-06-29T02:00:00+03:00","Europe/Sofia",43.22438900023895,27.915733000170828,,,,"Unknown Governmental Organization","EEA"
8843,"AMS SOU Angel Kanchev-Varna","co",470,"µg/m³","2026-06-29T00:00:00Z","2026-06-29T03:00:00+03:00","Europe/Sofia",43.22438900023895,27.915733000170828,,,,"Unknown Governmental Organization","EEA"
8843,"AMS SOU Angel Kanchev-Varna","co",560,"µg/m³","2026-06-29T01:00:00Z","2026-06-29T04:00:00+03:00","Europe/Sofia",43.22438900023895,27.915733000170828,,,,"Unknown Governmental Organization","EEA"
8843,"AMS SOU Angel Kanchev-Varna","co",720,"µg/m³","2026-06-29T02:00:00Z","2026-06-29T05:00:00+03:00","Europe/Sofia",43.22438900023895,27.915733000170828,,,,"Unknown Governmental Organization","EEA"
8843,"AMS SOU Angel Kanchev-Varna","co",560,"µg/m³","2026-06-29T04:00:00Z","2026-06-29T07:00:00+03:00","Europe/Sofia",43.22438900023895,27.915733000170828,,,,"Unknown Governmental Organization","EEA"
8843,"AMS SOU Angel Kanchev-Varna","co",600,"µg/m³","2026-06-29T05:00:00Z","2026-06-29T08:00:00+03:00","Europe/Sofia",43.22438900023895,27.915733000170828,,,,"Unknown Governmental Organization","EEA"
8843,"AMS SOU Angel Kanchev-Varna","co",620,"µg/m³","2026-06-29T06:00:00Z","2026-06-29T09:00:00+03:00","Europe/Sofia",43.22438900023895,27.915733000170828,,,,"Unknown Governmental Organization","EEA"
8843,"AMS SOU Angel Kanchev-Varna","co",470,"µg/m³","2026-06-29T07:00:00Z","2026-06-29T10:00:00+03:00","Europe/Sofia",43.22438900023895,27.915733000170828,,,,"Unknown Governmental Organization","EEA"
8843,"AMS SOU Angel Kanchev-Varna","co",-1000,"µg/m³","2026-06-29T08:00:00Z","2026-06-29T11:00:00+03:00","Europe/Sofia",43.22438900023895,27.915733000170828,,,,"Unknown Governmental Organization","EEA"
8843,"AMS SOU Angel Kanchev-Varna","co",-1000,"µg/m³","2026-06-29T12:00:00Z","2026-06-29T15:00:00+03:00","Europe/Sofia",43.22438900023895,27.915733000170828,,,,"Unknown Governmental Organization","EEA"
8843,"AMS SOU Angel Kanchev-Varna","co",-1000,"µg/m³","2026-06-29T13:00:00Z","2026-06-29T16:00:00+03:00","Europe/Sofia",43.22438900023895,27.915733000170828,,,,"Unknown Governmental Organization","EEA"
8843,"AMS SOU Angel Kanchev-Varna","co",-1000,"µg/m³","2026-06-29T14:00:00Z","2026-06-29T17:00:00+03:00","Europe/Sofia",43.22438900023895,27.915733000170828,,,,"Unknown Governmental Organization","EEA"
8843,"AMS SOU Angel Kanchev-Varna","co",110,"µg/m³","2026-06-29T15:00:00Z","2026-06-29T18:00:00+03:00","Europe/Sofia",43.22438900023895,27.915733000170828,,,,"Unknown Governmental Organization","EEA"
8843,"AMS SOU Angel Kanchev-Varna","co",90,"µg/m³","2026-06-29T16:00:00Z","2026-06-29T19:00:00+03:00","Europe/Sofia",43.22438900023895,27.915733000170828,,,,"Unknown Governmental Organization","EEA"
8843,"AMS SOU Angel Kanchev-Varna","co",90,"µg/m³","2026-06-29T17:00:00Z","2026-06-29T20:00:00+03:00","Europe/Sofia",43.22438900023895,27.915733000170828,,,,"Unknown Governmental Organization","EEA"
8843,"AMS SOU Angel Kanchev-Varna","co",130,"µg/m³","2026-06-29T18:00:00Z","2026-06-29T21:00:00+03:00","Europe/Sofia",43.22438900023895,27.915733000170828,,,,"Unknown Governmental Organization","EEA"
8843,"AMS SOU Angel Kanchev-Varna","co",230,"µg/m³","2026-06-29T19:00:00Z","2026-06-29T22:00:00+03:00","Europe/Sofia",43.22438900023895,27.915733000170828,,,,"Unknown Governmental Organization","EEA"
8843,"AMS SOU Angel Kanchev-Varna","co",290,"µg/m³","2026-06-29T20:00:00Z","2026-06-29T23:00:00+03:00","Europe/Sofia",43.22438900023895,27.915733000170828,,,,"Unknown Governmental Organization","EEA"
8843,"AMS SOU Angel Kanchev-Varna","co",370,"µg/m³","2026-06-29T21:00:00Z","2026-06-30T00:00:00+03:00","Europe/Sofia",43.22438900023895,27.915733000170828,,,,"Unknown Governmental Organization","EEA"
8843,"AMS SOU Angel Kanchev-Varna","co",300,"µg/m³","2026-06-29T22:00:00Z","2026-06-30T01:00:00+03:00","Europe/Sofia",43.22438900023895,27.915733000170828,,,,"Unknown Governmental Organization","EEA"
8843,"AMS SOU Angel Kanchev-Varna","co",300,"µg/m³","2026-06-29T23:00:00Z","2026-06-30T02:00:00+03:00","Europe/Sofia",43.22438900023895,27.915733000170828,,,,"Unknown Governmental Organization","EEA"
8843,"AMS SOU Angel Kanchev-Varna","co",290,"µg/m³","2026-06-30T00:00:00Z","2026-06-30T03:00:00+03:00","Europe/Sofia",43.22438900023895,27.915733000170828,,,,"Unknown Governmental Organization","EEA"
8843,"AMS SOU Angel Kanchev-Varna","co",240,"µg/m³","2026-06-30T01:00:00Z","2026-06-30T04:00:00+03:00","Europe/Sofia",43.22438900023895,27.915733000170828,,,,"Unknown Governmental Organization","EEA"
8843,"AMS SOU Angel Kanchev-Varna","co",280,"µg/m³","2026-06-30T02:00:00Z","2026-06-30T05:00:00+03:00","Europe/Sofia",43.22438900023895,27.915733000170828,,,,"Unknown Governmental Organization","EEA"
8843,"AMS SOU Angel Kanchev-Varna","co",340,"µg/m³","2026-06-30T03:00:00Z","2026-06-30T06:00:00+03:00","Europe/Sofia",43.22438900023895,27.915733000170828,,,,"Unknown Governmental Organization","EEA"
8843,"AMS SOU Angel Kanchev-Varna","co",270,"µg/m³","2026-06-30T04:00:00Z","2026-06-30T07:00:00+03:00","Europe/Sofia",43.22438900023895,27.915733000170828,,,,"Unknown Governmental Organization","EEA"
8843,"AMS SOU Angel Kanchev-Varna","co",400,"µg/m³","2026-06-30T05:00:00Z","2026-06-30T08:00:00+03:00","Europe/Sofia",43.22438900023895,27.915733000170828,,,,"Unknown Governmental Organization","EEA"
8843,"AMS SOU Angel Kanchev-Varna","co",360,"µg/m³","2026-06-30T06:00:00Z","2026-06-30T09:00:00+03:00","Europe/Sofia",43.22438900023895,27.915733000170828,,,,"Unknown Governmental Organization","EEA"
8843,"AMS SOU Angel Kanchev-Varna","co",300,"µg/m³","2026-06-30T07:00:00Z","2026-06-30T10:00:00+03:00","Europe/Sofia",43.22438900023895,27.915733000170828,,,,"Unknown Governmental Organization","EEA"
8843,"AMS SOU Angel Kanchev-Varna","co",230,"µg/m³","2026-06-30T08:00:00Z","2026-06-30T11:00:00+03:00","Europe/Sofia",43.22438900023895,27.915733000170828,,,,"Unknown Governmental Organization","EEA"
8843,"AMS SOU Angel Kanchev-Varna","co",200,"µg/m³","2026-06-30T09:00:00Z","2026-06-30T12:00:00+03:00","Europe/Sofia",43.22438900023895,27.915733000170828,,,,"Unknown Governmental Organization","EEA"
8843,"AMS SOU Angel Kanchev-Varna","co",120,"µg/m³","2026-06-30T10:00:00Z","2026-06-30T13:00:00+03:00","Europe/Sofia",43.22438900023895,27.915733000170828,,,,"Unknown Governmental Organization","EEA"
8843,"AMS SOU Angel Kanchev-Varna","co",80,"µg/m³","2026-06-30T11:00:00Z","2026-06-30T14:00:00+03:00","Europe/Sofia",43.22438900023895,27.915733000170828,,,,"Unknown Governmental Organization","EEA"
8843,"AMS SOU Angel Kanchev-Varna","co",60,"µg/m³","2026-06-30T12:00:00Z","2026-06-30T15:00:00+03:00","Europe/Sofia",43.22438900023895,27.915733000170828,,,,"Unknown Governmental Organization","EEA"
8843,"AMS SOU Angel Kanchev-Varna","co",50,"µg/m³","2026-06-30T13:00:00Z","2026-06-30T16:00:00+03:00","Europe/Sofia",43.22438900023895,27.915733000170828,,,,"Unknown Governmental Organization","EEA"
8843,"AMS SOU Angel Kanchev-Varna","co",80,"µg/m³","2026-06-30T14:00:00Z","2026-06-30T17:00:00+03:00","Europe/Sofia",43.22438900023895,27.915733000170828,,,,"Unknown Governmental Organization","EEA"
8843,"AMS SOU Angel Kanchev-Varna","co",120,"µg/m³","2026-06-30T15:00:00Z","2026-06-30T18:00:00+03:00","Europe/Sofia",43.22438900023895,27.915733000170828,,,,"Unknown Governmental Organization","EEA"
8843,"AMS SOU Angel Kanchev-Varna","co",110,"µg/m³","2026-06-30T16:00:00Z","2026-06-30T19:00:00+03:00","Europe/Sofia",43.22438900023895,27.915733000170828,,,,"Unknown Governmental Organization","EEA"
8843,"AMS SOU Angel Kanchev-Varna","co",160,"µg/m³","2026-06-30T17:00:00Z","2026-06-30T20:00:00+03:00","Europe/Sofia",43.22438900023895,27.915733000170828,,,,"Unknown Governmental Organization","EEA"
8843,"AMS SOU Angel Kanchev-Varna","co",190,"µg/m³","2026-06-30T18:00:00Z","2026-06-30T21:00:00+03:00","Europe/Sofia",43.22438900023895,27.915733000170828,,,,"Unknown Governmental Organization","EEA"
8843,"AMS SOU Angel Kanchev-Varna","co",230,"µg/m³","2026-06-30T19:00:00Z","2026-06-30T22:00:00+03:00","Europe/Sofia",43.22438900023895,27.915733000170828,,,,"Unknown Governmental Organization","EEA"
8843,"AMS SOU Angel Kanchev-Varna","co",300,"µg/m³","2026-06-30T20:00:00Z","2026-06-30T23:00:00+03:00","Europe/Sofia",43.22438900023895,27.915733000170828,,,,"Unknown Governmental Organization","EEA"
8843,"AMS SOU Angel Kanchev-Varna","co",250,"µg/m³","2026-06-30T21:00:00Z","2026-07-01T00:00:00+03:00","Europe/Sofia",43.22438900023895,27.915733000170828,,,,"Unknown Governmental Organization","EEA"
8843,"AMS SOU Angel Kanchev-Varna","co",340,"µg/m³","2026-06-30T22:00:00Z","2026-07-01T01:00:00+03:00","Europe/Sofia",43.22438900023895,27.915733000170828,,,,"Unknown Governmental Organization","EEA"
8843,"AMS SOU Angel Kanchev-Varna","co",350,"µg/m³","2026-07-01T00:00:00Z","2026-07-01T03:00:00+03:00","Europe/Sofia",43.22438900023895,27.915733000170828,,,,"Unknown Governmental Organization","EEA"
8843,"AMS SOU Angel Kanchev-Varna","co",320,"µg/m³","2026-07-01T01:00:00Z","2026-07-01T04:00:00+03:00","Europe/Sofia",43.22438900023895,27.915733000170828,,,,"Unknown Governmental Organization","EEA"
8843,"AMS SOU Angel Kanchev-Varna","co",350,"µg/m³","2026-07-01T02:00:00Z","2026-07-01T05:00:00+03:00","Europe/Sofia",43.22438900023895,27.915733000170828,,,,"Unknown Governmental Organization","EEA"
8843,"AMS SOU Angel Kanchev-Varna","co",390,"µg/m³","2026-07-01T03:00:00Z","2026-07-01T06:00:00+03:00","Europe/Sofia",43.22438900023895,27.915733000170828,,,,"Unknown Governmental Organization","EEA"
8843,"AMS SOU Angel Kanchev-Varna","co",390,"µg/m³","2026-07-01T04:00:00Z","2026-07-01T07:00:00+03:00","Europe/Sofia",43.22438900023895,27.915733000170828,,,,"Unknown Governmental Organization","EEA"
8843,"AMS SOU Angel Kanchev-Varna","co",310,"µg/m³","2026-07-01T05:00:00Z","2026-07-01T08:00:00+03:00","Europe/Sofia",43.22438900023895,27.915733000170828,,,,"Unknown Governmental Organization","EEA"
8843,"AMS SOU Angel Kanchev-Varna","co",270,"µg/m³","2026-07-01T06:00:00Z","2026-07-01T09:00:00+03:00","Europe/Sofia",43.22438900023895,27.915733000170828,,,,"Unknown Governmental Organization","EEA"
8843,"AMS SOU Angel Kanchev-Varna","co",230,"µg/m³","2026-07-01T07:00:00Z","2026-07-01T10:00:00+03:00","Europe/Sofia",43.22438900023895,27.915733000170828,,,,"Unknown Governmental Organization","EEA"
8843,"AMS SOU Angel Kanchev-Varna","co",210,"µg/m³","2026-07-01T08:00:00Z","2026-07-01T11:00:00+03:00","Europe/Sofia",43.22438900023895,27.915733000170828,,,,"Unknown Governmental Organization","EEA"
8843,"AMS SOU Angel Kanchev-Varna","co",200,"µg/m³","2026-07-01T09:00:00Z","2026-07-01T12:00:00+03:00","Europe/Sofia",43.22438900023895,27.915733000170828,,,,"Unknown Governmental Organization","EEA"
8843,"AMS SOU Angel Kanchev-Varna","co",230,"µg/m³","2026-07-01T10:00:00Z","2026-07-01T13:00:00+03:00","Europe/Sofia",43.22438900023895,27.915733000170828,,,,"Unknown Governmental Organization","EEA"
8843,"AMS SOU Angel Kanchev-Varna","co",100,"µg/m³","2026-07-01T11:00:00Z","2026-07-01T14:00:00+03:00","Europe/Sofia",43.22438900023895,27.915733000170828,,,,"Unknown Governmental Organization","EEA"
8843,"AMS SOU Angel Kanchev-Varna","co",70,"µg/m³","2026-07-01T12:00:00Z","2026-07-01T15:00:00+03:00","Europe/Sofia",43.22438900023895,27.915733000170828,,,,"Unknown Governmental Organization","EEA"
8843,"AMS SOU Angel Kanchev-Varna","co",50,"µg/m³","2026-07-01T13:00:00Z","2026-07-01T16:00:00+03:00","Europe/Sofia",43.22438900023895,27.915733000170828,,,,"Unknown Governmental Organization","EEA"
8843,"AMS SOU Angel Kanchev-Varna","co",50,"µg/m³","2026-07-01T15:00:00Z","2026-07-01T18:00:00+03:00","Europe/Sofia",43.22438900023895,27.915733000170828,,,,"Unknown Governmental Organization","EEA"
8843,"AMS SOU Angel Kanchev-Varna","co",50,"µg/m³","2026-07-01T16:00:00Z","2026-07-01T19:00:00+03:00","Europe/Sofia",43.22438900023895,27.915733000170828,,,,"Unknown Governmental Organization","EEA"
8843,"AMS SOU Angel Kanchev-Varna","co",110,"µg/m³","2026-07-01T17:00:00Z","2026-07-01T20:00:00+03:00","Europe/Sofia",43.22438900023895,27.915733000170828,,,,"Unknown Governmental Organization","EEA"
8843,"AMS SOU Angel Kanchev-Varna","co",140,"µg/m³","2026-07-01T18:00:00Z","2026-07-01T21:00:00+03:00","Europe/Sofia",43.22438900023895,27.915733000170828,,,,"Unknown Governmental Organization","EEA"
8843,"AMS SOU Angel Kanchev-Varna","co",-1000,"µg/m³","2026-07-01T19:00:00Z","2026-07-01T22:00:00+03:00","Europe/Sofia",43.22438900023895,27.915733000170828,,,,"Unknown Governmental Organization","EEA"
8843,"AMS SOU Angel Kanchev-Varna","co",210,"µg/m³","2026-07-01T20:00:00Z","2026-07-01T23:00:00+03:00","Europe/Sofia",43.22438900023895,27.915733000170828,,,,"Unknown Governmental Organization","EEA"
8843,"AMS SOU Angel Kanchev-Varna","co",220,"µg/m³","2026-07-01T21:00:00Z","2026-07-02T00:00:00+03:00","Europe/Sofia",43.22438900023895,27.915733000170828,,,,"Unknown Governmental Organization","EEA"
8843,"AMS SOU Angel Kanchev-Varna","co",190,"µg/m³","2026-07-01T22:00:00Z","2026-07-02T01:00:00+03:00","Europe/Sofia",43.22438900023895,27.915733000170828,,,,"Unknown Governmental Organization","EEA"
8843,"AMS SOU Angel Kanchev-Varna","co",210,"µg/m³","2026-07-01T23:00:00Z","2026-07-02T02:00:00+03:00","Europe/Sofia",43.22438900023895,27.915733000170828,,,,"Unknown Governmental Organization","EEA"
8843,"AMS SOU Angel Kanchev-Varna","co",280,"µg/m³","2026-07-02T00:00:00Z","2026-07-02T03:00:00+03:00","Europe/Sofia",43.22438900023895,27.915733000170828,,,,"Unknown Governmental Organization","EEA"
8843,"AMS SOU Angel Kanchev-Varna","no2",45.25,"µg/m³","2026-06-01T01:00:00Z","2026-06-01T04:00:00+03:00","Europe/Sofia",43.22438900023895,27.915733000170828,,,,"Unknown Governmental Organization","EEA"
8843,"AMS SOU Angel Kanchev-Varna","no2",31.87,"µg/m³","2026-06-01T02:00:00Z","2026-06-01T05:00:00+03:00","Europe/Sofia",43.22438900023895,27.915733000170828,,,,"Unknown Governmental Organization","EEA"
8843,"AMS SOU Angel Kanchev-Varna","no2",34.47,"µg/m³","2026-06-01T03:00:00Z","2026-06-01T06:00:00+03:00","Europe/Sofia",43.22438900023895,27.915733000170828,,,,"Unknown Governmental Organization","EEA"
8843,"AMS SOU Angel Kanchev-Varna","no2",23.92,"µg/m³","2026-06-01T04:00:00Z","2026-06-01T07:00:00+03:00","Europe/Sofia",43.22438900023895,27.915733000170828,,,,"Unknown Governmental Organization","EEA"
8843,"AMS SOU Angel Kanchev-Varna","no2",62.15,"µg/m³","2026-06-01T06:00:00Z","2026-06-01T09:00:00+03:00","Europe/Sofia",43.22438900023895,27.915733000170828,,,,"Unknown Governmental Organization","EEA"
8843,"AMS SOU Angel Kanchev-Varna","no2",74.77,"µg/m³","2026-06-01T07:00:00Z","2026-06-01T10:00:00+03:00","Europe/Sofia",43.22438900023895,27.915733000170828,,,,"Unknown Governmental Organization","EEA"
8843,"AMS SOU Angel Kanchev-Varna","no2",50.25,"µg/m³","2026-06-01T08:00:00Z","2026-06-01T11:00:00+03:00","Europe/Sofia",43.22438900023895,27.915733000170828,,,,"Unknown Governmental Organization","EEA"
8843,"AMS SOU Angel Kanchev-Varna","no2",31.29,"µg/m³","2026-06-01T09:00:00Z","2026-06-01T12:00:00+03:00","Europe/Sofia",43.22438900023895,27.915733000170828,,,,"Unknown Governmental Organization","EEA"
8843,"AMS SOU Angel Kanchev-Varna","no2",29.33,"µg/m³","2026-06-01T10:00:00Z","2026-06-01T13:00:00+03:00","Europe/Sofia",43.22438900023895,27.915733000170828,,,,"Unknown Governmental Organization","EEA"
8843,"AMS SOU Angel Kanchev-Varna","no2",27.49,"µg/m³","2026-06-01T11:00:00Z","2026-06-01T14:00:00+03:00","Europe/Sofia",43.22438900023895,27.915733000170828,,,,"Unknown Governmental Organization","EEA"
8843,"AMS SOU Angel Kanchev-Varna","no2",31.2,"µg/m³","2026-06-01T12:00:00Z","2026-06-01T15:00:00+03:00","Europe/Sofia",43.22438900023895,27.915733000170828,,,,"Unknown Governmental Organization","EEA"
8843,"AMS SOU Angel Kanchev-Varna","no2",34.48,"µg/m³","2026-06-01T13:00:00Z","2026-06-01T16:00:00+03:00","Europe/Sofia",43.22438900023895,27.915733000170828,,,,"Unknown Governmental Organization","EEA"
8843,"AMS SOU Angel Kanchev-Varna","no2",25.45,"µg/m³","2026-06-01T14:00:00Z","2026-06-01T17:00:00+03:00","Europe/Sofia",43.22438900023895,27.915733000170828,,,,"Unknown Governmental Organization","EEA"
8843,"AMS SOU Angel Kanchev-Varna","no2",35.6,"µg/m³","2026-06-01T16:00:00Z","2026-06-01T19:00:00+03:00","Europe/Sofia",43.22438900023895,27.915733000170828,,,,"Unknown Governmental Organization","EEA"
8843,"AMS SOU Angel Kanchev-Varna","no2",41.71,"µg/m³","2026-06-01T17:00:00Z","2026-06-01T20:00:00+03:00","Europe/Sofia",43.22438900023895,27.915733000170828,,,,"Unknown Governmental Organization","EEA"
8843,"AMS SOU Angel Kanchev-Varna","no2",27.74,"µg/m³","2026-06-01T18:00:00Z","2026-06-01T21:00:00+03:00","Europe/Sofia",43.22438900023895,27.915733000170828,,,,"Unknown Governmental Organization","EEA"
8843,"AMS SOU Angel Kanchev-Varna","no2",29.79,"µg/m³","2026-06-01T19:00:00Z","2026-06-01T22:00:00+03:00","Europe/Sofia",43.22438900023895,27.915733000170828,,,,"Unknown Governmental Organization","EEA"
8843,"AMS SOU Angel Kanchev-Varna","no2",32.15,"µg/m³","2026-06-01T20:00:00Z","2026-06-01T23:00:00+03:00","Europe/Sofia",43.22438900023895,27.915733000170828,,,,"Unknown Governmental Organization","EEA"
8843,"AMS SOU Angel Kanchev-Varna","no2",24.14,"µg/m³","2026-06-01T21:00:00Z","2026-06-02T00:00:00+03:00","Europe/Sofia",43.22438900023895,27.915733000170828,,,,"Unknown Governmental Organization","EEA"
8843,"AMS SOU Angel Kanchev-Varna","no2",29.19,"µg/m³","2026-06-01T22:00:00Z","2026-06-02T01:00:00+03:00","Europe/Sofia",43.22438900023895,27.915733000170828,,,,"Unknown Governmental Organization","EEA"
8843,"AMS SOU Angel Kanchev-Varna","no2",25,"µg/m³","2026-06-01T23:00:00Z","2026-06-02T02:00:00+03:00","Europe/Sofia",43.22438900023895,27.915733000170828,,,,"Unknown Governmental Organization","EEA"
8843,"AMS SOU Angel Kanchev-Varna","no2",22.45,"µg/m³","2026-06-02T00:00:00Z","2026-06-02T03:00:00+03:00","Europe/Sofia",43.22438900023895,27.915733000170828,,,,"Unknown Governmental Organization","EEA"
8843,"AMS SOU Angel Kanchev-Varna","no2",21.16,"µg/m³","2026-06-02T01:00:00Z","2026-06-02T04:00:00+03:00","Europe/Sofia",43.22438900023895,27.915733000170828,,,,"Unknown Governmental Organization","EEA"
8843,"AMS SOU Angel Kanchev-Varna","no2",20.91,"µg/m³","2026-06-02T02:00:00Z","2026-06-02T05:00:00+03:00","Europe/Sofia",43.22438900023895,27.915733000170828,,,,"Unknown Governmental Organization","EEA"
8843,"AMS SOU Angel Kanchev-Varna","no2",22.45,"µg/m³","2026-06-02T03:00:00Z","2026-06-02T06:00:00+03:00","Europe/Sofia",43.22438900023895,27.915733000170828,,,,"Unknown Governmental Organization","EEA"
8843,"AMS SOU Angel Kanchev-Varna","no2",23.46,"µg/m³","2026-06-02T04:00:00Z","2026-06-02T07:00:00+03:00","Europe/Sofia",43.22438900023895,27.915733000170828,,,,"Unknown Governmental Organization","EEA"
8843,"AMS SOU Angel Kanchev-Varna","no2",20.36,"µg/m³","2026-06-02T05:00:00Z","2026-06-02T08:00:00+03:00","Europe/Sofia",43.22438900023895,27.915733000170828,,,,"Unknown Governmental Organization","EEA"
8843,"AMS SOU Angel Kanchev-Varna","no2",30.96,"µg/m³","2026-06-02T06:00:00Z","2026-06-02T09:00:00+03:00","Europe/Sofia",43.22438900023895,27.915733000170828,,,,"Unknown Governmental Organization","EEA"
8843,"AMS SOU Angel Kanchev-Varna","no2",42.95,"µg/m³","2026-06-02T07:00:00Z","2026-06-02T10:00:00+03:00","Europe/Sofia",43.22438900023895,27.915733000170828,,,,"Unknown Governmental Organization","EEA"
8843,"AMS SOU Angel Kanchev-Varna","no2",33.9,"µg/m³","2026-06-02T08:00:00Z","2026-06-02T11:00:00+03:00","Europe/Sofia",43.22438900023895,27.915733000170828,,,,"Unknown Governmental Organization","EEA"
8843,"AMS SOU Angel Kanchev-Varna","no2",24.05,"µg/m³","2026-06-02T09:00:00Z","2026-06-02T12:00:00+03:00","Europe/Sofia",43.22438900023895,27.915733000170828,,,,"Unknown Governmental Organization","EEA"
8843,"AMS SOU Angel Kanchev-Varna","no2",24.21,"µg/m³","2026-06-02T10:00:00Z","2026-06-02T13:00:00+03:00","Europe/Sofia",43.22438900023895,27.915733000170828,,,,"Unknown Governmental Organization","EEA"
8843,"AMS SOU Angel Kanchev-Varna","no2",32.25,"µg/m³","2026-06-02T11:00:00Z","2026-06-02T14:00:00+03:00","Europe/Sofia",43.22438900023895,27.915733000170828,,,,"Unknown Governmental Organization","EEA"
8843,"AMS SOU Angel Kanchev-Varna","no2",30.78,"µg/m³","2026-06-02T12:00:00Z","2026-06-02T15:00:00+03:00","Europe/Sofia",43.22438900023895,27.915733000170828,,,,"Unknown Governmental Organization","EEA"
8843,"AMS SOU Angel Kanchev-Varna","no2",19.17,"µg/m³","2026-06-02T13:00:00Z","2026-06-02T16:00:00+03:00","Europe/Sofia",43.22438900023895,27.915733000170828,,,,"Unknown Governmental Organization","EEA"
8843,"AMS SOU Angel Kanchev-Varna","no2",29.02,"µg/m³","2026-06-02T14:00:00Z","2026-06-02T17:00:00+03:00","Europe/Sofia",43.22438900023895,27.915733000170828,,,,"Unknown Governmental Organization","EEA"
8843,"AMS SOU Angel Kanchev-Varna","no2",42.82,"µg/m³","2026-06-02T15:00:00Z","2026-06-02T18:00:00+03:00","Europe/Sofia",43.22438900023895,27.915733000170828,,,,"Unknown Governmental Organization","EEA"
8843,"AMS SOU Angel Kanchev-Varna","no2",54.17,"µg/m³","2026-06-02T16:00:00Z","2026-06-02T19:00:00+03:00","Europe/Sofia",43.22438900023895,27.915733000170828,,,,"Unknown Governmental Organization","EEA"
8843,"AMS SOU Angel Kanchev-Varna","no2",48.3,"µg/m³","2026-06-02T17:00:00Z","2026-06-02T20:00:00+03:00","Europe/Sofia",43.22438900023895,27.915733000170828,,,,"Unknown Governmental Organization","EEA"
8843,"AMS SOU Angel Kanchev-Varna","no2",52.63,"µg/m³","2026-06-02T18:00:00Z","2026-06-02T21:00:00+03:00","Europe/Sofia",43.22438900023895,27.915733000170828,,,,"Unknown Governmental Organization","EEA"
8843,"AMS SOU Angel Kanchev-Varna","no2",40.94,"µg/m³","2026-06-02T19:00:00Z","2026-06-02T22:00:00+03:00","Europe/Sofia",43.22438900023895,27.915733000170828,,,,"Unknown Governmental Organization","EEA"
8843,"AMS SOU Angel Kanchev-Varna","no2",45.13,"µg/m³","2026-06-02T20:00:00Z","2026-06-02T23:00:00+03:00","Europe/Sofia",43.22438900023895,27.915733000170828,,,,"Unknown Governmental Organization","EEA"
8843,"AMS SOU Angel Kanchev-Varna","no2",49.13,"µg/m³","2026-06-02T21:00:00Z","2026-06-03T00:00:00+03:00","Europe/Sofia",43.22438900023895,27.915733000170828,,,,"Unknown Governmental Organization","EEA"
8843,"AMS SOU Angel Kanchev-Varna","no2",45.73,"µg/m³","2026-06-02T22:00:00Z","2026-06-03T01:00:00+03:00","Europe/Sofia",43.22438900023895,27.915733000170828,,,,"Unknown Governmental Organization","EEA"
8843,"AMS SOU Angel Kanchev-Varna","no2",49.8,"µg/m³","2026-06-02T23:00:00Z","2026-06-03T02:00:00+03:00","Europe/Sofia",43.22438900023895,27.915733000170828,,,,"Unknown Governmental Organization","EEA"
8843,"AMS SOU Angel Kanchev-Varna","no2",34.04,"µg/m³","2026-06-03T00:00:00Z","2026-06-03T03:00:00+03:00","Europe/Sofia",43.22438900023895,27.915733000170828,,,,"Unknown Governmental Organization","EEA"
8843,"AMS SOU Angel Kanchev-Varna","no2",33.7,"µg/m³","2026-06-03T01:00:00Z","2026-06-03T04:00:00+03:00","Europe/Sofia",43.22438900023895,27.915733000170828,,,,"Unknown Governmental Organization","EEA"
8843,"AMS SOU Angel Kanchev-Varna","no2",34.11,"µg/m³","2026-06-03T02:00:00Z","2026-06-03T05:00:00+03:00","Europe/Sofia",43.22438900023895,27.915733000170828,,,,"Unknown Governmental Organization","EEA"
8843,"AMS SOU Angel Kanchev-Varna","no2",29.85,"µg/m³","2026-06-03T03:00:00Z","2026-06-03T06:00:00+03:00","Europe/Sofia",43.22438900023895,27.915733000170828,,,,"Unknown Governmental Organization","EEA"
8843,"AMS SOU Angel Kanchev-Varna","no2",35.08,"µg/m³","2026-06-03T04:00:00Z","2026-06-03T07:00:00+03:00","Europe/Sofia",43.22438900023895,27.915733000170828,,,,"Unknown Governmental Organization","EEA"
8843,"AMS SOU Angel Kanchev-Varna","no2",39.01,"µg/m³","2026-06-03T05:00:00Z","2026-06-03T08:00:00+03:00","Europe/Sofia",43.22438900023895,27.915733000170828,,,,"Unknown Governmental Organization","EEA"
8843,"AMS SOU Angel Kanchev-Varna","no2",66.29,"µg/m³","2026-06-03T07:00:00Z","2026-06-03T10:00:00+03:00","Europe/Sofia",43.22438900023895,27.915733000170828,,,,"Unknown Governmental Organization","EEA"
8843,"AMS SOU Angel Kanchev-Varna","no2",65.23,"µg/m³","2026-06-03T08:00:00Z","2026-06-03T11:00:00+03:00","Europe/Sofia",43.22438900023895,27.915733000170828,,,,"Unknown Governmental Organization","EEA"
8843,"AMS SOU Angel Kanchev-Varna","no2",72.9,"µg/m³","2026-06-03T09:00:00Z","2026-06-03T12:00:00+03:00","Europe/Sofia",43.22438900023895,27.915733000170828,,,,"Unknown Governmental Organization","EEA"
8843,"AMS SOU Angel Kanchev-Varna","no2",-1,"µg/m³","2026-06-03T10:00:00Z","2026-06-03T13:00:00+03:00","Europe/Sofia",43.22438900023895,27.915733000170828,,,,"Unknown Governmental Organization","EEA"
8843,"AMS SOU Angel Kanchev-Varna","no2",23.57,"µg/m³","2026-06-03T11:00:00Z","2026-06-03T14:00:00+03:00","Europe/Sofia",43.22438900023895,27.915733000170828,,,,"Unknown Governmental Organization","EEA"
8843,"AMS SOU Angel Kanchev-Varna","no2",19.91,"µg/m³","2026-06-03T12:00:00Z","2026-06-03T15:00:00+03:00","Europe/Sofia",43.22438900023895,27.915733000170828,,,,"Unknown Governmental Organization","EEA"
8843,"AMS SOU Angel Kanchev-Varna","no2",19.25,"µg/m³","2026-06-03T13:00:00Z","2026-06-03T16:00:00+03:00","Europe/Sofia",43.22438900023895,27.915733000170828,,,,"Unknown Governmental Organization","EEA"
8843,"AMS SOU Angel Kanchev-Varna","no2",17.24,"µg/m³","2026-06-03T15:00:00Z","2026-06-03T18:00:00+03:00","Europe/Sofia",43.22438900023895,27.915733000170828,,,,"Unknown Governmental Organization","EEA"
8843,"AMS SOU Angel Kanchev-Varna","no2",20.32,"µg/m³","2026-06-03T16:00:00Z","2026-06-03T19:00:00+03:00","Europe/Sofia",43.22438900023895,27.915733000170828,,,,"Unknown Governmental Organization","EEA"
8843,"AMS SOU Angel Kanchev-Varna","no2",18.34,"µg/m³","2026-06-03T17:00:00Z","2026-06-03T20:00:00+03:00","Europe/Sofia",43.22438900023895,27.915733000170828,,,,"Unknown Governmental Organization","EEA"
8843,"AMS SOU Angel Kanchev-Varna","no2",19.68,"µg/m³","2026-06-03T18:00:00Z","2026-06-03T21:00:00+03:00","Europe/Sofia",43.22438900023895,27.915733000170828,,,,"Unknown Governmental Organization","EEA"
8843,"AMS SOU Angel Kanchev-Varna","no2",18.71,"µg/m³","2026-06-03T19:00:00Z","2026-06-03T22:00:00+03:00","Europe/Sofia",43.22438900023895,27.915733000170828,,,,"Unknown Governmental Organization","EEA"
8843,"AMS SOU Angel Kanchev-Varna","no2",25.52,"µg/m³","2026-06-03T21:00:00Z","2026-06-04T00:00:00+03:00","Europe/Sofia",43.22438900023895,27.915733000170828,,,,"Unknown Governmental Organization","EEA"
8843,"AMS SOU Angel Kanchev-Varna","no2",18.19,"µg/m³","2026-06-03T22:00:00Z","2026-06-04T01:00:00+03:00","Europe/Sofia",43.22438900023895,27.915733000170828,,,,"Unknown Governmental Organization","EEA"
8843,"AMS SOU Angel Kanchev-Varna","no2",12.65,"µg/m³","2026-06-03T23:00:00Z","2026-06-04T02:00:00+03:00","Europe/Sofia",43.22438900023895,27.915733000170828,,,,"Unknown Governmental Organization","EEA"
8843,"AMS SOU Angel Kanchev-Varna","no2",10.31,"µg/m³","2026-06-04T00:00:00Z","2026-06-04T03:00:00+03:00","Europe/Sofia",43.22438900023895,27.915733000170828,,,,"Unknown Governmental Organization","EEA"
8843,"AMS SOU Angel Kanchev-Varna","no2",10.39,"µg/m³","2026-06-04T01:00:00Z","2026-06-04T04:00:00+03:00","Europe/Sofia",43.22438900023895,27.915733000170828,,,,"Unknown Governmental Organization","EEA"
8843,"AMS SOU Angel Kanchev-Varna","no2",9.94,"µg/m³","2026-06-04T02:00:00Z","2026-06-04T05:00:00+03:00","Europe/Sofia",43.22438900023895,27.915733000170828,,,,"Unknown Governmental Organization","EEA"
8843,"AMS SOU Angel Kanchev-Varna","no2",12.61,"µg/m³","2026-06-04T03:00:00Z","2026-06-04T06:00:00+03:00","Europe/Sofia",43.22438900023895,27.915733000170828,,,,"Unknown Governmental Organization","EEA"
8843,"AMS SOU Angel Kanchev-Varna","no2",16.17,"µg/m³","2026-06-04T04:00:00Z","2026-06-04T07:00:00+03:00","Europe/Sofia",43.22438900023895,27.915733000170828,,,,"Unknown Governmental Organization","EEA"
8843,"AMS SOU Angel Kanchev-Varna","no2",25.28,"µg/m³","2026-06-04T05:00:00Z","2026-06-04T08:00:00+03:00","Europe/Sofia",43.22438900023895,27.915733000170828,,,,"Unknown Governmental Organization","EEA"
8843,"AMS SOU Angel Kanchev-Varna","no2",31.65,"µg/m³","2026-06-04T06:00:00Z","2026-06-04T09:00:00+03:00","Europe/Sofia",43.22438900023895,27.915733000170828,,,,"Unknown Governmental Organization","EEA"
8843,"AMS SOU Angel Kanchev-Varna","no2",22.57,"µg/m³","2026-06-04T07:00:00Z","2026-06-04T10:00:00+03:00","Europe/Sofia",43.22438900023895,27.915733000170828,,,,"Unknown Governmental Organization","EEA"
8843,"AMS SOU Angel Kanchev-Varna","no2",20.01,"µg/m³","2026-06-04T08:00:00Z","2026-06-04T11:00:00+03:00","Europe/Sofia",43.22438900023895,27.915733000170828,,,,"Unknown Governmental Organization","EEA"
8843,"AMS SOU Angel Kanchev-Varna","no2",14.48,"µg/m³","2026-06-04T09:00:00Z","2026-06-04T12:00:00+03:00","Europe/Sofia",43.22438900023895,27.915733000170828,,,,"Unknown Governmental Organization","EEA"
8843,"AMS SOU Angel Kanchev-Varna","no2",14.11,"µg/m³","2026-06-04T10:00:00Z","2026-06-04T13:00:00+03:00","Europe/Sofia",43.22438900023895,27.915733000170828,,,,"Unknown Governmental Organization","EEA"
8843,"AMS SOU Angel Kanchev-Varna","no2",13.19,"µg/m³","2026-06-04T11:00:00Z","2026-06-04T14:00:00+03:00","Europe/Sofia",43.22438900023895,27.915733000170828,,,,"Unknown Governmental Organization","EEA"
8843,"AMS SOU Angel Kanchev-Varna","no2",14.48,"µg/m³","2026-06-04T13:00:00Z","2026-06-04T16:00:00+03:00","Europe/Sofia",43.22438900023895,27.915733000170828,,,,"Unknown Governmental Organization","EEA"
8843,"AMS SOU Angel Kanchev-Varna","no2",13.19,"µg/m³","2026-06-04T14:00:00Z","2026-06-04T17:00:00+03:00","Europe/Sofia",43.22438900023895,27.915733000170828,,,,"Unknown Governmental Organization","EEA"
8843,"AMS SOU Angel Kanchev-Varna","no2",18.83,"µg/m³","2026-06-04T15:00:00Z","2026-06-04T18:00:00+03:00","Europe/Sofia",43.22438900023895,27.915733000170828,,,,"Unknown Governmental Organization","EEA"
8843,"AMS SOU Angel Kanchev-Varna","no2",21.89,"µg/m³","2026-06-04T16:00:00Z","2026-06-04T19:00:00+03:00","Europe/Sofia",43.22438900023895,27.915733000170828,,,,"Unknown Governmental Organization","EEA"
8843,"AMS SOU Angel Kanchev-Varna","no2",27.19,"µg/m³","2026-06-04T17:00:00Z","2026-06-04T20:00:00+03:00","Europe/Sofia",43.22438900023895,27.915733000170828,,,,"Unknown Governmental Organization","EEA"
8843,"AMS SOU Angel Kanchev-Varna","no2",29.84,"µg/m³","2026-06-04T18:00:00Z","2026-06-04T21:00:00+03:00","Europe/Sofia",43.22438900023895,27.915733000170828,,,,"Unknown Governmental Organization","EEA"
8843,"AMS SOU Angel Kanchev-Varna","no2",17.78,"µg/m³","2026-06-04T19:00:00Z","2026-06-04T22:00:00+03:00","Europe/Sofia",43.22438900023895,27.915733000170828,,,,"Unknown Governmental Organization","EEA"
8843,"AMS SOU Angel Kanchev-Varna","no2",21.92,"µg/m³","2026-06-04T20:00:00Z","2026-06-04T23:00:00+03:00","Europe/Sofia",43.22438900023895,27.915733000170828,,,,"Unknown Governmental Organization","EEA"
8843,"AMS SOU Angel Kanchev-Varna","no2",25.35,"µg/m³","2026-06-04T21:00:00Z","2026-06-05T00:00:00+03:00","Europe/Sofia",43.22438900023895,27.915733000170828,,,,"Unknown Governmental Organization","EEA"
8843,"AMS SOU Angel Kanchev-Varna","no2",16.44,"µg/m³","2026-06-04T22:00:00Z","2026-06-05T01:00:00+03:00","Europe/Sofia",43.22438900023895,27.915733000170828,,,,"Unknown Governmental Organization","EEA"
8843,"AMS SOU Angel Kanchev-Varna","no2",13.61,"µg/m³","2026-06-04T23:00:00Z","2026-06-05T02:00:00+03:00","Europe/Sofia",43.22438900023895,27.915733000170828,,,,"Unknown Governmental Organization","EEA"
8843,"AMS SOU Angel Kanchev-Varna","no2",12.36,"µg/m³","2026-06-05T00:00:00Z","2026-06-05T03:00:00+03:00","Europe/Sofia",43.22438900023895,27.915733000170828,,,,"Unknown Governmental Organization","EEA"
8843,"AMS SOU Angel Kanchev-Varna","no2",16.78,"µg/m³","2026-06-05T02:00:00Z","2026-06-05T05:00:00+03:00","Europe/Sofia",43.22438900023895,27.915733000170828,,,,"Unknown Governmental Organization","EEA"
8843,"AMS SOU Angel Kanchev-Varna","no2",22.75,"µg/m³","2026-06-05T04:00:00Z","2026-06-05T07:00:00+03:00","Europe/Sofia",43.22438900023895,27.915733000170828,,,,"Unknown Governmental Organization","EEA"
8843,"AMS SOU Angel Kanchev-Varna","no2",16.04,"µg/m³","2026-06-05T05:00:00Z","2026-06-05T08:00:00+03:00","Europe/Sofia",43.22438900023895,27.915733000170828,,,,"Unknown Governmental Organization","EEA"
8843,"AMS SOU Angel Kanchev-Varna","no2",35.01,"µg/m³","2026-06-05T06:00:00Z","2026-06-05T09:00:00+03:00","Europe/Sofia",43.22438900023895,27.915733000170828,,,,"Unknown Governmental Organization","EEA"
8843,"AMS SOU Angel Kanchev-Varna","no2",46.03,"µg/m³","2026-06-05T07:00:00Z","2026-06-05T10:00:00+03:00","Europe/Sofia",43.22438900023895,27.915733000170828,,,,"Unknown Governmental Organization","EEA"
8843,"AMS SOU Angel Kanchev-Varna","no2",27.77,"µg/m³","2026-06-05T08:00:00Z","2026-06-05T11:00:00+03:00","Europe/Sofia",43.22438900023895,27.915733000170828,,,,"Unknown Governmental Organization","EEA"
8843,"AMS SOU Angel Kanchev-Varna","no2",20.36,"µg/m³","2026-06-05T09:00:00Z","2026-06-05T12:00:00+03:00","Europe/Sofia",43.22438900023895,27.915733000170828,,,,"Unknown Governmental Organization","EEA"
8843,"AMS SOU Angel Kanchev-Varna","no2",15.23,"µg/m³","2026-06-05T10:00:00Z","2026-06-05T13:00:00+03:00","Europe/Sofia",43.22438900023895,27.915733000170828,,,,"Unknown Governmental Organization","EEA"
8843,"AMS SOU Angel Kanchev-Varna","no2",13.56,"µg/m³","2026-06-05T11:00:00Z","2026-06-05T14:00:00+03:00","Europe/Sofia",43.22438900023895,27.915733000170828,,,,"Unknown Governmental Organization","EEA"
8843,"AMS SOU Angel Kanchev-Varna","no2",13.14,"µg/m³","2026-06-05T14:00:00Z","2026-06-05T17:00:00+03:00","Europe/Sofia",43.22438900023895,27.915733000170828,,,,"Unknown Governmental Organization","EEA"
8843,"AMS SOU Angel Kanchev-Varna","no2",15.17,"µg/m³","2026-06-05T15:00:00Z","2026-06-05T18:00:00+03:00","Europe/Sofia",43.22438900023895,27.915733000170828,,,,"Unknown Governmental Organization","EEA"
8843,"AMS SOU Angel Kanchev-Varna","no2",18.73,"µg/m³","2026-06-05T18:00:00Z","2026-06-05T21:00:00+03:00","Europe/Sofia",43.22438900023895,27.915733000170828,,,,"Unknown Governmental Organization","EEA"
8843,"AMS SOU Angel Kanchev-Varna","no2",14.33,"µg/m³","2026-06-05T19:00:00Z","2026-06-05T22:00:00+03:00","Europe/Sofia",43.22438900023895,27.915733000170828,,,,"Unknown Governmental Organization","EEA"
8843,"AMS SOU Angel Kanchev-Varna","no2",11.21,"µg/m³","2026-06-05T20:00:00Z","2026-06-05T23:00:00+03:00","Europe/Sofia",43.22438900023895,27.915733000170828,,,,"Unknown Governmental Organization","EEA"
8843,"AMS SOU Angel Kanchev-Varna","no2",8.65,"µg/m³","2026-06-05T21:00:00Z","2026-06-06T00:00:00+03:00","Europe/Sofia",43.22438900023895,27.915733000170828,,,,"Unknown Governmental Organization","EEA"
8843,"AMS SOU Angel Kanchev-Varna","no2",7.34,"µg/m³","2026-06-05T22:00:00Z","2026-06-06T01:00:00+03:00","Europe/Sofia",43.22438900023895,27.915733000170828,,,,"Unknown Governmental Organization","EEA"
8843,"AMS SOU Angel Kanchev-Varna","no2",8.65,"µg/m³","2026-06-05T23:00:00Z","2026-06-06T02:00:00+03:00","Europe/Sofia",43.22438900023895,27.915733000170828,,,,"Unknown Governmental Organization","EEA"
8843,"AMS SOU Angel Kanchev-Varna","no2",12.16,"µg/m³","2026-06-06T00:00:00Z","2026-06-06T03:00:00+03:00","Europe/Sofia",43.22438900023895,27.915733000170828,,,,"Unknown Governmental Organization","EEA"
8843,"AMS SOU Angel Kanchev-Varna","no2",17.86,"µg/m³","2026-06-06T01:00:00Z","2026-06-06T04:00:00+03:00","Europe/Sofia",43.22438900023895,27.915733000170828,,,,"Unknown Governmental Organization","EEA"
8843,"AMS SOU Angel Kanchev-Varna","no2",15.57,"µg/m³","2026-06-06T02:00:00Z","2026-06-06T05:00:00+03:00","Europe/Sofia",43.22438900023895,27.915733000170828,,,,"Unknown Governmental Organization","EEA"
8843,"AMS SOU Angel Kanchev-Varna","no2",9.5,"µg/m³","2026-06-06T15:00:00Z","2026-06-06T18:00:00+03:00","Europe/Sofia",43.22438900023895,27.915733000170828,,,,"Unknown Governmental Organization","EEA"
8843,"AMS SOU Angel Kanchev-Varna","no2",13.73,"µg/m³","2026-06-06T16:00:00Z","2026-06-06T19:00:00+03:00","Europe/Sofia",43.22438900023895,27.915733000170828,,,,"Unknown Governmental Organization","EEA"
8843,"AMS SOU Angel Kanchev-Varna","no2",16.36,"µg/m³","2026-06-06T18:00:00Z","2026-06-06T21:00:00+03:00","Europe/Sofia",43.22438900023895,27.915733000170828,,,,"Unknown Governmental Organization","EEA"
8843,"AMS SOU Angel Kanchev-Varna","no2",20.3,"µg/m³","2026-06-06T20:00:00Z","2026-06-06T23:00:00+03:00","Europe/Sofia",43.22438900023895,27.915733000170828,,,,"Unknown Governmental Organization","EEA"
8843,"AMS SOU Angel Kanchev-Varna","no2",25.21,"µg/m³","2026-06-07T03:00:00Z","2026-06-07T06:00:00+03:00","Europe/Sofia",43.22438900023895,27.915733000170828,,,,"Unknown Governmental Organization","EEA"
8843,"AMS SOU Angel Kanchev-Varna","no2",12.49,"µg/m³","2026-06-07T04:00:00Z","2026-06-07T07:00:00+03:00","Europe/Sofia",43.22438900023895,27.915733000170828,,,,"Unknown Governmental Organization","EEA"
8843,"AMS SOU Angel Kanchev-Varna","no2",22.87,"µg/m³","2026-06-07T07:00:00Z","2026-06-07T10:00:00+03:00","Europe/Sofia",43.22438900023895,27.915733000170828,,,,"Unknown Governmental Organization","EEA"
8843,"AMS SOU Angel Kanchev-Varna","no2",26.48,"µg/m³","2026-06-07T09:00:00Z","2026-06-07T12:00:00+03:00","Europe/Sofia",43.22438900023895,27.915733000170828,,,,"Unknown Governmental Organization","EEA"
8843,"AMS SOU Angel Kanchev-Varna","no2",11.85,"µg/m³","2026-06-07T16:00:00Z","2026-06-07T19:00:00+03:00","Europe/Sofia",43.22438900023895,27.915733000170828,,,,"Unknown Governmental Organization","EEA"
8843,"AMS SOU Angel Kanchev-Varna","no2",22.99,"µg/m³","2026-06-08T00:00:00Z","2026-06-08T03:00:00+03:00","Europe/Sofia",43.22438900023895,27.915733000170828,,,,"Unknown Governmental Organization","EEA"
8843,"AMS SOU Angel Kanchev-Varna","no2",11.1,"µg/m³","2026-06-08T02:00:00Z","2026-06-08T05:00:00+03:00","Europe/Sofia",43.22438900023895,27.915733000170828,,,,"Unknown Governmental Organization","EEA"
8843,"AMS SOU Angel Kanchev-Varna","no2",10.89,"µg/m³","2026-06-08T03:00:00Z","2026-06-08T06:00:00+03:00","Europe/Sofia",43.22438900023895,27.915733000170828,,,,"Unknown Governmental Organization","EEA"
8843,"AMS SOU Angel Kanchev-Varna","no2",19.5,"µg/m³","2026-06-08T05:00:00Z","2026-06-08T08:00:00+03:00","Europe/Sofia",43.22438900023895,27.915733000170828,,,,"Unknown Governmental Organization","EEA"
8843,"AMS SOU Angel Kanchev-Varna","no2",42.53,"µg/m³","2026-06-08T07:00:00Z","2026-06-08T10:00:00+03:00","Europe/Sofia",43.22438900023895,27.915733000170828,,,,"Unknown Governmental Organization","EEA"
8843,"AMS SOU Angel Kanchev-Varna","no2",12.27,"µg/m³","2026-06-08T15:00:00Z","2026-06-08T18:00:00+03:00","Europe/Sofia",43.22438900023895,27.915733000170828,,,,"Unknown Governmental Organization","EEA"
8843,"AMS SOU Angel Kanchev-Varna","no2",13.54,"µg/m³","2026-06-08T16:00:00Z","2026-06-08T19:00:00+03:00","Europe/Sofia",43.22438900023895,27.915733000170828,,,,"Unknown Governmental Organization","EEA"
8843,"AMS SOU Angel Kanchev-Varna","no2",15.96,"µg/m³","2026-06-08T17:00:00Z","2026-06-08T20:00:00+03:00","Europe/Sofia",43.22438900023895,27.915733000170828,,,,"Unknown Governmental Organization","EEA"
8843,"AMS SOU Angel Kanchev-Varna","no2",16.1,"µg/m³","2026-06-08T18:00:00Z","2026-06-08T21:00:00+03:00","Europe/Sofia",43.22438900023895,27.915733000170828,,,,"Unknown Governmental Organization","EEA"
8843,"AMS SOU Angel Kanchev-Varna","no2",26.15,"µg/m³","2026-06-08T20:00:00Z","2026-06-08T23:00:00+03:00","Europe/Sofia",43.22438900023895,27.915733000170828,,,,"Unknown Governmental Organization","EEA"
8843,"AMS SOU Angel Kanchev-Varna","no2",32.31,"µg/m³","2026-06-08T21:00:00Z","2026-06-09T00:00:00+03:00","Europe/Sofia",43.22438900023895,27.915733000170828,,,,"Unknown Governmental Organization","EEA"
8843,"AMS SOU Angel Kanchev-Varna","no2",37.42,"µg/m³","2026-06-08T23:00:00Z","2026-06-09T02:00:00+03:00","Europe/Sofia",43.22438900023895,27.915733000170828,,,,"Unknown Governmental Organization","EEA"
8843,"AMS SOU Angel Kanchev-Varna","no2",9.42,"µg/m³","2026-06-09T02:00:00Z","2026-06-09T05:00:00+03:00","Europe/Sofia",43.22438900023895,27.915733000170828,,,,"Unknown Governmental Organization","EEA"
8843,"AMS SOU Angel Kanchev-Varna","no2",32.15,"µg/m³","2026-06-09T05:00:00Z","2026-06-09T08:00:00+03:00","Europe/Sofia",43.22438900023895,27.915733000170828,,,,"Unknown Governmental Organization","EEA"
8843,"AMS SOU Angel Kanchev-Varna","no2",75.98,"µg/m³","2026-06-09T06:00:00Z","2026-06-09T09:00:00+03:00","Europe/Sofia",43.22438900023895,27.915733000170828,,,,"Unknown Governmental Organization","EEA"
8843,"AMS SOU Angel Kanchev-Varna","no2",24.74,"µg/m³","2026-06-09T09:00:00Z","2026-06-09T12:00:00+03:00","Europe/Sofia",43.22438900023895,27.915733000170828,,,,"Unknown Governmental Organization","EEA"
8843,"AMS SOU Angel Kanchev-Varna","no2",12.98,"µg/m³","2026-06-09T11:00:00Z","2026-06-09T14:00:00+03:00","Europe/Sofia",43.22438900023895,27.915733000170828,,,,"Unknown Governmental Organization","EEA"
8843,"AMS SOU Angel Kanchev-Varna","no2",11.46,"µg/m³","2026-06-09T13:00:00Z","2026-06-09T16:00:00+03:00","Europe/Sofia",43.22438900023895,27.915733000170828,,,,"Unknown Governmental Organization","EEA"
8843,"AMS SOU Angel Kanchev-Varna","no2",14.52,"µg/m³","2026-06-09T15:00:00Z","2026-06-09T18:00:00+03:00","Europe/Sofia",43.22438900023895,27.915733000170828,,,,"Unknown Governmental Organization","EEA"
8843,"AMS SOU Angel Kanchev-Varna","no2",18.16,"µg/m³","2026-06-09T17:00:00Z","2026-06-09T20:00:00+03:00","Europe/Sofia",43.22438900023895,27.915733000170828,,,,"Unknown Governmental Organization","EEA"
8843,"AMS SOU Angel Kanchev-Varna","no2",19.67,"µg/m³","2026-06-10T02:00:00Z","2026-06-10T05:00:00+03:00","Europe/Sofia",43.22438900023895,27.915733000170828,,,,"Unknown Governmental Organization","EEA"
8843,"AMS SOU Angel Kanchev-Varna","no2",76.64,"µg/m³","2026-06-10T06:00:00Z","2026-06-10T09:00:00+03:00","Europe/Sofia",43.22438900023895,27.915733000170828,,,,"Unknown Governmental Organization","EEA"
8843,"AMS SOU Angel Kanchev-Varna","no2",49.35,"µg/m³","2026-06-10T07:00:00Z","2026-06-10T10:00:00+03:00","Europe/Sofia",43.22438900023895,27.915733000170828,,,,"Unknown Governmental Organization","EEA"
8843,"AMS SOU Angel Kanchev-Varna","no2",13.58,"µg/m³","2026-06-10T13:00:00Z","2026-06-10T16:00:00+03:00","Europe/Sofia",43.22438900023895,27.915733000170828,,,,"Unknown Governmental Organization","EEA"
8843,"AMS SOU Angel Kanchev-Varna","no2",20.97,"µg/m³","2026-06-10T16:00:00Z","2026-06-10T19:00:00+03:00","Europe/Sofia",43.22438900023895,27.915733000170828,,,,"Unknown Governmental Organization","EEA"
8843,"AMS SOU Angel Kanchev-Varna","no2",30.08,"µg/m³","2026-06-10T20:00:00Z","2026-06-10T23:00:00+03:00","Europe/Sofia",43.22438900023895,27.915733000170828,,,,"Unknown Governmental Organization","EEA"
8843,"AMS SOU Angel Kanchev-Varna","no2",29.32,"µg/m³","2026-06-10T22:00:00Z","2026-06-11T01:00:00+03:00","Europe/Sofia",43.22438900023895,27.915733000170828,,,,"Unknown Governmental Organization","EEA"
8843,"AMS SOU Angel Kanchev-Varna","no2",21.22,"µg/m³","2026-06-11T00:00:00Z","2026-06-11T03:00:00+03:00","Europe/Sofia",43.22438900023895,27.915733000170828,,,,"Unknown Governmental Organization","EEA"
8843,"AMS SOU Angel Kanchev-Varna","no2",17.41,"µg/m³","2026-06-11T09:00:00Z","2026-06-11T12:00:00+03:00","Europe/Sofia",43.22438900023895,27.915733000170828,,,,"Unknown Governmental Organization","EEA"
8843,"AMS SOU Angel Kanchev-Varna","no2",12.93,"µg/m³","2026-06-11T10:00:00Z","2026-06-11T13:00:00+03:00","Europe/Sofia",43.22438900023895,27.915733000170828,,,,"Unknown Governmental Organization","EEA"
8843,"AMS SOU Angel Kanchev-Varna","no2",15.99,"µg/m³","2026-06-11T11:00:00Z","2026-06-11T14:00:00+03:00","Europe/Sofia",43.22438900023895,27.915733000170828,,,,"Unknown Governmental Organization","EEA"
8843,"AMS SOU Angel Kanchev-Varna","no2",14.6,"µg/m³","2026-06-11T12:00:00Z","2026-06-11T15:00:00+03:00","Europe/Sofia",43.22438900023895,27.915733000170828,,,,"Unknown Governmental Organization","EEA"
8843,"AMS SOU Angel Kanchev-Varna","no2",12.53,"µg/m³","2026-06-11T13:00:00Z","2026-06-11T16:00:00+03:00","Europe/Sofia",43.22438900023895,27.915733000170828,,,,"Unknown Governmental Organization","EEA"
8843,"AMS SOU Angel Kanchev-Varna","no2",12.57,"µg/m³","2026-06-11T14:00:00Z","2026-06-11T17:00:00+03:00","Europe/Sofia",43.22438900023895,27.915733000170828,,,,"Unknown Governmental Organization","EEA"
8843,"AMS SOU Angel Kanchev-Varna","no2",14.96,"µg/m³","2026-06-11T15:00:00Z","2026-06-11T18:00:00+03:00","Europe/Sofia",43.22438900023895,27.915733000170828,,,,"Unknown Governmental Organization","EEA"
8843,"AMS SOU Angel Kanchev-Varna","no2",16,"µg/m³","2026-06-11T16:00:00Z","2026-06-11T19:00:00+03:00","Europe/Sofia",43.22438900023895,27.915733000170828,,,,"Unknown Governmental Organization","EEA"
8843,"AMS SOU Angel Kanchev-Varna","no2",20.59,"µg/m³","2026-06-11T17:00:00Z","2026-06-11T20:00:00+03:00","Europe/Sofia",43.22438900023895,27.915733000170828,,,,"Unknown Governmental Organization","EEA"
8843,"AMS SOU Angel Kanchev-Varna","no2",22.25,"µg/m³","2026-06-11T18:00:00Z","2026-06-11T21:00:00+03:00","Europe/Sofia",43.22438900023895,27.915733000170828,,,,"Unknown Governmental Organization","EEA"
8843,"AMS SOU Angel Kanchev-Varna","no2",20.91,"µg/m³","2026-06-11T19:00:00Z","2026-06-11T22:00:00+03:00","Europe/Sofia",43.22438900023895,27.915733000170828,,,,"Unknown Governmental Organization","EEA"
8843,"AMS SOU Angel Kanchev-Varna","no2",16.98,"µg/m³","2026-06-11T20:00:00Z","2026-06-11T23:00:00+03:00","Europe/Sofia",43.22438900023895,27.915733000170828,,,,"Unknown Governmental Organization","EEA"
8843,"AMS SOU Angel Kanchev-Varna","no2",15.33,"µg/m³","2026-06-11T21:00:00Z","2026-06-12T00:00:00+03:00","Europe/Sofia",43.22438900023895,27.915733000170828,,,,"Unknown Governmental Organization","EEA"
8843,"AMS SOU Angel Kanchev-Varna","no2",19.96,"µg/m³","2026-06-11T22:00:00Z","2026-06-12T01:00:00+03:00","Europe/Sofia",43.22438900023895,27.915733000170828,,,,"Unknown Governmental Organization","EEA"
8843,"AMS SOU Angel Kanchev-Varna","no2",29.47,"µg/m³","2026-06-11T23:00:00Z","2026-06-12T02:00:00+03:00","Europe/Sofia",43.22438900023895,27.915733000170828,,,,"Unknown Governmental Organization","EEA"
8843,"AMS SOU Angel Kanchev-Varna","no2",21.92,"µg/m³","2026-06-12T00:00:00Z","2026-06-12T03:00:00+03:00","Europe/Sofia",43.22438900023895,27.915733000170828,,,,"Unknown Governmental Organization","EEA"
8843,"AMS SOU Angel Kanchev-Varna","no2",14.77,"µg/m³","2026-06-12T01:00:00Z","2026-06-12T04:00:00+03:00","Europe/Sofia",43.22438900023895,27.915733000170828,,,,"Unknown Governmental Organization","EEA"
8843,"AMS SOU Angel Kanchev-Varna","no2",16.42,"µg/m³","2026-06-12T02:00:00Z","2026-06-12T05:00:00+03:00","Europe/Sofia",43.22438900023895,27.915733000170828,,,,"Unknown Governmental Organization","EEA"
8843,"AMS SOU Angel Kanchev-Varna","no2",12.52,"µg/m³","2026-06-12T03:00:00Z","2026-06-12T06:00:00+03:00","Europe/Sofia",43.22438900023895,27.915733000170828,,,,"Unknown Governmental Organization","EEA"
8843,"AMS SOU Angel Kanchev-Varna","no2",23.73,"µg/m³","2026-06-12T04:00:00Z","2026-06-12T07:00:00+03:00","Europe/Sofia",43.22438900023895,27.915733000170828,,,,"Unknown Governmental Organization","EEA"
8843,"AMS SOU Angel Kanchev-Varna","no2",35.46,"µg/m³","2026-06-12T05:00:00Z","2026-06-12T08:00:00+03:00","Europe/Sofia",43.22438900023895,27.915733000170828,,,,"Unknown Governmental Organization","EEA"
8843,"AMS SOU Angel Kanchev-Varna","no2",46.19,"µg/m³","2026-06-12T06:00:00Z","2026-06-12T09:00:00+03:00","Europe/Sofia",43.22438900023895,27.915733000170828,,,,"Unknown Governmental Organization","EEA"
8843,"AMS SOU Angel Kanchev-Varna","no2",25.8,"µg/m³","2026-06-12T07:00:00Z","2026-06-12T10:00:00+03:00","Europe/Sofia",43.22438900023895,27.915733000170828,,,,"Unknown Governmental Organization","EEA"
8843,"AMS SOU Angel Kanchev-Varna","no2",21.36,"µg/m³","2026-06-12T08:00:00Z","2026-06-12T11:00:00+03:00","Europe/Sofia",43.22438900023895,27.915733000170828,,,,"Unknown Governmental Organization","EEA"
8843,"AMS SOU Angel Kanchev-Varna","no2",22.53,"µg/m³","2026-06-12T09:00:00Z","2026-06-12T12:00:00+03:00","Europe/Sofia",43.22438900023895,27.915733000170828,,,,"Unknown Governmental Organization","EEA"
8843,"AMS SOU Angel Kanchev-Varna","no2",20.49,"µg/m³","2026-06-12T10:00:00Z","2026-06-12T13:00:00+03:00","Europe/Sofia",43.22438900023895,27.915733000170828,,,,"Unknown Governmental Organization","EEA"
8843,"AMS SOU Angel Kanchev-Varna","no2",21.56,"µg/m³","2026-06-12T11:00:00Z","2026-06-12T14:00:00+03:00","Europe/Sofia",43.22438900023895,27.915733000170828,,,,"Unknown Governmental Organization","EEA"
8843,"AMS SOU Angel Kanchev-Varna","no2",22.35,"µg/m³","2026-06-12T12:00:00Z","2026-06-12T15:00:00+03:00","Europe/Sofia",43.22438900023895,27.915733000170828,,,,"Unknown Governmental Organization","EEA"
8843,"AMS SOU Angel Kanchev-Varna","no2",18.34,"µg/m³","2026-06-12T13:00:00Z","2026-06-12T16:00:00+03:00","Europe/Sofia",43.22438900023895,27.915733000170828,,,,"Unknown Governmental Organization","EEA"
8843,"AMS SOU Angel Kanchev-Varna","no2",25.22,"µg/m³","2026-06-12T15:00:00Z","2026-06-12T18:00:00+03:00","Europe/Sofia",43.22438900023895,27.915733000170828,,,,"Unknown Governmental Organization","EEA"
8843,"AMS SOU Angel Kanchev-Varna","no2",26.54,"µg/m³","2026-06-12T16:00:00Z","2026-06-12T19:00:00+03:00","Europe/Sofia",43.22438900023895,27.915733000170828,,,,"Unknown Governmental Organization","EEA"
8843,"AMS SOU Angel Kanchev-Varna","no2",41.18,"µg/m³","2026-06-12T18:00:00Z","2026-06-12T21:00:00+03:00","Europe/Sofia",43.22438900023895,27.915733000170828,,,,"Unknown Governmental Organization","EEA"
8843,"AMS SOU Angel Kanchev-Varna","no2",9.33,"µg/m³","2026-06-13T06:00:00Z","2026-06-13T09:00:00+03:00","Europe/Sofia",43.22438900023895,27.915733000170828,,,,"Unknown Governmental Organization","EEA"
8843,"AMS SOU Angel Kanchev-Varna","no2",9.81,"µg/m³","2026-06-13T10:00:00Z","2026-06-13T13:00:00+03:00","Europe/Sofia",43.22438900023895,27.915733000170828,,,,"Unknown Governmental Organization","EEA"
8843,"AMS SOU Angel Kanchev-Varna","no2",8.72,"µg/m³","2026-06-13T11:00:00Z","2026-06-13T14:00:00+03:00","Europe/Sofia",43.22438900023895,27.915733000170828,,,,"Unknown Governmental Organization","EEA"
8843,"AMS SOU Angel Kanchev-Varna","no2",8.07,"µg/m³","2026-06-13T13:00:00Z","2026-06-13T16:00:00+03:00","Europe/Sofia",43.22438900023895,27.915733000170828,,,,"Unknown Governmental Organization","EEA"
8843,"AMS SOU Angel Kanchev-Varna","no2",8.43,"µg/m³","2026-06-13T14:00:00Z","2026-06-13T17:00:00+03:00","Europe/Sofia",43.22438900023895,27.915733000170828,,,,"Unknown Governmental Organization","EEA"
8843,"AMS SOU Angel Kanchev-Varna","no2",12.15,"µg/m³","2026-06-13T15:00:00Z","2026-06-13T18:00:00+03:00","Europe/Sofia",43.22438900023895,27.915733000170828,,,,"Unknown Governmental Organization","EEA"
8843,"AMS SOU Angel Kanchev-Varna","no2",11.47,"µg/m³","2026-06-13T16:00:00Z","2026-06-13T19:00:00+03:00","Europe/Sofia",43.22438900023895,27.915733000170828,,,,"Unknown Governmental Organization","EEA"
8843,"AMS SOU Angel Kanchev-Varna","no2",11.71,"µg/m³","2026-06-13T17:00:00Z","2026-06-13T20:00:00+03:00","Europe/Sofia",43.22438900023895,27.915733000170828,,,,"Unknown Governmental Organization","EEA"
8843,"AMS SOU Angel Kanchev-Varna","no2",11.95,"µg/m³","2026-06-13T18:00:00Z","2026-06-13T21:00:00+03:00","Europe/Sofia",43.22438900023895,27.915733000170828,,,,"Unknown Governmental Organization","EEA"
8843,"AMS SOU Angel Kanchev-Varna","no2",48.6,"µg/m³","2026-06-13T19:00:00Z","2026-06-13T22:00:00+03:00","Europe/Sofia",43.22438900023895,27.915733000170828,,,,"Unknown Governmental Organization","EEA"
8843,"AMS SOU Angel Kanchev-Varna","no2",46.67,"µg/m³","2026-06-13T20:00:00Z","2026-06-13T23:00:00+03:00","Europe/Sofia",43.22438900023895,27.915733000170828,,,,"Unknown Governmental Organization","EEA"
8843,"AMS SOU Angel Kanchev-Varna","no2",44.07,"µg/m³","2026-06-13T21:00:00Z","2026-06-14T00:00:00+03:00","Europe/Sofia",43.22438900023895,27.915733000170828,,,,"Unknown Governmental Organization","EEA"
8843,"AMS SOU Angel Kanchev-Varna","no2",47.97,"µg/m³","2026-06-13T22:00:00Z","2026-06-14T01:00:00+03:00","Europe/Sofia",43.22438900023895,27.915733000170828,,,,"Unknown Governmental Organization","EEA"
8843,"AMS SOU Angel Kanchev-Varna","no2",38.04,"µg/m³","2026-06-13T23:00:00Z","2026-06-14T02:00:00+03:00","Europe/Sofia",43.22438900023895,27.915733000170828,,,,"Unknown Governmental Organization","EEA"
8843,"AMS SOU Angel Kanchev-Varna","no2",66.25,"µg/m³","2026-06-14T00:00:00Z","2026-06-14T03:00:00+03:00","Europe/Sofia",43.22438900023895,27.915733000170828,,,,"Unknown Governmental Organization","EEA"
8843,"AMS SOU Angel Kanchev-Varna","no2",49.69,"µg/m³","2026-06-14T01:00:00Z","2026-06-14T04:00:00+03:00","Europe/Sofia",43.22438900023895,27.915733000170828,,,,"Unknown Governmental Organization","EEA"
8843,"AMS SOU Angel Kanchev-Varna","no2",43.78,"µg/m³","2026-06-14T02:00:00Z","2026-06-14T05:00:00+03:00","Europe/Sofia",43.22438900023895,27.915733000170828,,,,"Unknown Governmental Organization","EEA"
8843,"AMS SOU Angel Kanchev-Varna","no2",43.8,"µg/m³","2026-06-14T03:00:00Z","2026-06-14T06:00:00+03:00","Europe/Sofia",43.22438900023895,27.915733000170828,,,,"Unknown Governmental Organization","EEA"
8843,"AMS SOU Angel Kanchev-Varna","no2",38.63,"µg/m³","2026-06-14T04:00:00Z","2026-06-14T07:00:00+03:00","Europe/Sofia",43.22438900023895,27.915733000170828,,,,"Unknown Governmental Organization","EEA"
8843,"AMS SOU Angel Kanchev-Varna","no2",30.44,"µg/m³","2026-06-14T05:00:00Z","2026-06-14T08:00:00+03:00","Europe/Sofia",43.22438900023895,27.915733000170828,,,,"Unknown Governmental Organization","EEA"
8843,"AMS SOU Angel Kanchev-Varna","no2",24.45,"µg/m³","2026-06-14T06:00:00Z","2026-06-14T09:00:00+03:00","Europe/Sofia",43.22438900023895,27.915733000170828,,,,"Unknown Governmental Organization","EEA"
8843,"AMS SOU Angel Kanchev-Varna","no2",16.43,"µg/m³","2026-06-14T07:00:00Z","2026-06-14T10:00:00+03:00","Europe/Sofia",43.22438900023895,27.915733000170828,,,,"Unknown Governmental Organization","EEA"
8843,"AMS SOU Angel Kanchev-Varna","no2",12.79,"µg/m³","2026-06-14T09:00:00Z","2026-06-14T12:00:00+03:00","Europe/Sofia",43.22438900023895,27.915733000170828,,,,"Unknown Governmental Organization","EEA"
8843,"AMS SOU Angel Kanchev-Varna","no2",12.15,"µg/m³","2026-06-14T10:00:00Z","2026-06-14T13:00:00+03:00","Europe/Sofia",43.22438900023895,27.915733000170828,,,,"Unknown Governmental Organization","EEA"
8843,"AMS SOU Angel Kanchev-Varna","no2",13.52,"µg/m³","2026-06-14T11:00:00Z","2026-06-14T14:00:00+03:00","Europe/Sofia",43.22438900023895,27.915733000170828,,,,"Unknown Governmental Organization","EEA"
8843,"AMS SOU Angel Kanchev-Varna","no2",13.57,"µg/m³","2026-06-14T12:00:00Z","2026-06-14T15:00:00+03:00","Europe/Sofia",43.22438900023895,27.915733000170828,,,,"Unknown Governmental Organization","EEA"
8843,"AMS SOU Angel Kanchev-Varna","no2",13.82,"µg/m³","2026-06-14T13:00:00Z","2026-06-14T16:00:00+03:00","Europe/Sofia",43.22438900023895,27.915733000170828,,,,"Unknown Governmental Organization","EEA"
8843,"AMS SOU Angel Kanchev-Varna","no2",13.42,"µg/m³","2026-06-14T14:00:00Z","2026-06-14T17:00:00+03:00","Europe/Sofia",43.22438900023895,27.915733000170828,,,,"Unknown Governmental Organization","EEA"
8843,"AMS SOU Angel Kanchev-Varna","no2",16.29,"µg/m³","2026-06-14T15:00:00Z","2026-06-14T18:00:00+03:00","Europe/Sofia",43.22438900023895,27.915733000170828,,,,"Unknown Governmental Organization","EEA"
8843,"AMS SOU Angel Kanchev-Varna","no2",14.77,"µg/m³","2026-06-14T16:00:00Z","2026-06-14T19:00:00+03:00","Europe/Sofia",43.22438900023895,27.915733000170828,,,,"Unknown Governmental Organization","EEA"
8843,"AMS SOU Angel Kanchev-Varna","no2",21.13,"µg/m³","2026-06-14T17:00:00Z","2026-06-14T20:00:00+03:00","Europe/Sofia",43.22438900023895,27.915733000170828,,,,"Unknown Governmental Organization","EEA"
8843,"AMS SOU Angel Kanchev-Varna","no2",17.53,"µg/m³","2026-06-14T18:00:00Z","2026-06-14T21:00:00+03:00","Europe/Sofia",43.22438900023895,27.915733000170828,,,,"Unknown Governmental Organization","EEA"
8843,"AMS SOU Angel Kanchev-Varna","no2",28.96,"µg/m³","2026-06-14T19:00:00Z","2026-06-14T22:00:00+03:00","Europe/Sofia",43.22438900023895,27.915733000170828,,,,"Unknown Governmental Organization","EEA"
8843,"AMS SOU Angel Kanchev-Varna","no2",47.58,"µg/m³","2026-06-14T20:00:00Z","2026-06-14T23:00:00+03:00","Europe/Sofia",43.22438900023895,27.915733000170828,,,,"Unknown Governmental Organization","EEA"
8843,"AMS SOU Angel Kanchev-Varna","no2",55.67,"µg/m³","2026-06-14T21:00:00Z","2026-06-15T00:00:00+03:00","Europe/Sofia",43.22438900023895,27.915733000170828,,,,"Unknown Governmental Organization","EEA"
8843,"AMS SOU Angel Kanchev-Varna","no2",45.25,"µg/m³","2026-06-14T22:00:00Z","2026-06-15T01:00:00+03:00","Europe/Sofia",43.22438900023895,27.915733000170828,,,,"Unknown Governmental Organization","EEA"
8843,"AMS SOU Angel Kanchev-Varna","no2",35.91,"µg/m³","2026-06-14T23:00:00Z","2026-06-15T02:00:00+03:00","Europe/Sofia",43.22438900023895,27.915733000170828,,,,"Unknown Governmental Organization","EEA"
8843,"AMS SOU Angel Kanchev-Varna","no2",18.9,"µg/m³","2026-06-15T00:00:00Z","2026-06-15T03:00:00+03:00","Europe/Sofia",43.22438900023895,27.915733000170828,,,,"Unknown Governmental Organization","EEA"
8843,"AMS SOU Angel Kanchev-Varna","no2",31.16,"µg/m³","2026-06-15T01:00:00Z","2026-06-15T04:00:00+03:00","Europe/Sofia",43.22438900023895,27.915733000170828,,,,"Unknown Governmental Organization","EEA"
8843,"AMS SOU Angel Kanchev-Varna","no2",29.61,"µg/m³","2026-06-15T02:00:00Z","2026-06-15T05:00:00+03:00","Europe/Sofia",43.22438900023895,27.915733000170828,,,,"Unknown Governmental Organization","EEA"
8843,"AMS SOU Angel Kanchev-Varna","no2",21.75,"µg/m³","2026-06-15T03:00:00Z","2026-06-15T06:00:00+03:00","Europe/Sofia",43.22438900023895,27.915733000170828,,,,"Unknown Governmental Organization","EEA"
8843,"AMS SOU Angel Kanchev-Varna","no2",32.26,"µg/m³","2026-06-15T04:00:00Z","2026-06-15T07:00:00+03:00","Europe/Sofia",43.22438900023895,27.915733000170828,,,,"Unknown Governmental Organization","EEA"
8843,"AMS SOU Angel Kanchev-Varna","no2",84.89,"µg/m³","2026-06-15T07:00:00Z","2026-06-15T10:00:00+03:00","Europe/Sofia",43.22438900023895,27.915733000170828,,,,"Unknown Governmental Organization","EEA"
8843,"AMS SOU Angel Kanchev-Varna","no2",75.54,"µg/m³","2026-06-15T08:00:00Z","2026-06-15T11:00:00+03:00","Europe/Sofia",43.22438900023895,27.915733000170828,,,,"Unknown Governmental Organization","EEA"
8843,"AMS SOU Angel Kanchev-Varna","no2",39.45,"µg/m³","2026-06-15T09:00:00Z","2026-06-15T12:00:00+03:00","Europe/Sofia",43.22438900023895,27.915733000170828,,,,"Unknown Governmental Organization","EEA"
8843,"AMS SOU Angel Kanchev-Varna","no2",24.38,"µg/m³","2026-06-15T11:00:00Z","2026-06-15T14:00:00+03:00","Europe/Sofia",43.22438900023895,27.915733000170828,,,,"Unknown Governmental Organization","EEA"
8843,"AMS SOU Angel Kanchev-Varna","no2",23.48,"µg/m³","2026-06-15T12:00:00Z","2026-06-15T15:00:00+03:00","Europe/Sofia",43.22438900023895,27.915733000170828,,,,"Unknown Governmental Organization","EEA"
8843,"AMS SOU Angel Kanchev-Varna","no2",19.32,"µg/m³","2026-06-15T13:00:00Z","2026-06-15T16:00:00+03:00","Europe/Sofia",43.22438900023895,27.915733000170828,,,,"Unknown Governmental Organization","EEA"
8843,"AMS SOU Angel Kanchev-Varna","no2",18.46,"µg/m³","2026-06-15T14:00:00Z","2026-06-15T17:00:00+03:00","Europe/Sofia",43.22438900023895,27.915733000170828,,,,"Unknown Governmental Organization","EEA"
8843,"AMS SOU Angel Kanchev-Varna","no2",17.73,"µg/m³","2026-06-15T15:00:00Z","2026-06-15T18:00:00+03:00","Europe/Sofia",43.22438900023895,27.915733000170828,,,,"Unknown Governmental Organization","EEA"
8843,"AMS SOU Angel Kanchev-Varna","no2",18.25,"µg/m³","2026-06-15T16:00:00Z","2026-06-15T19:00:00+03:00","Europe/Sofia",43.22438900023895,27.915733000170828,,,,"Unknown Governmental Organization","EEA"
8843,"AMS SOU Angel Kanchev-Varna","no2",17.39,"µg/m³","2026-06-15T17:00:00Z","2026-06-15T20:00:00+03:00","Europe/Sofia",43.22438900023895,27.915733000170828,,,,"Unknown Governmental Organization","EEA"
8843,"AMS SOU Angel Kanchev-Varna","no2",20.24,"µg/m³","2026-06-15T18:00:00Z","2026-06-15T21:00:00+03:00","Europe/Sofia",43.22438900023895,27.915733000170828,,,,"Unknown Governmental Organization","EEA"
8843,"AMS SOU Angel Kanchev-Varna","no2",25.54,"µg/m³","2026-06-15T19:00:00Z","2026-06-15T22:00:00+03:00","Europe/Sofia",43.22438900023895,27.915733000170828,,,,"Unknown Governmental Organization","EEA"
8843,"AMS SOU Angel Kanchev-Varna","no2",-1,"µg/m³","2026-06-15T20:00:00Z","2026-06-15T23:00:00+03:00","Europe/Sofia",43.22438900023895,27.915733000170828,,,,"Unknown Governmental Organization","EEA"
8843,"AMS SOU Angel Kanchev-Varna","no2",-1,"µg/m³","2026-06-15T21:00:00Z","2026-06-16T00:00:00+03:00","Europe/Sofia",43.22438900023895,27.915733000170828,,,,"Unknown Governmental Organization","EEA"
8843,"AMS SOU Angel Kanchev-Varna","no2",-1,"µg/m³","2026-06-15T22:00:00Z","2026-06-16T01:00:00+03:00","Europe/Sofia",43.22438900023895,27.915733000170828,,,,"Unknown Governmental Organization","EEA"
8843,"AMS SOU Angel Kanchev-Varna","no2",-1,"µg/m³","2026-06-15T23:00:00Z","2026-06-16T02:00:00+03:00","Europe/Sofia",43.22438900023895,27.915733000170828,,,,"Unknown Governmental Organization","EEA"
8843,"AMS SOU Angel Kanchev-Varna","no2",-1,"µg/m³","2026-06-16T00:00:00Z","2026-06-16T03:00:00+03:00","Europe/Sofia",43.22438900023895,27.915733000170828,,,,"Unknown Governmental Organization","EEA"
8843,"AMS SOU Angel Kanchev-Varna","no2",-1,"µg/m³","2026-06-16T01:00:00Z","2026-06-16T04:00:00+03:00","Europe/Sofia",43.22438900023895,27.915733000170828,,,,"Unknown Governmental Organization","EEA"
8843,"AMS SOU Angel Kanchev-Varna","no2",-1,"µg/m³","2026-06-16T02:00:00Z","2026-06-16T05:00:00+03:00","Europe/Sofia",43.22438900023895,27.915733000170828,,,,"Unknown Governmental Organization","EEA"
8843,"AMS SOU Angel Kanchev-Varna","no2",-1,"µg/m³","2026-06-16T03:00:00Z","2026-06-16T06:00:00+03:00","Europe/Sofia",43.22438900023895,27.915733000170828,,,,"Unknown Governmental Organization","EEA"
8843,"AMS SOU Angel Kanchev-Varna","no2",-1,"µg/m³","2026-06-16T04:00:00Z","2026-06-16T07:00:00+03:00","Europe/Sofia",43.22438900023895,27.915733000170828,,,,"Unknown Governmental Organization","EEA"
8843,"AMS SOU Angel Kanchev-Varna","no2",-1,"µg/m³","2026-06-16T05:00:00Z","2026-06-16T08:00:00+03:00","Europe/Sofia",43.22438900023895,27.915733000170828,,,,"Unknown Governmental Organization","EEA"
8843,"AMS SOU Angel Kanchev-Varna","no2",37.03,"µg/m³","2026-06-16T06:00:00Z","2026-06-16T09:00:00+03:00","Europe/Sofia",43.22438900023895,27.915733000170828,,,,"Unknown Governmental Organization","EEA"
8843,"AMS SOU Angel Kanchev-Varna","no2",47.23,"µg/m³","2026-06-16T07:00:00Z","2026-06-16T10:00:00+03:00","Europe/Sofia",43.22438900023895,27.915733000170828,,,,"Unknown Governmental Organization","EEA"
8843,"AMS SOU Angel Kanchev-Varna","no2",37.87,"µg/m³","2026-06-16T08:00:00Z","2026-06-16T11:00:00+03:00","Europe/Sofia",43.22438900023895,27.915733000170828,,,,"Unknown Governmental Organization","EEA"
8843,"AMS SOU Angel Kanchev-Varna","no2",-1,"µg/m³","2026-06-16T09:00:00Z","2026-06-16T12:00:00+03:00","Europe/Sofia",43.22438900023895,27.915733000170828,,,,"Unknown Governmental Organization","EEA"
8843,"AMS SOU Angel Kanchev-Varna","no2",15.74,"µg/m³","2026-06-16T10:00:00Z","2026-06-16T13:00:00+03:00","Europe/Sofia",43.22438900023895,27.915733000170828,,,,"Unknown Governmental Organization","EEA"
8843,"AMS SOU Angel Kanchev-Varna","no2",14.19,"µg/m³","2026-06-16T11:00:00Z","2026-06-16T14:00:00+03:00","Europe/Sofia",43.22438900023895,27.915733000170828,,,,"Unknown Governmental Organization","EEA"
8843,"AMS SOU Angel Kanchev-Varna","no2",14.7,"µg/m³","2026-06-16T12:00:00Z","2026-06-16T15:00:00+03:00","Europe/Sofia",43.22438900023895,27.915733000170828,,,,"Unknown Governmental Organization","EEA"
8843,"AMS SOU Angel Kanchev-Varna","no2",11.68,"µg/m³","2026-06-16T13:00:00Z","2026-06-16T16:00:00+03:00","Europe/Sofia",43.22438900023895,27.915733000170828,,,,"Unknown Governmental Organization","EEA"
8843,"AMS SOU Angel Kanchev-Varna","no2",11.42,"µg/m³","2026-06-16T14:00:00Z","2026-06-16T17:00:00+03:00","Europe/Sofia",43.22438900023895,27.915733000170828,,,,"Unknown Governmental Organization","EEA"
8843,"AMS SOU Angel Kanchev-Varna","no2",14.67,"µg/m³","2026-06-16T15:00:00Z","2026-06-16T18:00:00+03:00","Europe/Sofia",43.22438900023895,27.915733000170828,,,,"Unknown Governmental Organization","EEA"
8843,"AMS SOU Angel Kanchev-Varna","no2",21.15,"µg/m³","2026-06-16T16:00:00Z","2026-06-16T19:00:00+03:00","Europe/Sofia",43.22438900023895,27.915733000170828,,,,"Unknown Governmental Organization","EEA"
8843,"AMS SOU Angel Kanchev-Varna","no2",20.92,"µg/m³","2026-06-16T17:00:00Z","2026-06-16T20:00:00+03:00","Europe/Sofia",43.22438900023895,27.915733000170828,,,,"Unknown Governmental Organization","EEA"
8843,"AMS SOU Angel Kanchev-Varna","no2",20.42,"µg/m³","2026-06-16T18:00:00Z","2026-06-16T21:00:00+03:00","Europe/Sofia",43.22438900023895,27.915733000170828,,,,"Unknown Governmental Organization","EEA"
8843,"AMS SOU Angel Kanchev-Varna","no2",27.36,"µg/m³","2026-06-16T19:00:00Z","2026-06-16T22:00:00+03:00","Europe/Sofia",43.22438900023895,27.915733000170828,,,,"Unknown Governmental Organization","EEA"
8843,"AMS SOU Angel Kanchev-Varna","no2",25.69,"µg/m³","2026-06-16T20:00:00Z","2026-06-16T23:00:00+03:00","Europe/Sofia",43.22438900023895,27.915733000170828,,,,"Unknown Governmental Organization","EEA"
8843,"AMS SOU Angel Kanchev-Varna","no2",26.44,"µg/m³","2026-06-16T21:00:00Z","2026-06-17T00:00:00+03:00","Europe/Sofia",43.22438900023895,27.915733000170828,,,,"Unknown Governmental Organization","EEA"
8843,"AMS SOU Angel Kanchev-Varna","no2",33.62,"µg/m³","2026-06-16T22:00:00Z","2026-06-17T01:00:00+03:00","Europe/Sofia",43.22438900023895,27.915733000170828,,,,"Unknown Governmental Organization","EEA"
8843,"AMS SOU Angel Kanchev-Varna","no2",37.53,"µg/m³","2026-06-16T23:00:00Z","2026-06-17T02:00:00+03:00","Europe/Sofia",43.22438900023895,27.915733000170828,,,,"Unknown Governmental Organization","EEA"
8843,"AMS SOU Angel Kanchev-Varna","no2",23.89,"µg/m³","2026-06-17T00:00:00Z","2026-06-17T03:00:00+03:00","Europe/Sofia",43.22438900023895,27.915733000170828,,,,"Unknown Governmental Organization","EEA"
8843,"AMS SOU Angel Kanchev-Varna","no2",12.65,"µg/m³","2026-06-17T01:00:00Z","2026-06-17T04:00:00+03:00","Europe/Sofia",43.22438900023895,27.915733000170828,,,,"Unknown Governmental Organization","EEA"
8843,"AMS SOU Angel Kanchev-Varna","no2",11.28,"µg/m³","2026-06-17T02:00:00Z","2026-06-17T05:00:00+03:00","Europe/Sofia",43.22438900023895,27.915733000170828,,,,"Unknown Governmental Organization","EEA"
8843,"AMS SOU Angel Kanchev-Varna","no2",11.2,"µg/m³","2026-06-17T03:00:00Z","2026-06-17T06:00:00+03:00","Europe/Sofia",43.22438900023895,27.915733000170828,,,,"Unknown Governmental Organization","EEA"
8843,"AMS SOU Angel Kanchev-Varna","no2",17.36,"µg/m³","2026-06-17T04:00:00Z","2026-06-17T07:00:00+03:00","Europe/Sofia",43.22438900023895,27.915733000170828,,,,"Unknown Governmental Organization","EEA"
8843,"AMS SOU Angel Kanchev-Varna","no2",36.6,"µg/m³","2026-06-17T05:00:00Z","2026-06-17T08:00:00+03:00","Europe/Sofia",43.22438900023895,27.915733000170828,,,,"Unknown Governmental Organization","EEA"
8843,"AMS SOU Angel Kanchev-Varna","no2",77.39,"µg/m³","2026-06-17T06:00:00Z","2026-06-17T09:00:00+03:00","Europe/Sofia",43.22438900023895,27.915733000170828,,,,"Unknown Governmental Organization","EEA"
8843,"AMS SOU Angel Kanchev-Varna","no2",82.03,"µg/m³","2026-06-17T07:00:00Z","2026-06-17T10:00:00+03:00","Europe/Sofia",43.22438900023895,27.915733000170828,,,,"Unknown Governmental Organization","EEA"
8843,"AMS SOU Angel Kanchev-Varna","no2",45.41,"µg/m³","2026-06-17T08:00:00Z","2026-06-17T11:00:00+03:00","Europe/Sofia",43.22438900023895,27.915733000170828,,,,"Unknown Governmental Organization","EEA"
8843,"AMS SOU Angel Kanchev-Varna","no2",21.45,"µg/m³","2026-06-17T09:00:00Z","2026-06-17T12:00:00+03:00","Europe/Sofia",43.22438900023895,27.915733000170828,,,,"Unknown Governmental Organization","EEA"
8843,"AMS SOU Angel Kanchev-Varna","no2",16.32,"µg/m³","2026-06-17T10:00:00Z","2026-06-17T13:00:00+03:00","Europe/Sofia",43.22438900023895,27.915733000170828,,,,"Unknown Governmental Organization","EEA"
8843,"AMS SOU Angel Kanchev-Varna","no2",19.24,"µg/m³","2026-06-17T12:00:00Z","2026-06-17T15:00:00+03:00","Europe/Sofia",43.22438900023895,27.915733000170828,,,,"Unknown Governmental Organization","EEA"
8843,"AMS SOU Angel Kanchev-Varna","no2",10.15,"µg/m³","2026-06-17T13:00:00Z","2026-06-17T16:00:00+03:00","Europe/Sofia",43.22438900023895,27.915733000170828,,,,"Unknown Governmental Organization","EEA"
8843,"AMS SOU Angel Kanchev-Varna","no2",8.97,"µg/m³","2026-06-17T14:00:00Z","2026-06-17T17:00:00+03:00","Europe/Sofia",43.22438900023895,27.915733000170828,,,,"Unknown Governmental Organization","EEA"
8843,"AMS SOU Angel Kanchev-Varna","no2",17.33,"µg/m³","2026-06-17T19:00:00Z","2026-06-17T22:00:00+03:00","Europe/Sofia",43.22438900023895,27.915733000170828,,,,"Unknown Governmental Organization","EEA"
8843,"AMS SOU Angel Kanchev-Varna","no2",32.52,"µg/m³","2026-06-17T20:00:00Z","2026-06-17T23:00:00+03:00","Europe/Sofia",43.22438900023895,27.915733000170828,,,,"Unknown Governmental Organization","EEA"
8843,"AMS SOU Angel Kanchev-Varna","no2",61.49,"µg/m³","2026-06-17T21:00:00Z","2026-06-18T00:00:00+03:00","Europe/Sofia",43.22438900023895,27.915733000170828,,,,"Unknown Governmental Organization","EEA"
8843,"AMS SOU Angel Kanchev-Varna","no2",50.1,"µg/m³","2026-06-17T22:00:00Z","2026-06-18T01:00:00+03:00","Europe/Sofia",43.22438900023895,27.915733000170828,,,,"Unknown Governmental Organization","EEA"
8843,"AMS SOU Angel Kanchev-Varna","no2",39.57,"µg/m³","2026-06-17T23:00:00Z","2026-06-18T02:00:00+03:00","Europe/Sofia",43.22438900023895,27.915733000170828,,,,"Unknown Governmental Organization","EEA"
8843,"AMS SOU Angel Kanchev-Varna","no2",24.34,"µg/m³","2026-06-18T00:00:00Z","2026-06-18T03:00:00+03:00","Europe/Sofia",43.22438900023895,27.915733000170828,,,,"Unknown Governmental Organization","EEA"
8843,"AMS SOU Angel Kanchev-Varna","no2",11.57,"µg/m³","2026-06-18T01:00:00Z","2026-06-18T04:00:00+03:00","Europe/Sofia",43.22438900023895,27.915733000170828,,,,"Unknown Governmental Organization","EEA"
8843,"AMS SOU Angel Kanchev-Varna","no2",12.05,"µg/m³","2026-06-18T02:00:00Z","2026-06-18T05:00:00+03:00","Europe/Sofia",43.22438900023895,27.915733000170828,,,,"Unknown Governmental Organization","EEA"
8843,"AMS SOU Angel Kanchev-Varna","no2",18.46,"µg/m³","2026-06-18T03:00:00Z","2026-06-18T06:00:00+03:00","Europe/Sofia",43.22438900023895,27.915733000170828,,,,"Unknown Governmental Organization","EEA"
8843,"AMS SOU Angel Kanchev-Varna","no2",36.47,"µg/m³","2026-06-18T04:00:00Z","2026-06-18T07:00:00+03:00","Europe/Sofia",43.22438900023895,27.915733000170828,,,,"Unknown Governmental Organization","EEA"
8843,"AMS SOU Angel Kanchev-Varna","no2",62.7,"µg/m³","2026-06-18T05:00:00Z","2026-06-18T08:00:00+03:00","Europe/Sofia",43.22438900023895,27.915733000170828,,,,"Unknown Governmental Organization","EEA"
8843,"AMS SOU Angel Kanchev-Varna","no2",73.84,"µg/m³","2026-06-18T06:00:00Z","2026-06-18T09:00:00+03:00","Europe/Sofia",43.22438900023895,27.915733000170828,,,,"Unknown Governmental Organization","EEA"
8843,"AMS SOU Angel Kanchev-Varna","no2",83.88,"µg/m³","2026-06-18T07:00:00Z","2026-06-18T10:00:00+03:00","Europe/Sofia",43.22438900023895,27.915733000170828,,,,"Unknown Governmental Organization","EEA"
8843,"AMS SOU Angel Kanchev-Varna","no2",29.08,"µg/m³","2026-06-18T08:00:00Z","2026-06-18T11:00:00+03:00","Europe/Sofia",43.22438900023895,27.915733000170828,,,,"Unknown Governmental Organization","EEA"
8843,"AMS SOU Angel Kanchev-Varna","no2",11.17,"µg/m³","2026-06-18T09:00:00Z","2026-06-18T12:00:00+03:00","Europe/Sofia",43.22438900023895,27.915733000170828,,,,"Unknown Governmental Organization","EEA"
8843,"AMS SOU Angel Kanchev-Varna","no2",-1,"µg/m³","2026-06-18T10:00:00Z","2026-06-18T13:00:00+03:00","Europe/Sofia",43.22438900023895,27.915733000170828,,,,"Unknown Governmental Organization","EEA"
8843,"AMS SOU Angel Kanchev-Varna","no2",13.79,"µg/m³","2026-06-18T11:00:00Z","2026-06-18T14:00:00+03:00","Europe/Sofia",43.22438900023895,27.915733000170828,,,,"Unknown Governmental Organization","EEA"
8843,"AMS SOU Angel Kanchev-Varna","no2",14.04,"µg/m³","2026-06-18T12:00:00Z","2026-06-18T15:00:00+03:00","Europe/Sofia",43.22438900023895,27.915733000170828,,,,"Unknown Governmental Organization","EEA"
8843,"AMS SOU Angel Kanchev-Varna","no2",15.16,"µg/m³","2026-06-18T13:00:00Z","2026-06-18T16:00:00+03:00","Europe/Sofia",43.22438900023895,27.915733000170828,,,,"Unknown Governmental Organization","EEA"
8843,"AMS SOU Angel Kanchev-Varna","no2",-1,"µg/m³","2026-06-18T14:00:00Z","2026-06-18T17:00:00+03:00","Europe/Sofia",43.22438900023895,27.915733000170828,,,,"Unknown Governmental Organization","EEA"
8843,"AMS SOU Angel Kanchev-Varna","no2",18.25,"µg/m³","2026-06-18T15:00:00Z","2026-06-18T18:00:00+03:00","Europe/Sofia",43.22438900023895,27.915733000170828,,,,"Unknown Governmental Organization","EEA"
8843,"AMS SOU Angel Kanchev-Varna","no2",19.75,"µg/m³","2026-06-18T16:00:00Z","2026-06-18T19:00:00+03:00","Europe/Sofia",43.22438900023895,27.915733000170828,,,,"Unknown Governmental Organization","EEA"
8843,"AMS SOU Angel Kanchev-Varna","no2",17.7,"µg/m³","2026-06-18T17:00:00Z","2026-06-18T20:00:00+03:00","Europe/Sofia",43.22438900023895,27.915733000170828,,,,"Unknown Governmental Organization","EEA"
8843,"AMS SOU Angel Kanchev-Varna","no2",15.5,"µg/m³","2026-06-18T18:00:00Z","2026-06-18T21:00:00+03:00","Europe/Sofia",43.22438900023895,27.915733000170828,,,,"Unknown Governmental Organization","EEA"
8843,"AMS SOU Angel Kanchev-Varna","no2",16.5,"µg/m³","2026-06-18T19:00:00Z","2026-06-18T22:00:00+03:00","Europe/Sofia",43.22438900023895,27.915733000170828,,,,"Unknown Governmental Organization","EEA"
8843,"AMS SOU Angel Kanchev-Varna","no2",12.32,"µg/m³","2026-06-18T20:00:00Z","2026-06-18T23:00:00+03:00","Europe/Sofia",43.22438900023895,27.915733000170828,,,,"Unknown Governmental Organization","EEA"
8843,"AMS SOU Angel Kanchev-Varna","no2",28.68,"µg/m³","2026-06-18T21:00:00Z","2026-06-19T00:00:00+03:00","Europe/Sofia",43.22438900023895,27.915733000170828,,,,"Unknown Governmental Organization","EEA"
8843,"AMS SOU Angel Kanchev-Varna","no2",31.75,"µg/m³","2026-06-18T22:00:00Z","2026-06-19T01:00:00+03:00","Europe/Sofia",43.22438900023895,27.915733000170828,,,,"Unknown Governmental Organization","EEA"
8843,"AMS SOU Angel Kanchev-Varna","no2",24.37,"µg/m³","2026-06-18T23:00:00Z","2026-06-19T02:00:00+03:00","Europe/Sofia",43.22438900023895,27.915733000170828,,,,"Unknown Governmental Organization","EEA"
8843,"AMS SOU Angel Kanchev-Varna","no2",38.13,"µg/m³","2026-06-19T00:00:00Z","2026-06-19T03:00:00+03:00","Europe/Sofia",43.22438900023895,27.915733000170828,,,,"Unknown Governmental Organization","EEA"
8843,"AMS SOU Angel Kanchev-Varna","no2",45.93,"µg/m³","2026-06-19T01:00:00Z","2026-06-19T04:00:00+03:00","Europe/Sofia",43.22438900023895,27.915733000170828,,,,"Unknown Governmental Organization","EEA"
8843,"AMS SOU Angel Kanchev-Varna","no2",28.47,"µg/m³","2026-06-19T02:00:00Z","2026-06-19T05:00:00+03:00","Europe/Sofia",43.22438900023895,27.915733000170828,,,,"Unknown Governmental Organization","EEA"
8843,"AMS SOU Angel Kanchev-Varna","no2",28.28,"µg/m³","2026-06-19T03:00:00Z","2026-06-19T06:00:00+03:00","Europe/Sofia",43.22438900023895,27.915733000170828,,,,"Unknown Governmental Organization","EEA"
8843,"AMS SOU Angel Kanchev-Varna","no2",18.99,"µg/m³","2026-06-19T04:00:00Z","2026-06-19T07:00:00+03:00","Europe/Sofia",43.22438900023895,27.915733000170828,,,,"Unknown Governmental Organization","EEA"
8843,"AMS SOU Angel Kanchev-Varna","no2",14.15,"µg/m³","2026-06-19T06:00:00Z","2026-06-19T09:00:00+03:00","Europe/Sofia",43.22438900023895,27.915733000170828,,,,"Unknown Governmental Organization","EEA"
8843,"AMS SOU Angel Kanchev-Varna","no2",14,"µg/m³","2026-06-19T07:00:00Z","2026-06-19T10:00:00+03:00","Europe/Sofia",43.22438900023895,27.915733000170828,,,,"Unknown Governmental Organization","EEA"
8843,"AMS SOU Angel Kanchev-Varna","no2",10.55,"µg/m³","2026-06-19T08:00:00Z","2026-06-19T11:00:00+03:00","Europe/Sofia",43.22438900023895,27.915733000170828,,,,"Unknown Governmental Organization","EEA"
8843,"AMS SOU Angel Kanchev-Varna","no2",9.53,"µg/m³","2026-06-19T09:00:00Z","2026-06-19T12:00:00+03:00","Europe/Sofia",43.22438900023895,27.915733000170828,,,,"Unknown Governmental Organization","EEA"
8843,"AMS SOU Angel Kanchev-Varna","no2",8.16,"µg/m³","2026-06-19T10:00:00Z","2026-06-19T13:00:00+03:00","Europe/Sofia",43.22438900023895,27.915733000170828,,,,"Unknown Governmental Organization","EEA"
8843,"AMS SOU Angel Kanchev-Varna","no2",9.89,"µg/m³","2026-06-19T11:00:00Z","2026-06-19T14:00:00+03:00","Europe/Sofia",43.22438900023895,27.915733000170828,,,,"Unknown Governmental Organization","EEA"
8843,"AMS SOU Angel Kanchev-Varna","no2",13.33,"µg/m³","2026-06-19T12:00:00Z","2026-06-19T15:00:00+03:00","Europe/Sofia",43.22438900023895,27.915733000170828,,,,"Unknown Governmental Organization","EEA"
8843,"AMS SOU Angel Kanchev-Varna","no2",20.76,"µg/m³","2026-06-19T14:00:00Z","2026-06-19T17:00:00+03:00","Europe/Sofia",43.22438900023895,27.915733000170828,,,,"Unknown Governmental Organization","EEA"
8843,"AMS SOU Angel Kanchev-Varna","no2",19.66,"µg/m³","2026-06-19T15:00:00Z","2026-06-19T18:00:00+03:00","Europe/Sofia",43.22438900023895,27.915733000170828,,,,"Unknown Governmental Organization","EEA"
8843,"AMS SOU Angel Kanchev-Varna","no2",22.13,"µg/m³","2026-06-19T16:00:00Z","2026-06-19T19:00:00+03:00","Europe/Sofia",43.22438900023895,27.915733000170828,,,,"Unknown Governmental Organization","EEA"
8843,"AMS SOU Angel Kanchev-Varna","no2",20.05,"µg/m³","2026-06-19T17:00:00Z","2026-06-19T20:00:00+03:00","Europe/Sofia",43.22438900023895,27.915733000170828,,,,"Unknown Governmental Organization","EEA"
8843,"AMS SOU Angel Kanchev-Varna","no2",19.61,"µg/m³","2026-06-19T18:00:00Z","2026-06-19T21:00:00+03:00","Europe/Sofia",43.22438900023895,27.915733000170828,,,,"Unknown Governmental Organization","EEA"
8843,"AMS SOU Angel Kanchev-Varna","no2",18.04,"µg/m³","2026-06-19T19:00:00Z","2026-06-19T22:00:00+03:00","Europe/Sofia",43.22438900023895,27.915733000170828,,,,"Unknown Governmental Organization","EEA"
8843,"AMS SOU Angel Kanchev-Varna","no2",56.18,"µg/m³","2026-06-19T20:00:00Z","2026-06-19T23:00:00+03:00","Europe/Sofia",43.22438900023895,27.915733000170828,,,,"Unknown Governmental Organization","EEA"
8843,"AMS SOU Angel Kanchev-Varna","no2",52.58,"µg/m³","2026-06-19T21:00:00Z","2026-06-20T00:00:00+03:00","Europe/Sofia",43.22438900023895,27.915733000170828,,,,"Unknown Governmental Organization","EEA"
8843,"AMS SOU Angel Kanchev-Varna","no2",38.06,"µg/m³","2026-06-19T22:00:00Z","2026-06-20T01:00:00+03:00","Europe/Sofia",43.22438900023895,27.915733000170828,,,,"Unknown Governmental Organization","EEA"
8843,"AMS SOU Angel Kanchev-Varna","no2",35.6,"µg/m³","2026-06-19T23:00:00Z","2026-06-20T02:00:00+03:00","Europe/Sofia",43.22438900023895,27.915733000170828,,,,"Unknown Governmental Organization","EEA"
8843,"AMS SOU Angel Kanchev-Varna","no2",58.3,"µg/m³","2026-06-20T00:00:00Z","2026-06-20T03:00:00+03:00","Europe/Sofia",43.22438900023895,27.915733000170828,,,,"Unknown Governmental Organization","EEA"
8843,"AMS SOU Angel Kanchev-Varna","no2",63.75,"µg/m³","2026-06-20T01:00:00Z","2026-06-20T04:00:00+03:00","Europe/Sofia",43.22438900023895,27.915733000170828,,,,"Unknown Governmental Organization","EEA"
8843,"AMS SOU Angel Kanchev-Varna","no2",44.23,"µg/m³","2026-06-20T02:00:00Z","2026-06-20T05:00:00+03:00","Europe/Sofia",43.22438900023895,27.915733000170828,,,,"Unknown Governmental Organization","EEA"
8843,"AMS SOU Angel Kanchev-Varna","no2",28.57,"µg/m³","2026-06-20T03:00:00Z","2026-06-20T06:00:00+03:00","Europe/Sofia",43.22438900023895,27.915733000170828,,,,"Unknown Governmental Organization","EEA"
8843,"AMS SOU Angel Kanchev-Varna","no2",25.78,"µg/m³","2026-06-20T05:00:00Z","2026-06-20T08:00:00+03:00","Europe/Sofia",43.22438900023895,27.915733000170828,,,,"Unknown Governmental Organization","EEA"
8843,"AMS SOU Angel Kanchev-Varna","no2",9.1,"µg/m³","2026-06-20T06:00:00Z","2026-06-20T09:00:00+03:00","Europe/Sofia",43.22438900023895,27.915733000170828,,,,"Unknown Governmental Organization","EEA"
8843,"AMS SOU Angel Kanchev-Varna","no2",9.56,"µg/m³","2026-06-20T07:00:00Z","2026-06-20T10:00:00+03:00","Europe/Sofia",43.22438900023895,27.915733000170828,,,,"Unknown Governmental Organization","EEA"
8843,"AMS SOU Angel Kanchev-Varna","no2",36.37,"µg/m³","2026-06-20T08:00:00Z","2026-06-20T11:00:00+03:00","Europe/Sofia",43.22438900023895,27.915733000170828,,,,"Unknown Governmental Organization","EEA"
8843,"AMS SOU Angel Kanchev-Varna","no2",22.14,"µg/m³","2026-06-20T09:00:00Z","2026-06-20T12:00:00+03:00","Europe/Sofia",43.22438900023895,27.915733000170828,,,,"Unknown Governmental Organization","EEA"
8843,"AMS SOU Angel Kanchev-Varna","no2",18.79,"µg/m³","2026-06-20T10:00:00Z","2026-06-20T13:00:00+03:00","Europe/Sofia",43.22438900023895,27.915733000170828,,,,"Unknown Governmental Organization","EEA"
8843,"AMS SOU Angel Kanchev-Varna","no2",20.77,"µg/m³","2026-06-20T11:00:00Z","2026-06-20T14:00:00+03:00","Europe/Sofia",43.22438900023895,27.915733000170828,,,,"Unknown Governmental Organization","EEA"
8843,"AMS SOU Angel Kanchev-Varna","no2",15.94,"µg/m³","2026-06-20T12:00:00Z","2026-06-20T15:00:00+03:00","Europe/Sofia",43.22438900023895,27.915733000170828,,,,"Unknown Governmental Organization","EEA"
8843,"AMS SOU Angel Kanchev-Varna","no2",13.65,"µg/m³","2026-06-20T13:00:00Z","2026-06-20T16:00:00+03:00","Europe/Sofia",43.22438900023895,27.915733000170828,,,,"Unknown Governmental Organization","EEA"
8843,"AMS SOU Angel Kanchev-Varna","no2",13.34,"µg/m³","2026-06-20T14:00:00Z","2026-06-20T17:00:00+03:00","Europe/Sofia",43.22438900023895,27.915733000170828,,,,"Unknown Governmental Organization","EEA"
8843,"AMS SOU Angel Kanchev-Varna","no2",14.11,"µg/m³","2026-06-20T15:00:00Z","2026-06-20T18:00:00+03:00","Europe/Sofia",43.22438900023895,27.915733000170828,,,,"Unknown Governmental Organization","EEA"
8843,"AMS SOU Angel Kanchev-Varna","no2",11.34,"µg/m³","2026-06-20T16:00:00Z","2026-06-20T19:00:00+03:00","Europe/Sofia",43.22438900023895,27.915733000170828,,,,"Unknown Governmental Organization","EEA"
8843,"AMS SOU Angel Kanchev-Varna","no2",12.5,"µg/m³","2026-06-20T17:00:00Z","2026-06-20T20:00:00+03:00","Europe/Sofia",43.22438900023895,27.915733000170828,,,,"Unknown Governmental Organization","EEA"
8843,"AMS SOU Angel Kanchev-Varna","no2",20.71,"µg/m³","2026-06-20T18:00:00Z","2026-06-20T21:00:00+03:00","Europe/Sofia",43.22438900023895,27.915733000170828,,,,"Unknown Governmental Organization","EEA"
8843,"AMS SOU Angel Kanchev-Varna","no2",44.84,"µg/m³","2026-06-20T19:00:00Z","2026-06-20T22:00:00+03:00","Europe/Sofia",43.22438900023895,27.915733000170828,,,,"Unknown Governmental Organization","EEA"
8843,"AMS SOU Angel Kanchev-Varna","no2",65.81,"µg/m³","2026-06-20T20:00:00Z","2026-06-20T23:00:00+03:00","Europe/Sofia",43.22438900023895,27.915733000170828,,,,"Unknown Governmental Organization","EEA"
8843,"AMS SOU Angel Kanchev-Varna","no2",63.49,"µg/m³","2026-06-20T21:00:00Z","2026-06-21T00:00:00+03:00","Europe/Sofia",43.22438900023895,27.915733000170828,,,,"Unknown Governmental Organization","EEA"
8843,"AMS SOU Angel Kanchev-Varna","no2",56.74,"µg/m³","2026-06-20T22:00:00Z","2026-06-21T01:00:00+03:00","Europe/Sofia",43.22438900023895,27.915733000170828,,,,"Unknown Governmental Organization","EEA"
8843,"AMS SOU Angel Kanchev-Varna","no2",47.15,"µg/m³","2026-06-20T23:00:00Z","2026-06-21T02:00:00+03:00","Europe/Sofia",43.22438900023895,27.915733000170828,,,,"Unknown Governmental Organization","EEA"
8843,"AMS SOU Angel Kanchev-Varna","no2",66.6,"µg/m³","2026-06-21T00:00:00Z","2026-06-21T03:00:00+03:00","Europe/Sofia",43.22438900023895,27.915733000170828,,,,"Unknown Governmental Organization","EEA"
8843,"AMS SOU Angel Kanchev-Varna","no2",67.19,"µg/m³","2026-06-21T01:00:00Z","2026-06-21T04:00:00+03:00","Europe/Sofia",43.22438900023895,27.915733000170828,,,,"Unknown Governmental Organization","EEA"
8843,"AMS SOU Angel Kanchev-Varna","no2",59.35,"µg/m³","2026-06-21T02:00:00Z","2026-06-21T05:00:00+03:00","Europe/Sofia",43.22438900023895,27.915733000170828,,,,"Unknown Governmental Organization","EEA"
8843,"AMS SOU Angel Kanchev-Varna","no2",64.24,"µg/m³","2026-06-21T03:00:00Z","2026-06-21T06:00:00+03:00","Europe/Sofia",43.22438900023895,27.915733000170828,,,,"Unknown Governmental Organization","EEA"
8843,"AMS SOU Angel Kanchev-Varna","no2",67.91,"µg/m³","2026-06-21T04:00:00Z","2026-06-21T07:00:00+03:00","Europe/Sofia",43.22438900023895,27.915733000170828,,,,"Unknown Governmental Organization","EEA"
8843,"AMS SOU Angel Kanchev-Varna","no2",58.62,"µg/m³","2026-06-21T05:00:00Z","2026-06-21T08:00:00+03:00","Europe/Sofia",43.22438900023895,27.915733000170828,,,,"Unknown Governmental Organization","EEA"
8843,"AMS SOU Angel Kanchev-Varna","no2",52.38,"µg/m³","2026-06-21T06:00:00Z","2026-06-21T09:00:00+03:00","Europe/Sofia",43.22438900023895,27.915733000170828,,,,"Unknown Governmental Organization","EEA"
8843,"AMS SOU Angel Kanchev-Varna","no2",36.84,"µg/m³","2026-06-21T07:00:00Z","2026-06-21T10:00:00+03:00","Europe/Sofia",43.22438900023895,27.915733000170828,,,,"Unknown Governmental Organization","EEA"
8843,"AMS SOU Angel Kanchev-Varna","no2",29.77,"µg/m³","2026-06-21T08:00:00Z","2026-06-21T11:00:00+03:00","Europe/Sofia",43.22438900023895,27.915733000170828,,,,"Unknown Governmental Organization","EEA"
8843,"AMS SOU Angel Kanchev-Varna","no2",18.24,"µg/m³","2026-06-21T09:00:00Z","2026-06-21T12:00:00+03:00","Europe/Sofia",43.22438900023895,27.915733000170828,,,,"Unknown Governmental Organization","EEA"
8843,"AMS SOU Angel Kanchev-Varna","no2",16,"µg/m³","2026-06-21T10:00:00Z","2026-06-21T13:00:00+03:00","Europe/Sofia",43.22438900023895,27.915733000170828,,,,"Unknown Governmental Organization","EEA"
8843,"AMS SOU Angel Kanchev-Varna","no2",11.8,"µg/m³","2026-06-21T11:00:00Z","2026-06-21T14:00:00+03:00","Europe/Sofia",43.22438900023895,27.915733000170828,,,,"Unknown Governmental Organization","EEA"
8843,"AMS SOU Angel Kanchev-Varna","no2",10.58,"µg/m³","2026-06-21T12:00:00Z","2026-06-21T15:00:00+03:00","Europe/Sofia",43.22438900023895,27.915733000170828,,,,"Unknown Governmental Organization","EEA"
8843,"AMS SOU Angel Kanchev-Varna","no2",9.12,"µg/m³","2026-06-21T13:00:00Z","2026-06-21T16:00:00+03:00","Europe/Sofia",43.22438900023895,27.915733000170828,,,,"Unknown Governmental Organization","EEA"
8843,"AMS SOU Angel Kanchev-Varna","no2",12.35,"µg/m³","2026-06-21T14:00:00Z","2026-06-21T17:00:00+03:00","Europe/Sofia",43.22438900023895,27.915733000170828,,,,"Unknown Governmental Organization","EEA"
8843,"AMS SOU Angel Kanchev-Varna","no2",27.98,"µg/m³","2026-06-21T15:00:00Z","2026-06-21T18:00:00+03:00","Europe/Sofia",43.22438900023895,27.915733000170828,,,,"Unknown Governmental Organization","EEA"
8843,"AMS SOU Angel Kanchev-Varna","no2",18.87,"µg/m³","2026-06-21T16:00:00Z","2026-06-21T19:00:00+03:00","Europe/Sofia",43.22438900023895,27.915733000170828,,,,"Unknown Governmental Organization","EEA"
8843,"AMS SOU Angel Kanchev-Varna","no2",13.61,"µg/m³","2026-06-21T17:00:00Z","2026-06-21T20:00:00+03:00","Europe/Sofia",43.22438900023895,27.915733000170828,,,,"Unknown Governmental Organization","EEA"
8843,"AMS SOU Angel Kanchev-Varna","no2",17.65,"µg/m³","2026-06-21T18:00:00Z","2026-06-21T21:00:00+03:00","Europe/Sofia",43.22438900023895,27.915733000170828,,,,"Unknown Governmental Organization","EEA"
8843,"AMS SOU Angel Kanchev-Varna","no2",35.66,"µg/m³","2026-06-21T19:00:00Z","2026-06-21T22:00:00+03:00","Europe/Sofia",43.22438900023895,27.915733000170828,,,,"Unknown Governmental Organization","EEA"
8843,"AMS SOU Angel Kanchev-Varna","no2",43.64,"µg/m³","2026-06-21T20:00:00Z","2026-06-21T23:00:00+03:00","Europe/Sofia",43.22438900023895,27.915733000170828,,,,"Unknown Governmental Organization","EEA"
8843,"AMS SOU Angel Kanchev-Varna","no2",54.24,"µg/m³","2026-06-21T21:00:00Z","2026-06-22T00:00:00+03:00","Europe/Sofia",43.22438900023895,27.915733000170828,,,,"Unknown Governmental Organization","EEA"
8843,"AMS SOU Angel Kanchev-Varna","no2",46.28,"µg/m³","2026-06-21T22:00:00Z","2026-06-22T01:00:00+03:00","Europe/Sofia",43.22438900023895,27.915733000170828,,,,"Unknown Governmental Organization","EEA"
8843,"AMS SOU Angel Kanchev-Varna","no2",28.92,"µg/m³","2026-06-21T23:00:00Z","2026-06-22T02:00:00+03:00","Europe/Sofia",43.22438900023895,27.915733000170828,,,,"Unknown Governmental Organization","EEA"
8843,"AMS SOU Angel Kanchev-Varna","no2",58.23,"µg/m³","2026-06-22T00:00:00Z","2026-06-22T03:00:00+03:00","Europe/Sofia",43.22438900023895,27.915733000170828,,,,"Unknown Governmental Organization","EEA"
8843,"AMS SOU Angel Kanchev-Varna","no2",44.22,"µg/m³","2026-06-22T01:00:00Z","2026-06-22T04:00:00+03:00","Europe/Sofia",43.22438900023895,27.915733000170828,,,,"Unknown Governmental Organization","EEA"
8843,"AMS SOU Angel Kanchev-Varna","no2",44.2,"µg/m³","2026-06-22T02:00:00Z","2026-06-22T05:00:00+03:00","Europe/Sofia",43.22438900023895,27.915733000170828,,,,"Unknown Governmental Organization","EEA"
8843,"AMS SOU Angel Kanchev-Varna","no2",30.85,"µg/m³","2026-06-22T03:00:00Z","2026-06-22T06:00:00+03:00","Europe/Sofia",43.22438900023895,27.915733000170828,,,,"Unknown Governmental Organization","EEA"
8843,"AMS SOU Angel Kanchev-Varna","no2",39.54,"µg/m³","2026-06-22T04:00:00Z","2026-06-22T07:00:00+03:00","Europe/Sofia",43.22438900023895,27.915733000170828,,,,"Unknown Governmental Organization","EEA"
8843,"AMS SOU Angel Kanchev-Varna","no2",60.24,"µg/m³","2026-06-22T05:00:00Z","2026-06-22T08:00:00+03:00","Europe/Sofia",43.22438900023895,27.915733000170828,,,,"Unknown Governmental Organization","EEA"
8843,"AMS SOU Angel Kanchev-Varna","no2",86.75,"µg/m³","2026-06-22T06:00:00Z","2026-06-22T09:00:00+03:00","Europe/Sofia",43.22438900023895,27.915733000170828,,,,"Unknown Governmental Organization","EEA"
8843,"AMS SOU Angel Kanchev-Varna","no2",21.62,"µg/m³","2026-06-22T07:00:00Z","2026-06-22T10:00:00+03:00","Europe/Sofia",43.22438900023895,27.915733000170828,,,,"Unknown Governmental Organization","EEA"
8843,"AMS SOU Angel Kanchev-Varna","no2",12.95,"µg/m³","2026-06-22T09:00:00Z","2026-06-22T12:00:00+03:00","Europe/Sofia",43.22438900023895,27.915733000170828,,,,"Unknown Governmental Organization","EEA"
8843,"AMS SOU Angel Kanchev-Varna","no2",-1,"µg/m³","2026-06-22T10:00:00Z","2026-06-22T13:00:00+03:00","Europe/Sofia",43.22438900023895,27.915733000170828,,,,"Unknown Governmental Organization","EEA"
8843,"AMS SOU Angel Kanchev-Varna","no2",13.92,"µg/m³","2026-06-22T11:00:00Z","2026-06-22T14:00:00+03:00","Europe/Sofia",43.22438900023895,27.915733000170828,,,,"Unknown Governmental Organization","EEA"
8843,"AMS SOU Angel Kanchev-Varna","no2",15.38,"µg/m³","2026-06-22T12:00:00Z","2026-06-22T15:00:00+03:00","Europe/Sofia",43.22438900023895,27.915733000170828,,,,"Unknown Governmental Organization","EEA"
8843,"AMS SOU Angel Kanchev-Varna","no2",24.12,"µg/m³","2026-06-22T13:00:00Z","2026-06-22T16:00:00+03:00","Europe/Sofia",43.22438900023895,27.915733000170828,,,,"Unknown Governmental Organization","EEA"
8843,"AMS SOU Angel Kanchev-Varna","no2",17.95,"µg/m³","2026-06-22T14:00:00Z","2026-06-22T17:00:00+03:00","Europe/Sofia",43.22438900023895,27.915733000170828,,,,"Unknown Governmental Organization","EEA"
8843,"AMS SOU Angel Kanchev-Varna","no2",19.43,"µg/m³","2026-06-22T15:00:00Z","2026-06-22T18:00:00+03:00","Europe/Sofia",43.22438900023895,27.915733000170828,,,,"Unknown Governmental Organization","EEA"
8843,"AMS SOU Angel Kanchev-Varna","no2",23.89,"µg/m³","2026-06-22T16:00:00Z","2026-06-22T19:00:00+03:00","Europe/Sofia",43.22438900023895,27.915733000170828,,,,"Unknown Governmental Organization","EEA"
8843,"AMS SOU Angel Kanchev-Varna","no2",25.02,"µg/m³","2026-06-22T17:00:00Z","2026-06-22T20:00:00+03:00","Europe/Sofia",43.22438900023895,27.915733000170828,,,,"Unknown Governmental Organization","EEA"
8843,"AMS SOU Angel Kanchev-Varna","no2",26.04,"µg/m³","2026-06-22T18:00:00Z","2026-06-22T21:00:00+03:00","Europe/Sofia",43.22438900023895,27.915733000170828,,,,"Unknown Governmental Organization","EEA"
8843,"AMS SOU Angel Kanchev-Varna","no2",32.46,"µg/m³","2026-06-22T19:00:00Z","2026-06-22T22:00:00+03:00","Europe/Sofia",43.22438900023895,27.915733000170828,,,,"Unknown Governmental Organization","EEA"
8843,"AMS SOU Angel Kanchev-Varna","no2",26.78,"µg/m³","2026-06-22T20:00:00Z","2026-06-22T23:00:00+03:00","Europe/Sofia",43.22438900023895,27.915733000170828,,,,"Unknown Governmental Organization","EEA"
8843,"AMS SOU Angel Kanchev-Varna","no2",44.28,"µg/m³","2026-06-22T21:00:00Z","2026-06-23T00:00:00+03:00","Europe/Sofia",43.22438900023895,27.915733000170828,,,,"Unknown Governmental Organization","EEA"
8843,"AMS SOU Angel Kanchev-Varna","no2",30.29,"µg/m³","2026-06-22T22:00:00Z","2026-06-23T01:00:00+03:00","Europe/Sofia",43.22438900023895,27.915733000170828,,,,"Unknown Governmental Organization","EEA"
8843,"AMS SOU Angel Kanchev-Varna","no2",28.84,"µg/m³","2026-06-22T23:00:00Z","2026-06-23T02:00:00+03:00","Europe/Sofia",43.22438900023895,27.915733000170828,,,,"Unknown Governmental Organization","EEA"
8843,"AMS SOU Angel Kanchev-Varna","no2",25.09,"µg/m³","2026-06-23T00:00:00Z","2026-06-23T03:00:00+03:00","Europe/Sofia",43.22438900023895,27.915733000170828,,,,"Unknown Governmental Organization","EEA"
8843,"AMS SOU Angel Kanchev-Varna","no2",24.84,"µg/m³","2026-06-23T01:00:00Z","2026-06-23T04:00:00+03:00","Europe/Sofia",43.22438900023895,27.915733000170828,,,,"Unknown Governmental Organization","EEA"
8843,"AMS SOU Angel Kanchev-Varna","no2",23.43,"µg/m³","2026-06-23T02:00:00Z","2026-06-23T05:00:00+03:00","Europe/Sofia",43.22438900023895,27.915733000170828,,,,"Unknown Governmental Organization","EEA"
8843,"AMS SOU Angel Kanchev-Varna","no2",62.94,"µg/m³","2026-06-23T03:00:00Z","2026-06-23T06:00:00+03:00","Europe/Sofia",43.22438900023895,27.915733000170828,,,,"Unknown Governmental Organization","EEA"
8843,"AMS SOU Angel Kanchev-Varna","no2",61.33,"µg/m³","2026-06-23T04:00:00Z","2026-06-23T07:00:00+03:00","Europe/Sofia",43.22438900023895,27.915733000170828,,,,"Unknown Governmental Organization","EEA"
8843,"AMS SOU Angel Kanchev-Varna","no2",45.74,"µg/m³","2026-06-23T05:00:00Z","2026-06-23T08:00:00+03:00","Europe/Sofia",43.22438900023895,27.915733000170828,,,,"Unknown Governmental Organization","EEA"
8843,"AMS SOU Angel Kanchev-Varna","no2",98.2,"µg/m³","2026-06-23T06:00:00Z","2026-06-23T09:00:00+03:00","Europe/Sofia",43.22438900023895,27.915733000170828,,,,"Unknown Governmental Organization","EEA"
8843,"AMS SOU Angel Kanchev-Varna","no2",108.86,"µg/m³","2026-06-23T07:00:00Z","2026-06-23T10:00:00+03:00","Europe/Sofia",43.22438900023895,27.915733000170828,,,,"Unknown Governmental Organization","EEA"
8843,"AMS SOU Angel Kanchev-Varna","no2",38.8,"µg/m³","2026-06-23T08:00:00Z","2026-06-23T11:00:00+03:00","Europe/Sofia",43.22438900023895,27.915733000170828,,,,"Unknown Governmental Organization","EEA"
8843,"AMS SOU Angel Kanchev-Varna","no2",13.57,"µg/m³","2026-06-23T10:00:00Z","2026-06-23T13:00:00+03:00","Europe/Sofia",43.22438900023895,27.915733000170828,,,,"Unknown Governmental Organization","EEA"
8843,"AMS SOU Angel Kanchev-Varna","no2",14.42,"µg/m³","2026-06-23T11:00:00Z","2026-06-23T14:00:00+03:00","Europe/Sofia",43.22438900023895,27.915733000170828,,,,"Unknown Governmental Organization","EEA"
8843,"AMS SOU Angel Kanchev-Varna","no2",11.75,"µg/m³","2026-06-23T12:00:00Z","2026-06-23T15:00:00+03:00","Europe/Sofia",43.22438900023895,27.915733000170828,,,,"Unknown Governmental Organization","EEA"
8843,"AMS SOU Angel Kanchev-Varna","no2",10.64,"µg/m³","2026-06-23T13:00:00Z","2026-06-23T16:00:00+03:00","Europe/Sofia",43.22438900023895,27.915733000170828,,,,"Unknown Governmental Organization","EEA"
8843,"AMS SOU Angel Kanchev-Varna","no2",9.06,"µg/m³","2026-06-23T14:00:00Z","2026-06-23T17:00:00+03:00","Europe/Sofia",43.22438900023895,27.915733000170828,,,,"Unknown Governmental Organization","EEA"
8843,"AMS SOU Angel Kanchev-Varna","no2",10.08,"µg/m³","2026-06-23T15:00:00Z","2026-06-23T18:00:00+03:00","Europe/Sofia",43.22438900023895,27.915733000170828,,,,"Unknown Governmental Organization","EEA"
8843,"AMS SOU Angel Kanchev-Varna","no2",10.31,"µg/m³","2026-06-23T16:00:00Z","2026-06-23T19:00:00+03:00","Europe/Sofia",43.22438900023895,27.915733000170828,,,,"Unknown Governmental Organization","EEA"
8843,"AMS SOU Angel Kanchev-Varna","no2",10.9,"µg/m³","2026-06-23T17:00:00Z","2026-06-23T20:00:00+03:00","Europe/Sofia",43.22438900023895,27.915733000170828,,,,"Unknown Governmental Organization","EEA"
8843,"AMS SOU Angel Kanchev-Varna","no2",15.57,"µg/m³","2026-06-23T18:00:00Z","2026-06-23T21:00:00+03:00","Europe/Sofia",43.22438900023895,27.915733000170828,,,,"Unknown Governmental Organization","EEA"
8843,"AMS SOU Angel Kanchev-Varna","no2",22.29,"µg/m³","2026-06-23T19:00:00Z","2026-06-23T22:00:00+03:00","Europe/Sofia",43.22438900023895,27.915733000170828,,,,"Unknown Governmental Organization","EEA"
8843,"AMS SOU Angel Kanchev-Varna","no2",30.41,"µg/m³","2026-06-23T20:00:00Z","2026-06-23T23:00:00+03:00","Europe/Sofia",43.22438900023895,27.915733000170828,,,,"Unknown Governmental Organization","EEA"
8843,"AMS SOU Angel Kanchev-Varna","no2",45.62,"µg/m³","2026-06-23T21:00:00Z","2026-06-24T00:00:00+03:00","Europe/Sofia",43.22438900023895,27.915733000170828,,,,"Unknown Governmental Organization","EEA"
8843,"AMS SOU Angel Kanchev-Varna","no2",34.1,"µg/m³","2026-06-23T22:00:00Z","2026-06-24T01:00:00+03:00","Europe/Sofia",43.22438900023895,27.915733000170828,,,,"Unknown Governmental Organization","EEA"
8843,"AMS SOU Angel Kanchev-Varna","no2",24.59,"µg/m³","2026-06-23T23:00:00Z","2026-06-24T02:00:00+03:00","Europe/Sofia",43.22438900023895,27.915733000170828,,,,"Unknown Governmental Organization","EEA"
8843,"AMS SOU Angel Kanchev-Varna","no2",19.33,"µg/m³","2026-06-24T00:00:00Z","2026-06-24T03:00:00+03:00","Europe/Sofia",43.22438900023895,27.915733000170828,,,,"Unknown Governmental Organization","EEA"
8843,"AMS SOU Angel Kanchev-Varna","no2",13.8,"µg/m³","2026-06-24T01:00:00Z","2026-06-24T04:00:00+03:00","Europe/Sofia",43.22438900023895,27.915733000170828,,,,"Unknown Governmental Organization","EEA"
8843,"AMS SOU Angel Kanchev-Varna","no2",17.6,"µg/m³","2026-06-24T02:00:00Z","2026-06-24T05:00:00+03:00","Europe/Sofia",43.22438900023895,27.915733000170828,,,,"Unknown Governmental Organization","EEA"
8843,"AMS SOU Angel Kanchev-Varna","no2",22.56,"µg/m³","2026-06-24T03:00:00Z","2026-06-24T06:00:00+03:00","Europe/Sofia",43.22438900023895,27.915733000170828,,,,"Unknown Governmental Organization","EEA"
8843,"AMS SOU Angel Kanchev-Varna","no2",35.23,"µg/m³","2026-06-24T04:00:00Z","2026-06-24T07:00:00+03:00","Europe/Sofia",43.22438900023895,27.915733000170828,,,,"Unknown Governmental Organization","EEA"
8843,"AMS SOU Angel Kanchev-Varna","no2",70.45,"µg/m³","2026-06-24T05:00:00Z","2026-06-24T08:00:00+03:00","Europe/Sofia",43.22438900023895,27.915733000170828,,,,"Unknown Governmental Organization","EEA"
8843,"AMS SOU Angel Kanchev-Varna","no2",96.99,"µg/m³","2026-06-24T06:00:00Z","2026-06-24T09:00:00+03:00","Europe/Sofia",43.22438900023895,27.915733000170828,,,,"Unknown Governmental Organization","EEA"
8843,"AMS SOU Angel Kanchev-Varna","no2",100.45,"µg/m³","2026-06-24T07:00:00Z","2026-06-24T10:00:00+03:00","Europe/Sofia",43.22438900023895,27.915733000170828,,,,"Unknown Governmental Organization","EEA"
8843,"AMS SOU Angel Kanchev-Varna","no2",62.76,"µg/m³","2026-06-24T09:00:00Z","2026-06-24T12:00:00+03:00","Europe/Sofia",43.22438900023895,27.915733000170828,,,,"Unknown Governmental Organization","EEA"
8843,"AMS SOU Angel Kanchev-Varna","no2",35.13,"µg/m³","2026-06-24T10:00:00Z","2026-06-24T13:00:00+03:00","Europe/Sofia",43.22438900023895,27.915733000170828,,,,"Unknown Governmental Organization","EEA"
8843,"AMS SOU Angel Kanchev-Varna","no2",32.23,"µg/m³","2026-06-24T11:00:00Z","2026-06-24T14:00:00+03:00","Europe/Sofia",43.22438900023895,27.915733000170828,,,,"Unknown Governmental Organization","EEA"
8843,"AMS SOU Angel Kanchev-Varna","no2",24.12,"µg/m³","2026-06-24T12:00:00Z","2026-06-24T15:00:00+03:00","Europe/Sofia",43.22438900023895,27.915733000170828,,,,"Unknown Governmental Organization","EEA"
8843,"AMS SOU Angel Kanchev-Varna","no2",19.51,"µg/m³","2026-06-24T13:00:00Z","2026-06-24T16:00:00+03:00","Europe/Sofia",43.22438900023895,27.915733000170828,,,,"Unknown Governmental Organization","EEA"
8843,"AMS SOU Angel Kanchev-Varna","no2",17.42,"µg/m³","2026-06-24T14:00:00Z","2026-06-24T17:00:00+03:00","Europe/Sofia",43.22438900023895,27.915733000170828,,,,"Unknown Governmental Organization","EEA"
8843,"AMS SOU Angel Kanchev-Varna","no2",24.28,"µg/m³","2026-06-24T16:00:00Z","2026-06-24T19:00:00+03:00","Europe/Sofia",43.22438900023895,27.915733000170828,,,,"Unknown Governmental Organization","EEA"
8843,"AMS SOU Angel Kanchev-Varna","no2",24.4,"µg/m³","2026-06-24T17:00:00Z","2026-06-24T20:00:00+03:00","Europe/Sofia",43.22438900023895,27.915733000170828,,,,"Unknown Governmental Organization","EEA"
8843,"AMS SOU Angel Kanchev-Varna","no2",20.5,"µg/m³","2026-06-24T18:00:00Z","2026-06-24T21:00:00+03:00","Europe/Sofia",43.22438900023895,27.915733000170828,,,,"Unknown Governmental Organization","EEA"
8843,"AMS SOU Angel Kanchev-Varna","no2",18.86,"µg/m³","2026-06-24T19:00:00Z","2026-06-24T22:00:00+03:00","Europe/Sofia",43.22438900023895,27.915733000170828,,,,"Unknown Governmental Organization","EEA"
8843,"AMS SOU Angel Kanchev-Varna","no2",41.86,"µg/m³","2026-06-24T20:00:00Z","2026-06-24T23:00:00+03:00","Europe/Sofia",43.22438900023895,27.915733000170828,,,,"Unknown Governmental Organization","EEA"
8843,"AMS SOU Angel Kanchev-Varna","no2",41.7,"µg/m³","2026-06-24T21:00:00Z","2026-06-25T00:00:00+03:00","Europe/Sofia",43.22438900023895,27.915733000170828,,,,"Unknown Governmental Organization","EEA"
8843,"AMS SOU Angel Kanchev-Varna","no2",46.47,"µg/m³","2026-06-24T22:00:00Z","2026-06-25T01:00:00+03:00","Europe/Sofia",43.22438900023895,27.915733000170828,,,,"Unknown Governmental Organization","EEA"
8843,"AMS SOU Angel Kanchev-Varna","no2",78.55,"µg/m³","2026-06-24T23:00:00Z","2026-06-25T02:00:00+03:00","Europe/Sofia",43.22438900023895,27.915733000170828,,,,"Unknown Governmental Organization","EEA"
8843,"AMS SOU Angel Kanchev-Varna","no2",58.22,"µg/m³","2026-06-25T00:00:00Z","2026-06-25T03:00:00+03:00","Europe/Sofia",43.22438900023895,27.915733000170828,,,,"Unknown Governmental Organization","EEA"
8843,"AMS SOU Angel Kanchev-Varna","no2",37.65,"µg/m³","2026-06-25T01:00:00Z","2026-06-25T04:00:00+03:00","Europe/Sofia",43.22438900023895,27.915733000170828,,,,"Unknown Governmental Organization","EEA"
8843,"AMS SOU Angel Kanchev-Varna","no2",32.64,"µg/m³","2026-06-25T02:00:00Z","2026-06-25T05:00:00+03:00","Europe/Sofia",43.22438900023895,27.915733000170828,,,,"Unknown Governmental Organization","EEA"
8843,"AMS SOU Angel Kanchev-Varna","no2",29.91,"µg/m³","2026-06-25T03:00:00Z","2026-06-25T06:00:00+03:00","Europe/Sofia",43.22438900023895,27.915733000170828,,,,"Unknown Governmental Organization","EEA"
8843,"AMS SOU Angel Kanchev-Varna","no2",35.16,"µg/m³","2026-06-25T04:00:00Z","2026-06-25T07:00:00+03:00","Europe/Sofia",43.22438900023895,27.915733000170828,,,,"Unknown Governmental Organization","EEA"
8843,"AMS SOU Angel Kanchev-Varna","no2",11.07,"µg/m³","2026-06-25T05:00:00Z","2026-06-25T08:00:00+03:00","Europe/Sofia",43.22438900023895,27.915733000170828,,,,"Unknown Governmental Organization","EEA"
8843,"AMS SOU Angel Kanchev-Varna","no2",14.99,"µg/m³","2026-06-25T06:00:00Z","2026-06-25T09:00:00+03:00","Europe/Sofia",43.22438900023895,27.915733000170828,,,,"Unknown Governmental Organization","EEA"
8843,"AMS SOU Angel Kanchev-Varna","no2",14.31,"µg/m³","2026-06-25T07:00:00Z","2026-06-25T10:00:00+03:00","Europe/Sofia",43.22438900023895,27.915733000170828,,,,"Unknown Governmental Organization","EEA"
8843,"AMS SOU Angel Kanchev-Varna","no2",12.2,"µg/m³","2026-06-25T08:00:00Z","2026-06-25T11:00:00+03:00","Europe/Sofia",43.22438900023895,27.915733000170828,,,,"Unknown Governmental Organization","EEA"
8843,"AMS SOU Angel Kanchev-Varna","no2",11.07,"µg/m³","2026-06-25T09:00:00Z","2026-06-25T12:00:00+03:00","Europe/Sofia",43.22438900023895,27.915733000170828,,,,"Unknown Governmental Organization","EEA"
8843,"AMS SOU Angel Kanchev-Varna","no2",10.61,"µg/m³","2026-06-25T10:00:00Z","2026-06-25T13:00:00+03:00","Europe/Sofia",43.22438900023895,27.915733000170828,,,,"Unknown Governmental Organization","EEA"
8843,"AMS SOU Angel Kanchev-Varna","no2",17.99,"µg/m³","2026-06-25T11:00:00Z","2026-06-25T14:00:00+03:00","Europe/Sofia",43.22438900023895,27.915733000170828,,,,"Unknown Governmental Organization","EEA"
8843,"AMS SOU Angel Kanchev-Varna","no2",14.73,"µg/m³","2026-06-25T12:00:00Z","2026-06-25T15:00:00+03:00","Europe/Sofia",43.22438900023895,27.915733000170828,,,,"Unknown Governmental Organization","EEA"
8843,"AMS SOU Angel Kanchev-Varna","no2",16.94,"µg/m³","2026-06-25T13:00:00Z","2026-06-25T16:00:00+03:00","Europe/Sofia",43.22438900023895,27.915733000170828,,,,"Unknown Governmental Organization","EEA"
8843,"AMS SOU Angel Kanchev-Varna","no2",14.48,"µg/m³","2026-06-25T14:00:00Z","2026-06-25T17:00:00+03:00","Europe/Sofia",43.22438900023895,27.915733000170828,,,,"Unknown Governmental Organization","EEA"
8843,"AMS SOU Angel Kanchev-Varna","no2",17.49,"µg/m³","2026-06-25T15:00:00Z","2026-06-25T18:00:00+03:00","Europe/Sofia",43.22438900023895,27.915733000170828,,,,"Unknown Governmental Organization","EEA"
8843,"AMS SOU Angel Kanchev-Varna","no2",23.78,"µg/m³","2026-06-25T16:00:00Z","2026-06-25T19:00:00+03:00","Europe/Sofia",43.22438900023895,27.915733000170828,,,,"Unknown Governmental Organization","EEA"
8843,"AMS SOU Angel Kanchev-Varna","no2",22.02,"µg/m³","2026-06-25T17:00:00Z","2026-06-25T20:00:00+03:00","Europe/Sofia",43.22438900023895,27.915733000170828,,,,"Unknown Governmental Organization","EEA"
8843,"AMS SOU Angel Kanchev-Varna","no2",25.57,"µg/m³","2026-06-25T18:00:00Z","2026-06-25T21:00:00+03:00","Europe/Sofia",43.22438900023895,27.915733000170828,,,,"Unknown Governmental Organization","EEA"
8843,"AMS SOU Angel Kanchev-Varna","no2",44.42,"µg/m³","2026-06-25T19:00:00Z","2026-06-25T22:00:00+03:00","Europe/Sofia",43.22438900023895,27.915733000170828,,,,"Unknown Governmental Organization","EEA"
8843,"AMS SOU Angel Kanchev-Varna","no2",62.03,"µg/m³","2026-06-25T20:00:00Z","2026-06-25T23:00:00+03:00","Europe/Sofia",43.22438900023895,27.915733000170828,,,,"Unknown Governmental Organization","EEA"
8843,"AMS SOU Angel Kanchev-Varna","no2",56.11,"µg/m³","2026-06-25T21:00:00Z","2026-06-26T00:00:00+03:00","Europe/Sofia",43.22438900023895,27.915733000170828,,,,"Unknown Governmental Organization","EEA"
8843,"AMS SOU Angel Kanchev-Varna","no2",37.52,"µg/m³","2026-06-25T23:00:00Z","2026-06-26T02:00:00+03:00","Europe/Sofia",43.22438900023895,27.915733000170828,,,,"Unknown Governmental Organization","EEA"
8843,"AMS SOU Angel Kanchev-Varna","no2",30.73,"µg/m³","2026-06-26T00:00:00Z","2026-06-26T03:00:00+03:00","Europe/Sofia",43.22438900023895,27.915733000170828,,,,"Unknown Governmental Organization","EEA"
8843,"AMS SOU Angel Kanchev-Varna","no2",35.53,"µg/m³","2026-06-26T01:00:00Z","2026-06-26T04:00:00+03:00","Europe/Sofia",43.22438900023895,27.915733000170828,,,,"Unknown Governmental Organization","EEA"
8843,"AMS SOU Angel Kanchev-Varna","no2",47.95,"µg/m³","2026-06-26T02:00:00Z","2026-06-26T05:00:00+03:00","Europe/Sofia",43.22438900023895,27.915733000170828,,,,"Unknown Governmental Organization","EEA"
8843,"AMS SOU Angel Kanchev-Varna","no2",54.54,"µg/m³","2026-06-26T03:00:00Z","2026-06-26T06:00:00+03:00","Europe/Sofia",43.22438900023895,27.915733000170828,,,,"Unknown Governmental Organization","EEA"
8843,"AMS SOU Angel Kanchev-Varna","no2",49.65,"µg/m³","2026-06-26T04:00:00Z","2026-06-26T07:00:00+03:00","Europe/Sofia",43.22438900023895,27.915733000170828,,,,"Unknown Governmental Organization","EEA"
8843,"AMS SOU Angel Kanchev-Varna","no2",53.41,"µg/m³","2026-06-26T05:00:00Z","2026-06-26T08:00:00+03:00","Europe/Sofia",43.22438900023895,27.915733000170828,,,,"Unknown Governmental Organization","EEA"
8843,"AMS SOU Angel Kanchev-Varna","no2",81.55,"µg/m³","2026-06-26T06:00:00Z","2026-06-26T09:00:00+03:00","Europe/Sofia",43.22438900023895,27.915733000170828,,,,"Unknown Governmental Organization","EEA"
8843,"AMS SOU Angel Kanchev-Varna","no2",17.06,"µg/m³","2026-06-26T09:00:00Z","2026-06-26T12:00:00+03:00","Europe/Sofia",43.22438900023895,27.915733000170828,,,,"Unknown Governmental Organization","EEA"
8843,"AMS SOU Angel Kanchev-Varna","no2",14.98,"µg/m³","2026-06-26T10:00:00Z","2026-06-26T13:00:00+03:00","Europe/Sofia",43.22438900023895,27.915733000170828,,,,"Unknown Governmental Organization","EEA"
8843,"AMS SOU Angel Kanchev-Varna","no2",15.5,"µg/m³","2026-06-26T11:00:00Z","2026-06-26T14:00:00+03:00","Europe/Sofia",43.22438900023895,27.915733000170828,,,,"Unknown Governmental Organization","EEA"
8843,"AMS SOU Angel Kanchev-Varna","no2",16.35,"µg/m³","2026-06-26T12:00:00Z","2026-06-26T15:00:00+03:00","Europe/Sofia",43.22438900023895,27.915733000170828,,,,"Unknown Governmental Organization","EEA"
8843,"AMS SOU Angel Kanchev-Varna","no2",16,"µg/m³","2026-06-26T13:00:00Z","2026-06-26T16:00:00+03:00","Europe/Sofia",43.22438900023895,27.915733000170828,,,,"Unknown Governmental Organization","EEA"
8843,"AMS SOU Angel Kanchev-Varna","no2",17.15,"µg/m³","2026-06-26T14:00:00Z","2026-06-26T17:00:00+03:00","Europe/Sofia",43.22438900023895,27.915733000170828,,,,"Unknown Governmental Organization","EEA"
8843,"AMS SOU Angel Kanchev-Varna","no2",18.94,"µg/m³","2026-06-26T15:00:00Z","2026-06-26T18:00:00+03:00","Europe/Sofia",43.22438900023895,27.915733000170828,,,,"Unknown Governmental Organization","EEA"
8843,"AMS SOU Angel Kanchev-Varna","no2",23.73,"µg/m³","2026-06-26T16:00:00Z","2026-06-26T19:00:00+03:00","Europe/Sofia",43.22438900023895,27.915733000170828,,,,"Unknown Governmental Organization","EEA"
8843,"AMS SOU Angel Kanchev-Varna","no2",29.71,"µg/m³","2026-06-26T17:00:00Z","2026-06-26T20:00:00+03:00","Europe/Sofia",43.22438900023895,27.915733000170828,,,,"Unknown Governmental Organization","EEA"
8843,"AMS SOU Angel Kanchev-Varna","no2",28.07,"µg/m³","2026-06-26T18:00:00Z","2026-06-26T21:00:00+03:00","Europe/Sofia",43.22438900023895,27.915733000170828,,,,"Unknown Governmental Organization","EEA"
8843,"AMS SOU Angel Kanchev-Varna","no2",28.12,"µg/m³","2026-06-26T19:00:00Z","2026-06-26T22:00:00+03:00","Europe/Sofia",43.22438900023895,27.915733000170828,,,,"Unknown Governmental Organization","EEA"
8843,"AMS SOU Angel Kanchev-Varna","no2",74.71,"µg/m³","2026-06-26T20:00:00Z","2026-06-26T23:00:00+03:00","Europe/Sofia",43.22438900023895,27.915733000170828,,,,"Unknown Governmental Organization","EEA"
8843,"AMS SOU Angel Kanchev-Varna","no2",54.88,"µg/m³","2026-06-26T21:00:00Z","2026-06-27T00:00:00+03:00","Europe/Sofia",43.22438900023895,27.915733000170828,,,,"Unknown Governmental Organization","EEA"
8843,"AMS SOU Angel Kanchev-Varna","no2",42.97,"µg/m³","2026-06-26T22:00:00Z","2026-06-27T01:00:00+03:00","Europe/Sofia",43.22438900023895,27.915733000170828,,,,"Unknown Governmental Organization","EEA"
8843,"AMS SOU Angel Kanchev-Varna","no2",45.12,"µg/m³","2026-06-26T23:00:00Z","2026-06-27T02:00:00+03:00","Europe/Sofia",43.22438900023895,27.915733000170828,,,,"Unknown Governmental Organization","EEA"
8843,"AMS SOU Angel Kanchev-Varna","no2",38.21,"µg/m³","2026-06-27T00:00:00Z","2026-06-27T03:00:00+03:00","Europe/Sofia",43.22438900023895,27.915733000170828,,,,"Unknown Governmental Organization","EEA"
8843,"AMS SOU Angel Kanchev-Varna","no2",91.73,"µg/m³","2026-06-27T01:00:00Z","2026-06-27T04:00:00+03:00","Europe/Sofia",43.22438900023895,27.915733000170828,,,,"Unknown Governmental Organization","EEA"
8843,"AMS SOU Angel Kanchev-Varna","no2",63.77,"µg/m³","2026-06-27T02:00:00Z","2026-06-27T05:00:00+03:00","Europe/Sofia",43.22438900023895,27.915733000170828,,,,"Unknown Governmental Organization","EEA"
8843,"AMS SOU Angel Kanchev-Varna","no2",55.81,"µg/m³","2026-06-27T03:00:00Z","2026-06-27T06:00:00+03:00","Europe/Sofia",43.22438900023895,27.915733000170828,,,,"Unknown Governmental Organization","EEA"
8843,"AMS SOU Angel Kanchev-Varna","no2",61.7,"µg/m³","2026-06-27T04:00:00Z","2026-06-27T07:00:00+03:00","Europe/Sofia",43.22438900023895,27.915733000170828,,,,"Unknown Governmental Organization","EEA"
8843,"AMS SOU Angel Kanchev-Varna","no2",35.38,"µg/m³","2026-06-27T05:00:00Z","2026-06-27T08:00:00+03:00","Europe/Sofia",43.22438900023895,27.915733000170828,,,,"Unknown Governmental Organization","EEA"
8843,"AMS SOU Angel Kanchev-Varna","no2",23.73,"µg/m³","2026-06-27T06:00:00Z","2026-06-27T09:00:00+03:00","Europe/Sofia",43.22438900023895,27.915733000170828,,,,"Unknown Governmental Organization","EEA"
8843,"AMS SOU Angel Kanchev-Varna","no2",8.55,"µg/m³","2026-06-27T07:00:00Z","2026-06-27T10:00:00+03:00","Europe/Sofia",43.22438900023895,27.915733000170828,,,,"Unknown Governmental Organization","EEA"
8843,"AMS SOU Angel Kanchev-Varna","no2",12.46,"µg/m³","2026-06-27T08:00:00Z","2026-06-27T11:00:00+03:00","Europe/Sofia",43.22438900023895,27.915733000170828,,,,"Unknown Governmental Organization","EEA"
8843,"AMS SOU Angel Kanchev-Varna","no2",10.23,"µg/m³","2026-06-27T09:00:00Z","2026-06-27T12:00:00+03:00","Europe/Sofia",43.22438900023895,27.915733000170828,,,,"Unknown Governmental Organization","EEA"
8843,"AMS SOU Angel Kanchev-Varna","no2",8.94,"µg/m³","2026-06-27T10:00:00Z","2026-06-27T13:00:00+03:00","Europe/Sofia",43.22438900023895,27.915733000170828,,,,"Unknown Governmental Organization","EEA"
8843,"AMS SOU Angel Kanchev-Varna","no2",9.82,"µg/m³","2026-06-27T11:00:00Z","2026-06-27T14:00:00+03:00","Europe/Sofia",43.22438900023895,27.915733000170828,,,,"Unknown Governmental Organization","EEA"
8843,"AMS SOU Angel Kanchev-Varna","no2",11.15,"µg/m³","2026-06-27T12:00:00Z","2026-06-27T15:00:00+03:00","Europe/Sofia",43.22438900023895,27.915733000170828,,,,"Unknown Governmental Organization","EEA"
8843,"AMS SOU Angel Kanchev-Varna","no2",14.05,"µg/m³","2026-06-27T13:00:00Z","2026-06-27T16:00:00+03:00","Europe/Sofia",43.22438900023895,27.915733000170828,,,,"Unknown Governmental Organization","EEA"
8843,"AMS SOU Angel Kanchev-Varna","no2",9.92,"µg/m³","2026-06-27T14:00:00Z","2026-06-27T17:00:00+03:00","Europe/Sofia",43.22438900023895,27.915733000170828,,,,"Unknown Governmental Organization","EEA"
8843,"AMS SOU Angel Kanchev-Varna","no2",8.08,"µg/m³","2026-06-27T15:00:00Z","2026-06-27T18:00:00+03:00","Europe/Sofia",43.22438900023895,27.915733000170828,,,,"Unknown Governmental Organization","EEA"
8843,"AMS SOU Angel Kanchev-Varna","no2",8.79,"µg/m³","2026-06-27T16:00:00Z","2026-06-27T19:00:00+03:00","Europe/Sofia",43.22438900023895,27.915733000170828,,,,"Unknown Governmental Organization","EEA"
8843,"AMS SOU Angel Kanchev-Varna","no2",9.18,"µg/m³","2026-06-27T17:00:00Z","2026-06-27T20:00:00+03:00","Europe/Sofia",43.22438900023895,27.915733000170828,,,,"Unknown Governmental Organization","EEA"
8843,"AMS SOU Angel Kanchev-Varna","no2",12.34,"µg/m³","2026-06-27T18:00:00Z","2026-06-27T21:00:00+03:00","Europe/Sofia",43.22438900023895,27.915733000170828,,,,"Unknown Governmental Organization","EEA"
8843,"AMS SOU Angel Kanchev-Varna","no2",14.4,"µg/m³","2026-06-27T19:00:00Z","2026-06-27T22:00:00+03:00","Europe/Sofia",43.22438900023895,27.915733000170828,,,,"Unknown Governmental Organization","EEA"
8843,"AMS SOU Angel Kanchev-Varna","no2",16.52,"µg/m³","2026-06-27T20:00:00Z","2026-06-27T23:00:00+03:00","Europe/Sofia",43.22438900023895,27.915733000170828,,,,"Unknown Governmental Organization","EEA"
8843,"AMS SOU Angel Kanchev-Varna","no2",16.83,"µg/m³","2026-06-27T21:00:00Z","2026-06-28T00:00:00+03:00","Europe/Sofia",43.22438900023895,27.915733000170828,,,,"Unknown Governmental Organization","EEA"
8843,"AMS SOU Angel Kanchev-Varna","no2",13.29,"µg/m³","2026-06-27T22:00:00Z","2026-06-28T01:00:00+03:00","Europe/Sofia",43.22438900023895,27.915733000170828,,,,"Unknown Governmental Organization","EEA"
8843,"AMS SOU Angel Kanchev-Varna","no2",12.06,"µg/m³","2026-06-27T23:00:00Z","2026-06-28T02:00:00+03:00","Europe/Sofia",43.22438900023895,27.915733000170828,,,,"Unknown Governmental Organization","EEA"
8843,"AMS SOU Angel Kanchev-Varna","no2",14.71,"µg/m³","2026-06-28T00:00:00Z","2026-06-28T03:00:00+03:00","Europe/Sofia",43.22438900023895,27.915733000170828,,,,"Unknown Governmental Organization","EEA"
8843,"AMS SOU Angel Kanchev-Varna","no2",15.04,"µg/m³","2026-06-28T01:00:00Z","2026-06-28T04:00:00+03:00","Europe/Sofia",43.22438900023895,27.915733000170828,,,,"Unknown Governmental Organization","EEA"
8843,"AMS SOU Angel Kanchev-Varna","no2",15.08,"µg/m³","2026-06-28T02:00:00Z","2026-06-28T05:00:00+03:00","Europe/Sofia",43.22438900023895,27.915733000170828,,,,"Unknown Governmental Organization","EEA"
8843,"AMS SOU Angel Kanchev-Varna","no2",15.01,"µg/m³","2026-06-28T03:00:00Z","2026-06-28T06:00:00+03:00","Europe/Sofia",43.22438900023895,27.915733000170828,,,,"Unknown Governmental Organization","EEA"
8843,"AMS SOU Angel Kanchev-Varna","no2",13.08,"µg/m³","2026-06-28T04:00:00Z","2026-06-28T07:00:00+03:00","Europe/Sofia",43.22438900023895,27.915733000170828,,,,"Unknown Governmental Organization","EEA"
8843,"AMS SOU Angel Kanchev-Varna","no2",15.88,"µg/m³","2026-06-28T05:00:00Z","2026-06-28T08:00:00+03:00","Europe/Sofia",43.22438900023895,27.915733000170828,,,,"Unknown Governmental Organization","EEA"
8843,"AMS SOU Angel Kanchev-Varna","no2",20.68,"µg/m³","2026-06-28T06:00:00Z","2026-06-28T09:00:00+03:00","Europe/Sofia",43.22438900023895,27.915733000170828,,,,"Unknown Governmental Organization","EEA"
8843,"AMS SOU Angel Kanchev-Varna","no2",42.66,"µg/m³","2026-06-28T07:00:00Z","2026-06-28T10:00:00+03:00","Europe/Sofia",43.22438900023895,27.915733000170828,,,,"Unknown Governmental Organization","EEA"
8843,"AMS SOU Angel Kanchev-Varna","no2",32.04,"µg/m³","2026-06-28T08:00:00Z","2026-06-28T11:00:00+03:00","Europe/Sofia",43.22438900023895,27.915733000170828,,,,"Unknown Governmental Organization","EEA"
8843,"AMS SOU Angel Kanchev-Varna","no2",18.45,"µg/m³","2026-06-28T09:00:00Z","2026-06-28T12:00:00+03:00","Europe/Sofia",43.22438900023895,27.915733000170828,,,,"Unknown Governmental Organization","EEA"
8843,"AMS SOU Angel Kanchev-Varna","no2",12.62,"µg/m³","2026-06-28T10:00:00Z","2026-06-28T13:00:00+03:00","Europe/Sofia",43.22438900023895,27.915733000170828,,,,"Unknown Governmental Organization","EEA"
8843,"AMS SOU Angel Kanchev-Varna","no2",-1,"µg/m³","2026-06-28T12:00:00Z","2026-06-28T15:00:00+03:00","Europe/Sofia",43.22438900023895,27.915733000170828,,,,"Unknown Governmental Organization","EEA"
8843,"AMS SOU Angel Kanchev-Varna","no2",11.32,"µg/m³","2026-06-28T13:00:00Z","2026-06-28T16:00:00+03:00","Europe/Sofia",43.22438900023895,27.915733000170828,,,,"Unknown Governmental Organization","EEA"
8843,"AMS SOU Angel Kanchev-Varna","no2",-1,"µg/m³","2026-06-28T14:00:00Z","2026-06-28T17:00:00+03:00","Europe/Sofia",43.22438900023895,27.915733000170828,,,,"Unknown Governmental Organization","EEA"
8843,"AMS SOU Angel Kanchev-Varna","no2",-1,"µg/m³","2026-06-28T15:00:00Z","2026-06-28T18:00:00+03:00","Europe/Sofia",43.22438900023895,27.915733000170828,,,,"Unknown Governmental Organization","EEA"
8843,"AMS SOU Angel Kanchev-Varna","no2",-1,"µg/m³","2026-06-28T16:00:00Z","2026-06-28T19:00:00+03:00","Europe/Sofia",43.22438900023895,27.915733000170828,,,,"Unknown Governmental Organization","EEA"
8843,"AMS SOU Angel Kanchev-Varna","no2",19.13,"µg/m³","2026-06-28T17:00:00Z","2026-06-28T20:00:00+03:00","Europe/Sofia",43.22438900023895,27.915733000170828,,,,"Unknown Governmental Organization","EEA"
8843,"AMS SOU Angel Kanchev-Varna","no2",27.43,"µg/m³","2026-06-28T18:00:00Z","2026-06-28T21:00:00+03:00","Europe/Sofia",43.22438900023895,27.915733000170828,,,,"Unknown Governmental Organization","EEA"
8843,"AMS SOU Angel Kanchev-Varna","no2",50.01,"µg/m³","2026-06-28T19:00:00Z","2026-06-28T22:00:00+03:00","Europe/Sofia",43.22438900023895,27.915733000170828,,,,"Unknown Governmental Organization","EEA"
8843,"AMS SOU Angel Kanchev-Varna","no2",93.61,"µg/m³","2026-06-28T20:00:00Z","2026-06-28T23:00:00+03:00","Europe/Sofia",43.22438900023895,27.915733000170828,,,,"Unknown Governmental Organization","EEA"
8843,"AMS SOU Angel Kanchev-Varna","no2",101.01,"µg/m³","2026-06-28T21:00:00Z","2026-06-29T00:00:00+03:00","Europe/Sofia",43.22438900023895,27.915733000170828,,,,"Unknown Governmental Organization","EEA"
8843,"AMS SOU Angel Kanchev-Varna","no2",79.65,"µg/m³","2026-06-28T22:00:00Z","2026-06-29T01:00:00+03:00","Europe/Sofia",43.22438900023895,27.915733000170828,,,,"Unknown Governmental Organization","EEA"
8843,"AMS SOU Angel Kanchev-Varna","no2",86.26,"µg/m³","2026-06-28T23:00:00Z","2026-06-29T02:00:00+03:00","Europe/Sofia",43.22438900023895,27.915733000170828,,,,"Unknown Governmental Organization","EEA"
8843,"AMS SOU Angel Kanchev-Varna","no2",78.41,"µg/m³","2026-06-29T00:00:00Z","2026-06-29T03:00:00+03:00","Europe/Sofia",43.22438900023895,27.915733000170828,,,,"Unknown Governmental Organization","EEA"
8843,"AMS SOU Angel Kanchev-Varna","no2",78.87,"µg/m³","2026-06-29T01:00:00Z","2026-06-29T04:00:00+03:00","Europe/Sofia",43.22438900023895,27.915733000170828,,,,"Unknown Governmental Organization","EEA"
8843,"AMS SOU Angel Kanchev-Varna","no2",60.54,"µg/m³","2026-06-29T02:00:00Z","2026-06-29T05:00:00+03:00","Europe/Sofia",43.22438900023895,27.915733000170828,,,,"Unknown Governmental Organization","EEA"
8843,"AMS SOU Angel Kanchev-Varna","no2",38.69,"µg/m³","2026-06-29T04:00:00Z","2026-06-29T07:00:00+03:00","Europe/Sofia",43.22438900023895,27.915733000170828,,,,"Unknown Governmental Organization","EEA"
8843,"AMS SOU Angel Kanchev-Varna","no2",62.53,"µg/m³","2026-06-29T05:00:00Z","2026-06-29T08:00:00+03:00","Europe/Sofia",43.22438900023895,27.915733000170828,,,,"Unknown Governmental Organization","EEA"
8843,"AMS SOU Angel Kanchev-Varna","no2",79.65,"µg/m³","2026-06-29T06:00:00Z","2026-06-29T09:00:00+03:00","Europe/Sofia",43.22438900023895,27.915733000170828,,,,"Unknown Governmental Organization","EEA"
8843,"AMS SOU Angel Kanchev-Varna","no2",81.41,"µg/m³","2026-06-29T07:00:00Z","2026-06-29T10:00:00+03:00","Europe/Sofia",43.22438900023895,27.915733000170828,,,,"Unknown Governmental Organization","EEA"
8843,"AMS SOU Angel Kanchev-Varna","no2",-1,"µg/m³","2026-06-29T08:00:00Z","2026-06-29T11:00:00+03:00","Europe/Sofia",43.22438900023895,27.915733000170828,,,,"Unknown Governmental Organization","EEA"
8843,"AMS SOU Angel Kanchev-Varna","no2",-1,"µg/m³","2026-06-29T12:00:00Z","2026-06-29T15:00:00+03:00","Europe/Sofia",43.22438900023895,27.915733000170828,,,,"Unknown Governmental Organization","EEA"
8843,"AMS SOU Angel Kanchev-Varna","no2",-1,"µg/m³","2026-06-29T13:00:00Z","2026-06-29T16:00:00+03:00","Europe/Sofia",43.22438900023895,27.915733000170828,,,,"Unknown Governmental Organization","EEA"
8843,"AMS SOU Angel Kanchev-Varna","no2",-1,"µg/m³","2026-06-29T14:00:00Z","2026-06-29T17:00:00+03:00","Europe/Sofia",43.22438900023895,27.915733000170828,,,,"Unknown Governmental Organization","EEA"
8843,"AMS SOU Angel Kanchev-Varna","no2",28.23,"µg/m³","2026-06-29T15:00:00Z","2026-06-29T18:00:00+03:00","Europe/Sofia",43.22438900023895,27.915733000170828,,,,"Unknown Governmental Organization","EEA"
8843,"AMS SOU Angel Kanchev-Varna","no2",30.41,"µg/m³","2026-06-29T16:00:00Z","2026-06-29T19:00:00+03:00","Europe/Sofia",43.22438900023895,27.915733000170828,,,,"Unknown Governmental Organization","EEA"
8843,"AMS SOU Angel Kanchev-Varna","no2",18.84,"µg/m³","2026-06-29T17:00:00Z","2026-06-29T20:00:00+03:00","Europe/Sofia",43.22438900023895,27.915733000170828,,,,"Unknown Governmental Organization","EEA"
8843,"AMS SOU Angel Kanchev-Varna","no2",23.36,"µg/m³","2026-06-29T18:00:00Z","2026-06-29T21:00:00+03:00","Europe/Sofia",43.22438900023895,27.915733000170828,,,,"Unknown Governmental Organization","EEA"
8843,"AMS SOU Angel Kanchev-Varna","no2",34.48,"µg/m³","2026-06-29T19:00:00Z","2026-06-29T22:00:00+03:00","Europe/Sofia",43.22438900023895,27.915733000170828,,,,"Unknown Governmental Organization","EEA"
8843,"AMS SOU Angel Kanchev-Varna","no2",46.4,"µg/m³","2026-06-29T20:00:00Z","2026-06-29T23:00:00+03:00","Europe/Sofia",43.22438900023895,27.915733000170828,,,,"Unknown Governmental Organization","EEA"
8843,"AMS SOU Angel Kanchev-Varna","no2",68.26,"µg/m³","2026-06-29T21:00:00Z","2026-06-30T00:00:00+03:00","Europe/Sofia",43.22438900023895,27.915733000170828,,,,"Unknown Governmental Organization","EEA"
8843,"AMS SOU Angel Kanchev-Varna","no2",53.73,"µg/m³","2026-06-29T22:00:00Z","2026-06-30T01:00:00+03:00","Europe/Sofia",43.22438900023895,27.915733000170828,,,,"Unknown Governmental Organization","EEA"
8843,"AMS SOU Angel Kanchev-Varna","no2",35.3,"µg/m³","2026-06-29T23:00:00Z","2026-06-30T02:00:00+03:00","Europe/Sofia",43.22438900023895,27.915733000170828,,,,"Unknown Governmental Organization","EEA"
8843,"AMS SOU Angel Kanchev-Varna","no2",24.45,"µg/m³","2026-06-30T00:00:00Z","2026-06-30T03:00:00+03:00","Europe/Sofia",43.22438900023895,27.915733000170828,,,,"Unknown Governmental Organization","EEA"
8843,"AMS SOU Angel Kanchev-Varna","no2",18.75,"µg/m³","2026-06-30T01:00:00Z","2026-06-30T04:00:00+03:00","Europe/Sofia",43.22438900023895,27.915733000170828,,,,"Unknown Governmental Organization","EEA"
8843,"AMS SOU Angel Kanchev-Varna","no2",21.47,"µg/m³","2026-06-30T02:00:00Z","2026-06-30T05:00:00+03:00","Europe/Sofia",43.22438900023895,27.915733000170828,,,,"Unknown Governmental Organization","EEA"
8843,"AMS SOU Angel Kanchev-Varna","no2",56.04,"µg/m³","2026-06-30T03:00:00Z","2026-06-30T06:00:00+03:00","Europe/Sofia",43.22438900023895,27.915733000170828,,,,"Unknown Governmental Organization","EEA"
8843,"AMS SOU Angel Kanchev-Varna","no2",52.38,"µg/m³","2026-06-30T04:00:00Z","2026-06-30T07:00:00+03:00","Europe/Sofia",43.22438900023895,27.915733000170828,,,,"Unknown Governmental Organization","EEA"
8843,"AMS SOU Angel Kanchev-Varna","no2",72.9,"µg/m³","2026-06-30T05:00:00Z","2026-06-30T08:00:00+03:00","Europe/Sofia",43.22438900023895,27.915733000170828,,,,"Unknown Governmental Organization","EEA"
8843,"AMS SOU Angel Kanchev-Varna","no2",37.35,"µg/m³","2026-06-30T06:00:00Z","2026-06-30T09:00:00+03:00","Europe/Sofia",43.22438900023895,27.915733000170828,,,,"Unknown Governmental Organization","EEA"
8843,"AMS SOU Angel Kanchev-Varna","no2",27.07,"µg/m³","2026-06-30T07:00:00Z","2026-06-30T10:00:00+03:00","Europe/Sofia",43.22438900023895,27.915733000170828,,,,"Unknown Governmental Organization","EEA"
8843,"AMS SOU Angel Kanchev-Varna","no2",21.47,"µg/m³","2026-06-30T08:00:00Z","2026-06-30T11:00:00+03:00","Europe/Sofia",43.22438900023895,27.915733000170828,,,,"Unknown Governmental Organization","EEA"
8843,"AMS SOU Angel Kanchev-Varna","no2",14.68,"µg/m³","2026-06-30T09:00:00Z","2026-06-30T12:00:00+03:00","Europe/Sofia",43.22438900023895,27.915733000170828,,,,"Unknown Governmental Organization","EEA"
8843,"AMS SOU Angel Kanchev-Varna","no2",18.68,"µg/m³","2026-06-30T10:00:00Z","2026-06-30T13:00:00+03:00","Europe/Sofia",43.22438900023895,27.915733000170828,,,,"Unknown Governmental Organization","EEA"
8843,"AMS SOU Angel Kanchev-Varna","no2",17.23,"µg/m³","2026-06-30T11:00:00Z","2026-06-30T14:00:00+03:00","Europe/Sofia",43.22438900023895,27.915733000170828,,,,"Unknown Governmental Organization","EEA"
8843,"AMS SOU Angel Kanchev-Varna","no2",17.89,"µg/m³","2026-06-30T12:00:00Z","2026-06-30T15:00:00+03:00","Europe/Sofia",43.22438900023895,27.915733000170828,,,,"Unknown Governmental Organization","EEA"
8843,"AMS SOU Angel Kanchev-Varna","no2",14.72,"µg/m³","2026-06-30T13:00:00Z","2026-06-30T16:00:00+03:00","Europe/Sofia",43.22438900023895,27.915733000170828,,,,"Unknown Governmental Organization","EEA"
8843,"AMS SOU Angel Kanchev-Varna","no2",18.53,"µg/m³","2026-06-30T14:00:00Z","2026-06-30T17:00:00+03:00","Europe/Sofia",43.22438900023895,27.915733000170828,,,,"Unknown Governmental Organization","EEA"
8843,"AMS SOU Angel Kanchev-Varna","no2",15.76,"µg/m³","2026-06-30T15:00:00Z","2026-06-30T18:00:00+03:00","Europe/Sofia",43.22438900023895,27.915733000170828,,,,"Unknown Governmental Organization","EEA"
8843,"AMS SOU Angel Kanchev-Varna","no2",18.71,"µg/m³","2026-06-30T16:00:00Z","2026-06-30T19:00:00+03:00","Europe/Sofia",43.22438900023895,27.915733000170828,,,,"Unknown Governmental Organization","EEA"
8843,"AMS SOU Angel Kanchev-Varna","no2",21.2,"µg/m³","2026-06-30T17:00:00Z","2026-06-30T20:00:00+03:00","Europe/Sofia",43.22438900023895,27.915733000170828,,,,"Unknown Governmental Organization","EEA"
8843,"AMS SOU Angel Kanchev-Varna","no2",25.03,"µg/m³","2026-06-30T18:00:00Z","2026-06-30T21:00:00+03:00","Europe/Sofia",43.22438900023895,27.915733000170828,,,,"Unknown Governmental Organization","EEA"
8843,"AMS SOU Angel Kanchev-Varna","no2",42.75,"µg/m³","2026-06-30T19:00:00Z","2026-06-30T22:00:00+03:00","Europe/Sofia",43.22438900023895,27.915733000170828,,,,"Unknown Governmental Organization","EEA"
8843,"AMS SOU Angel Kanchev-Varna","no2",53.12,"µg/m³","2026-06-30T20:00:00Z","2026-06-30T23:00:00+03:00","Europe/Sofia",43.22438900023895,27.915733000170828,,,,"Unknown Governmental Organization","EEA"
8843,"AMS SOU Angel Kanchev-Varna","no2",37.63,"µg/m³","2026-06-30T21:00:00Z","2026-07-01T00:00:00+03:00","Europe/Sofia",43.22438900023895,27.915733000170828,,,,"Unknown Governmental Organization","EEA"
8843,"AMS SOU Angel Kanchev-Varna","no2",42.7,"µg/m³","2026-06-30T22:00:00Z","2026-07-01T01:00:00+03:00","Europe/Sofia",43.22438900023895,27.915733000170828,,,,"Unknown Governmental Organization","EEA"
8843,"AMS SOU Angel Kanchev-Varna","no2",34.08,"µg/m³","2026-07-01T00:00:00Z","2026-07-01T03:00:00+03:00","Europe/Sofia",43.22438900023895,27.915733000170828,,,,"Unknown Governmental Organization","EEA"
8843,"AMS SOU Angel Kanchev-Varna","no2",53.41,"µg/m³","2026-07-01T01:00:00Z","2026-07-01T04:00:00+03:00","Europe/Sofia",43.22438900023895,27.915733000170828,,,,"Unknown Governmental Organization","EEA"
8843,"AMS SOU Angel Kanchev-Varna","no2",46.51,"µg/m³","2026-07-01T02:00:00Z","2026-07-01T05:00:00+03:00","Europe/Sofia",43.22438900023895,27.915733000170828,,,,"Unknown Governmental Organization","EEA"
8843,"AMS SOU Angel Kanchev-Varna","no2",38.34,"µg/m³","2026-07-01T03:00:00Z","2026-07-01T06:00:00+03:00","Europe/Sofia",43.22438900023895,27.915733000170828,,,,"Unknown Governmental Organization","EEA"
8843,"AMS SOU Angel Kanchev-Varna","no2",30.73,"µg/m³","2026-07-01T04:00:00Z","2026-07-01T07:00:00+03:00","Europe/Sofia",43.22438900023895,27.915733000170828,,,,"Unknown Governmental Organization","EEA"
8843,"AMS SOU Angel Kanchev-Varna","no2",13.96,"µg/m³","2026-07-01T05:00:00Z","2026-07-01T08:00:00+03:00","Europe/Sofia",43.22438900023895,27.915733000170828,,,,"Unknown Governmental Organization","EEA"
8843,"AMS SOU Angel Kanchev-Varna","no2",10.51,"µg/m³","2026-07-01T06:00:00Z","2026-07-01T09:00:00+03:00","Europe/Sofia",43.22438900023895,27.915733000170828,,,,"Unknown Governmental Organization","EEA"
8843,"AMS SOU Angel Kanchev-Varna","no2",13.38,"µg/m³","2026-07-01T07:00:00Z","2026-07-01T10:00:00+03:00","Europe/Sofia",43.22438900023895,27.915733000170828,,,,"Unknown Governmental Organization","EEA"
8843,"AMS SOU Angel Kanchev-Varna","no2",19.75,"µg/m³","2026-07-01T08:00:00Z","2026-07-01T11:00:00+03:00","Europe/Sofia",43.22438900023895,27.915733000170828,,,,"Unknown Governmental Organization","EEA"
8843,"AMS SOU Angel Kanchev-Varna","no2",40.82,"µg/m³","2026-07-01T09:00:00Z","2026-07-01T12:00:00+03:00","Europe/Sofia",43.22438900023895,27.915733000170828,,,,"Unknown Governmental Organization","EEA"
8843,"AMS SOU Angel Kanchev-Varna","no2",30.72,"µg/m³","2026-07-01T10:00:00Z","2026-07-01T13:00:00+03:00","Europe/Sofia",43.22438900023895,27.915733000170828,,,,"Unknown Governmental Organization","EEA"
8843,"AMS SOU Angel Kanchev-Varna","no2",20.84,"µg/m³","2026-07-01T11:00:00Z","2026-07-01T14:00:00+03:00","Europe/Sofia",43.22438900023895,27.915733000170828,,,,"Unknown Governmental Organization","EEA"
8843,"AMS SOU Angel Kanchev-Varna","no2",21.32,"µg/m³","2026-07-01T12:00:00Z","2026-07-01T15:00:00+03:00","Europe/Sofia",43.22438900023895,27.915733000170828,,,,"Unknown Governmental Organization","EEA"
8843,"AMS SOU Angel Kanchev-Varna","no2",18.43,"µg/m³","2026-07-01T13:00:00Z","2026-07-01T16:00:00+03:00","Europe/Sofia",43.22438900023895,27.915733000170828,,,,"Unknown Governmental Organization","EEA"
8843,"AMS SOU Angel Kanchev-Varna","no2",24.83,"µg/m³","2026-07-01T15:00:00Z","2026-07-01T18:00:00+03:00","Europe/Sofia",43.22438900023895,27.915733000170828,,,,"Unknown Governmental Organization","EEA"
8843,"AMS SOU Angel Kanchev-Varna","no2",22.93,"µg/m³","2026-07-01T16:00:00Z","2026-07-01T19:00:00+03:00","Europe/Sofia",43.22438900023895,27.915733000170828,,,,"Unknown Governmental Organization","EEA"
8843,"AMS SOU Angel Kanchev-Varna","no2",40.14,"µg/m³","2026-07-01T17:00:00Z","2026-07-01T20:00:00+03:00","Europe/Sofia",43.22438900023895,27.915733000170828,,,,"Unknown Governmental Organization","EEA"
8843,"AMS SOU Angel Kanchev-Varna","no2",38.72,"µg/m³","2026-07-01T18:00:00Z","2026-07-01T21:00:00+03:00","Europe/Sofia",43.22438900023895,27.915733000170828,,,,"Unknown Governmental Organization","EEA"
8843,"AMS SOU Angel Kanchev-Varna","no2",-1,"µg/m³","2026-07-01T19:00:00Z","2026-07-01T22:00:00+03:00","Europe/Sofia",43.22438900023895,27.915733000170828,,,,"Unknown Governmental Organization","EEA"
8843,"AMS SOU Angel Kanchev-Varna","no2",37.75,"µg/m³","2026-07-01T20:00:00Z","2026-07-01T23:00:00+03:00","Europe/Sofia",43.22438900023895,27.915733000170828,,,,"Unknown Governmental Organization","EEA"
8843,"AMS SOU Angel Kanchev-Varna","no2",57.67,"µg/m³","2026-07-01T21:00:00Z","2026-07-02T00:00:00+03:00","Europe/Sofia",43.22438900023895,27.915733000170828,,,,"Unknown Governmental Organization","EEA"
8843,"AMS SOU Angel Kanchev-Varna","no2",34.38,"µg/m³","2026-07-01T22:00:00Z","2026-07-02T01:00:00+03:00","Europe/Sofia",43.22438900023895,27.915733000170828,,,,"Unknown Governmental Organization","EEA"
8843,"AMS SOU Angel Kanchev-Varna","no2",28.79,"µg/m³","2026-07-01T23:00:00Z","2026-07-02T02:00:00+03:00","Europe/Sofia",43.22438900023895,27.915733000170828,,,,"Unknown Governmental Organization","EEA"
8843,"AMS SOU Angel Kanchev-Varna","no2",41,"µg/m³","2026-07-02T00:00:00Z","2026-07-02T03:00:00+03:00","Europe/Sofia",43.22438900023895,27.915733000170828,,,,"Unknown Governmental Organization","EEA"
8843,"AMS SOU Angel Kanchev-Varna","o3",20.96,"µg/m³","2026-06-01T01:00:00Z","2026-06-01T04:00:00+03:00","Europe/Sofia",43.22438900023895,27.915733000170828,,,,"Unknown Governmental Organization","EEA"
8843,"AMS SOU Angel Kanchev-Varna","o3",18.07,"µg/m³","2026-06-01T02:00:00Z","2026-06-01T05:00:00+03:00","Europe/Sofia",43.22438900023895,27.915733000170828,,,,"Unknown Governmental Organization","EEA"
8843,"AMS SOU Angel Kanchev-Varna","o3",21.27,"µg/m³","2026-06-01T03:00:00Z","2026-06-01T06:00:00+03:00","Europe/Sofia",43.22438900023895,27.915733000170828,,,,"Unknown Governmental Organization","EEA"
8843,"AMS SOU Angel Kanchev-Varna","o3",20,"µg/m³","2026-06-01T04:00:00Z","2026-06-01T07:00:00+03:00","Europe/Sofia",43.22438900023895,27.915733000170828,,,,"Unknown Governmental Organization","EEA"
8843,"AMS SOU Angel Kanchev-Varna","o3",9.59,"µg/m³","2026-06-01T06:00:00Z","2026-06-01T09:00:00+03:00","Europe/Sofia",43.22438900023895,27.915733000170828,,,,"Unknown Governmental Organization","EEA"
8843,"AMS SOU Angel Kanchev-Varna","o3",8.2,"µg/m³","2026-06-01T07:00:00Z","2026-06-01T10:00:00+03:00","Europe/Sofia",43.22438900023895,27.915733000170828,,,,"Unknown Governmental Organization","EEA"
8843,"AMS SOU Angel Kanchev-Varna","o3",32.08,"µg/m³","2026-06-01T08:00:00Z","2026-06-01T11:00:00+03:00","Europe/Sofia",43.22438900023895,27.915733000170828,,,,"Unknown Governmental Organization","EEA"
8843,"AMS SOU Angel Kanchev-Varna","o3",66.47,"µg/m³","2026-06-01T09:00:00Z","2026-06-01T12:00:00+03:00","Europe/Sofia",43.22438900023895,27.915733000170828,,,,"Unknown Governmental Organization","EEA"
8843,"AMS SOU Angel Kanchev-Varna","o3",73.72,"µg/m³","2026-06-01T10:00:00Z","2026-06-01T13:00:00+03:00","Europe/Sofia",43.22438900023895,27.915733000170828,,,,"Unknown Governmental Organization","EEA"
8843,"AMS SOU Angel Kanchev-Varna","o3",75.88,"µg/m³","2026-06-01T11:00:00Z","2026-06-01T14:00:00+03:00","Europe/Sofia",43.22438900023895,27.915733000170828,,,,"Unknown Governmental Organization","EEA"
8843,"AMS SOU Angel Kanchev-Varna","o3",74.12,"µg/m³","2026-06-01T12:00:00Z","2026-06-01T15:00:00+03:00","Europe/Sofia",43.22438900023895,27.915733000170828,,,,"Unknown Governmental Organization","EEA"
8843,"AMS SOU Angel Kanchev-Varna","o3",79.06,"µg/m³","2026-06-01T13:00:00Z","2026-06-01T16:00:00+03:00","Europe/Sofia",43.22438900023895,27.915733000170828,,,,"Unknown Governmental Organization","EEA"
8843,"AMS SOU Angel Kanchev-Varna","o3",79.21,"µg/m³","2026-06-01T14:00:00Z","2026-06-01T17:00:00+03:00","Europe/Sofia",43.22438900023895,27.915733000170828,,,,"Unknown Governmental Organization","EEA"
8843,"AMS SOU Angel Kanchev-Varna","o3",68.33,"µg/m³","2026-06-01T16:00:00Z","2026-06-01T19:00:00+03:00","Europe/Sofia",43.22438900023895,27.915733000170828,,,,"Unknown Governmental Organization","EEA"
8843,"AMS SOU Angel Kanchev-Varna","o3",58.49,"µg/m³","2026-06-01T17:00:00Z","2026-06-01T20:00:00+03:00","Europe/Sofia",43.22438900023895,27.915733000170828,,,,"Unknown Governmental Organization","EEA"
8843,"AMS SOU Angel Kanchev-Varna","o3",66.68,"µg/m³","2026-06-01T18:00:00Z","2026-06-01T21:00:00+03:00","Europe/Sofia",43.22438900023895,27.915733000170828,,,,"Unknown Governmental Organization","EEA"
8843,"AMS SOU Angel Kanchev-Varna","o3",68.37,"µg/m³","2026-06-01T19:00:00Z","2026-06-01T22:00:00+03:00","Europe/Sofia",43.22438900023895,27.915733000170828,,,,"Unknown Governmental Organization","EEA"
8843,"AMS SOU Angel Kanchev-Varna","o3",67.59,"µg/m³","2026-06-01T20:00:00Z","2026-06-01T23:00:00+03:00","Europe/Sofia",43.22438900023895,27.915733000170828,,,,"Unknown Governmental Organization","EEA"
8843,"AMS SOU Angel Kanchev-Varna","o3",73,"µg/m³","2026-06-01T21:00:00Z","2026-06-02T00:00:00+03:00","Europe/Sofia",43.22438900023895,27.915733000170828,,,,"Unknown Governmental Organization","EEA"
8843,"AMS SOU Angel Kanchev-Varna","o3",72.36,"µg/m³","2026-06-01T22:00:00Z","2026-06-02T01:00:00+03:00","Europe/Sofia",43.22438900023895,27.915733000170828,,,,"Unknown Governmental Organization","EEA"
8843,"AMS SOU Angel Kanchev-Varna","o3",73.48,"µg/m³","2026-06-01T23:00:00Z","2026-06-02T02:00:00+03:00","Europe/Sofia",43.22438900023895,27.915733000170828,,,,"Unknown Governmental Organization","EEA"
8843,"AMS SOU Angel Kanchev-Varna","o3",83.16,"µg/m³","2026-06-02T00:00:00Z","2026-06-02T03:00:00+03:00","Europe/Sofia",43.22438900023895,27.915733000170828,,,,"Unknown Governmental Organization","EEA"
8843,"AMS SOU Angel Kanchev-Varna","o3",80.04,"µg/m³","2026-06-02T01:00:00Z","2026-06-02T04:00:00+03:00","Europe/Sofia",43.22438900023895,27.915733000170828,,,,"Unknown Governmental Organization","EEA"
8843,"AMS SOU Angel Kanchev-Varna","o3",74,"µg/m³","2026-06-02T02:00:00Z","2026-06-02T05:00:00+03:00","Europe/Sofia",43.22438900023895,27.915733000170828,,,,"Unknown Governmental Organization","EEA"
8843,"AMS SOU Angel Kanchev-Varna","o3",69.85,"µg/m³","2026-06-02T03:00:00Z","2026-06-02T06:00:00+03:00","Europe/Sofia",43.22438900023895,27.915733000170828,,,,"Unknown Governmental Organization","EEA"
8843,"AMS SOU Angel Kanchev-Varna","o3",71.48,"µg/m³","2026-06-02T04:00:00Z","2026-06-02T07:00:00+03:00","Europe/Sofia",43.22438900023895,27.915733000170828,,,,"Unknown Governmental Organization","EEA"
8843,"AMS SOU Angel Kanchev-Varna","o3",70.59,"µg/m³","2026-06-02T05:00:00Z","2026-06-02T08:00:00+03:00","Europe/Sofia",43.22438900023895,27.915733000170828,,,,"Unknown Governmental Organization","EEA"
8843,"AMS SOU Angel Kanchev-Varna","o3",64.69,"µg/m³","2026-06-02T06:00:00Z","2026-06-02T09:00:00+03:00","Europe/Sofia",43.22438900023895,27.915733000170828,,,,"Unknown Governmental Organization","EEA"
8843,"AMS SOU Angel Kanchev-Varna","o3",57.88,"µg/m³","2026-06-02T07:00:00Z","2026-06-02T10:00:00+03:00","Europe/Sofia",43.22438900023895,27.915733000170828,,,,"Unknown Governmental Organization","EEA"
8843,"AMS SOU Angel Kanchev-Varna","o3",62.08,"µg/m³","2026-06-02T08:00:00Z","2026-06-02T11:00:00+03:00","Europe/Sofia",43.22438900023895,27.915733000170828,,,,"Unknown Governmental Organization","EEA"
8843,"AMS SOU Angel Kanchev-Varna","o3",61.77,"µg/m³","2026-06-02T09:00:00Z","2026-06-02T12:00:00+03:00","Europe/Sofia",43.22438900023895,27.915733000170828,,,,"Unknown Governmental Organization","EEA"
8843,"AMS SOU Angel Kanchev-Varna","o3",68.75,"µg/m³","2026-06-02T10:00:00Z","2026-06-02T13:00:00+03:00","Europe/Sofia",43.22438900023895,27.915733000170828,,,,"Unknown Governmental Organization","EEA"
8843,"AMS SOU Angel Kanchev-Varna","o3",76.5,"µg/m³","2026-06-02T11:00:00Z","2026-06-02T14:00:00+03:00","Europe/Sofia",43.22438900023895,27.915733000170828,,,,"Unknown Governmental Organization","EEA"
8843,"AMS SOU Angel Kanchev-Varna","o3",78.95,"µg/m³","2026-06-02T12:00:00Z","2026-06-02T15:00:00+03:00","Europe/Sofia",43.22438900023895,27.915733000170828,,,,"Unknown Governmental Organization","EEA"
8843,"AMS SOU Angel Kanchev-Varna","o3",78.76,"µg/m³","2026-06-02T13:00:00Z","2026-06-02T16:00:00+03:00","Europe/Sofia",43.22438900023895,27.915733000170828,,,,"Unknown Governmental Organization","EEA"
8843,"AMS SOU Angel Kanchev-Varna","o3",76.21,"µg/m³","2026-06-02T14:00:00Z","2026-06-02T17:00:00+03:00","Europe/Sofia",43.22438900023895,27.915733000170828,,,,"Unknown Governmental Organization","EEA"
8843,"AMS SOU Angel Kanchev-Varna","o3",63.06,"µg/m³","2026-06-02T15:00:00Z","2026-06-02T18:00:00+03:00","Europe/Sofia",43.22438900023895,27.915733000170828,,,,"Unknown Governmental Organization","EEA"
8843,"AMS SOU Angel Kanchev-Varna","o3",39.37,"µg/m³","2026-06-02T16:00:00Z","2026-06-02T19:00:00+03:00","Europe/Sofia",43.22438900023895,27.915733000170828,,,,"Unknown Governmental Organization","EEA"
8843,"AMS SOU Angel Kanchev-Varna","o3",31.85,"µg/m³","2026-06-02T17:00:00Z","2026-06-02T20:00:00+03:00","Europe/Sofia",43.22438900023895,27.915733000170828,,,,"Unknown Governmental Organization","EEA"
8843,"AMS SOU Angel Kanchev-Varna","o3",42.23,"µg/m³","2026-06-02T18:00:00Z","2026-06-02T21:00:00+03:00","Europe/Sofia",43.22438900023895,27.915733000170828,,,,"Unknown Governmental Organization","EEA"
8843,"AMS SOU Angel Kanchev-Varna","o3",39.21,"µg/m³","2026-06-02T19:00:00Z","2026-06-02T22:00:00+03:00","Europe/Sofia",43.22438900023895,27.915733000170828,,,,"Unknown Governmental Organization","EEA"
8843,"AMS SOU Angel Kanchev-Varna","o3",37.14,"µg/m³","2026-06-02T20:00:00Z","2026-06-02T23:00:00+03:00","Europe/Sofia",43.22438900023895,27.915733000170828,,,,"Unknown Governmental Organization","EEA"
8843,"AMS SOU Angel Kanchev-Varna","o3",19.93,"µg/m³","2026-06-02T21:00:00Z","2026-06-03T00:00:00+03:00","Europe/Sofia",43.22438900023895,27.915733000170828,,,,"Unknown Governmental Organization","EEA"
8843,"AMS SOU Angel Kanchev-Varna","o3",10.43,"µg/m³","2026-06-02T22:00:00Z","2026-06-03T01:00:00+03:00","Europe/Sofia",43.22438900023895,27.915733000170828,,,,"Unknown Governmental Organization","EEA"
8843,"AMS SOU Angel Kanchev-Varna","o3",16.67,"µg/m³","2026-06-02T23:00:00Z","2026-06-03T02:00:00+03:00","Europe/Sofia",43.22438900023895,27.915733000170828,,,,"Unknown Governmental Organization","EEA"
8843,"AMS SOU Angel Kanchev-Varna","o3",13.8,"µg/m³","2026-06-03T00:00:00Z","2026-06-03T03:00:00+03:00","Europe/Sofia",43.22438900023895,27.915733000170828,,,,"Unknown Governmental Organization","EEA"
8843,"AMS SOU Angel Kanchev-Varna","o3",19.52,"µg/m³","2026-06-03T01:00:00Z","2026-06-03T04:00:00+03:00","Europe/Sofia",43.22438900023895,27.915733000170828,,,,"Unknown Governmental Organization","EEA"
8843,"AMS SOU Angel Kanchev-Varna","o3",20.37,"µg/m³","2026-06-03T02:00:00Z","2026-06-03T05:00:00+03:00","Europe/Sofia",43.22438900023895,27.915733000170828,,,,"Unknown Governmental Organization","EEA"
8843,"AMS SOU Angel Kanchev-Varna","o3",11.74,"µg/m³","2026-06-03T03:00:00Z","2026-06-03T06:00:00+03:00","Europe/Sofia",43.22438900023895,27.915733000170828,,,,"Unknown Governmental Organization","EEA"
8843,"AMS SOU Angel Kanchev-Varna","o3",9.25,"µg/m³","2026-06-03T04:00:00Z","2026-06-03T07:00:00+03:00","Europe/Sofia",43.22438900023895,27.915733000170828,,,,"Unknown Governmental Organization","EEA"
8843,"AMS SOU Angel Kanchev-Varna","o3",1.92,"µg/m³","2026-06-03T05:00:00Z","2026-06-03T08:00:00+03:00","Europe/Sofia",43.22438900023895,27.915733000170828,,,,"Unknown Governmental Organization","EEA"
8843,"AMS SOU Angel Kanchev-Varna","o3",1.39,"µg/m³","2026-06-03T07:00:00Z","2026-06-03T10:00:00+03:00","Europe/Sofia",43.22438900023895,27.915733000170828,,,,"Unknown Governmental Organization","EEA"
8843,"AMS SOU Angel Kanchev-Varna","o3",10.02,"µg/m³","2026-06-03T08:00:00Z","2026-06-03T11:00:00+03:00","Europe/Sofia",43.22438900023895,27.915733000170828,,,,"Unknown Governmental Organization","EEA"
8843,"AMS SOU Angel Kanchev-Varna","o3",-1,"µg/m³","2026-06-03T09:00:00Z","2026-06-03T12:00:00+03:00","Europe/Sofia",43.22438900023895,27.915733000170828,,,,"Unknown Governmental Organization","EEA"
8843,"AMS SOU Angel Kanchev-Varna","o3",-1,"µg/m³","2026-06-03T10:00:00Z","2026-06-03T13:00:00+03:00","Europe/Sofia",43.22438900023895,27.915733000170828,,,,"Unknown Governmental Organization","EEA"
8843,"AMS SOU Angel Kanchev-Varna","o3",38.96,"µg/m³","2026-06-03T11:00:00Z","2026-06-03T14:00:00+03:00","Europe/Sofia",43.22438900023895,27.915733000170828,,,,"Unknown Governmental Organization","EEA"
8843,"AMS SOU Angel Kanchev-Varna","o3",60.34,"µg/m³","2026-06-03T12:00:00Z","2026-06-03T15:00:00+03:00","Europe/Sofia",43.22438900023895,27.915733000170828,,,,"Unknown Governmental Organization","EEA"
8843,"AMS SOU Angel Kanchev-Varna","o3",71,"µg/m³","2026-06-03T13:00:00Z","2026-06-03T16:00:00+03:00","Europe/Sofia",43.22438900023895,27.915733000170828,,,,"Unknown Governmental Organization","EEA"
8843,"AMS SOU Angel Kanchev-Varna","o3",87.87,"µg/m³","2026-06-03T15:00:00Z","2026-06-03T18:00:00+03:00","Europe/Sofia",43.22438900023895,27.915733000170828,,,,"Unknown Governmental Organization","EEA"
8843,"AMS SOU Angel Kanchev-Varna","o3",104.74,"µg/m³","2026-06-03T16:00:00Z","2026-06-03T19:00:00+03:00","Europe/Sofia",43.22438900023895,27.915733000170828,,,,"Unknown Governmental Organization","EEA"
8843,"AMS SOU Angel Kanchev-Varna","o3",106.66,"µg/m³","2026-06-03T17:00:00Z","2026-06-03T20:00:00+03:00","Europe/Sofia",43.22438900023895,27.915733000170828,,,,"Unknown Governmental Organization","EEA"
8843,"AMS SOU Angel Kanchev-Varna","o3",99.97,"µg/m³","2026-06-03T18:00:00Z","2026-06-03T21:00:00+03:00","Europe/Sofia",43.22438900023895,27.915733000170828,,,,"Unknown Governmental Organization","EEA"
8843,"AMS SOU Angel Kanchev-Varna","o3",86.92,"µg/m³","2026-06-03T19:00:00Z","2026-06-03T22:00:00+03:00","Europe/Sofia",43.22438900023895,27.915733000170828,,,,"Unknown Governmental Organization","EEA"
8843,"AMS SOU Angel Kanchev-Varna","o3",46.73,"µg/m³","2026-06-03T21:00:00Z","2026-06-04T00:00:00+03:00","Europe/Sofia",43.22438900023895,27.915733000170828,,,,"Unknown Governmental Organization","EEA"
8843,"AMS SOU Angel Kanchev-Varna","o3",64.02,"µg/m³","2026-06-03T22:00:00Z","2026-06-04T01:00:00+03:00","Europe/Sofia",43.22438900023895,27.915733000170828,,,,"Unknown Governmental Organization","EEA"
8843,"AMS SOU Angel Kanchev-Varna","o3",80.87,"µg/m³","2026-06-03T23:00:00Z","2026-06-04T02:00:00+03:00","Europe/Sofia",43.22438900023895,27.915733000170828,,,,"Unknown Governmental Organization","EEA"
8843,"AMS SOU Angel Kanchev-Varna","o3",78.06,"µg/m³","2026-06-04T00:00:00Z","2026-06-04T03:00:00+03:00","Europe/Sofia",43.22438900023895,27.915733000170828,,,,"Unknown Governmental Organization","EEA"
8843,"AMS SOU Angel Kanchev-Varna","o3",88.14,"µg/m³","2026-06-04T01:00:00Z","2026-06-04T04:00:00+03:00","Europe/Sofia",43.22438900023895,27.915733000170828,,,,"Unknown Governmental Organization","EEA"
8843,"AMS SOU Angel Kanchev-Varna","o3",77.15,"µg/m³","2026-06-04T02:00:00Z","2026-06-04T05:00:00+03:00","Europe/Sofia",43.22438900023895,27.915733000170828,,,,"Unknown Governmental Organization","EEA"
8843,"AMS SOU Angel Kanchev-Varna","o3",51.08,"µg/m³","2026-06-04T03:00:00Z","2026-06-04T06:00:00+03:00","Europe/Sofia",43.22438900023895,27.915733000170828,,,,"Unknown Governmental Organization","EEA"
8843,"AMS SOU Angel Kanchev-Varna","o3",39.19,"µg/m³","2026-06-04T04:00:00Z","2026-06-04T07:00:00+03:00","Europe/Sofia",43.22438900023895,27.915733000170828,,,,"Unknown Governmental Organization","EEA"
8843,"AMS SOU Angel Kanchev-Varna","o3",34.76,"µg/m³","2026-06-04T05:00:00Z","2026-06-04T08:00:00+03:00","Europe/Sofia",43.22438900023895,27.915733000170828,,,,"Unknown Governmental Organization","EEA"
8843,"AMS SOU Angel Kanchev-Varna","o3",69.01,"µg/m³","2026-06-04T06:00:00Z","2026-06-04T09:00:00+03:00","Europe/Sofia",43.22438900023895,27.915733000170828,,,,"Unknown Governmental Organization","EEA"
8843,"AMS SOU Angel Kanchev-Varna","o3",79.65,"µg/m³","2026-06-04T07:00:00Z","2026-06-04T10:00:00+03:00","Europe/Sofia",43.22438900023895,27.915733000170828,,,,"Unknown Governmental Organization","EEA"
8843,"AMS SOU Angel Kanchev-Varna","o3",89.47,"µg/m³","2026-06-04T08:00:00Z","2026-06-04T11:00:00+03:00","Europe/Sofia",43.22438900023895,27.915733000170828,,,,"Unknown Governmental Organization","EEA"
8843,"AMS SOU Angel Kanchev-Varna","o3",112.33,"µg/m³","2026-06-04T09:00:00Z","2026-06-04T12:00:00+03:00","Europe/Sofia",43.22438900023895,27.915733000170828,,,,"Unknown Governmental Organization","EEA"
8843,"AMS SOU Angel Kanchev-Varna","o3",121.72,"µg/m³","2026-06-04T10:00:00Z","2026-06-04T13:00:00+03:00","Europe/Sofia",43.22438900023895,27.915733000170828,,,,"Unknown Governmental Organization","EEA"
8843,"AMS SOU Angel Kanchev-Varna","o3",115.27,"µg/m³","2026-06-04T11:00:00Z","2026-06-04T14:00:00+03:00","Europe/Sofia",43.22438900023895,27.915733000170828,,,,"Unknown Governmental Organization","EEA"
8843,"AMS SOU Angel Kanchev-Varna","o3",111.46,"µg/m³","2026-06-04T13:00:00Z","2026-06-04T16:00:00+03:00","Europe/Sofia",43.22438900023895,27.915733000170828,,,,"Unknown Governmental Organization","EEA"
8843,"AMS SOU Angel Kanchev-Varna","o3",109.59,"µg/m³","2026-06-04T14:00:00Z","2026-06-04T17:00:00+03:00","Europe/Sofia",43.22438900023895,27.915733000170828,,,,"Unknown Governmental Organization","EEA"
8843,"AMS SOU Angel Kanchev-Varna","o3",101.93,"µg/m³","2026-06-04T15:00:00Z","2026-06-04T18:00:00+03:00","Europe/Sofia",43.22438900023895,27.915733000170828,,,,"Unknown Governmental Organization","EEA"
8843,"AMS SOU Angel Kanchev-Varna","o3",96.59,"µg/m³","2026-06-04T16:00:00Z","2026-06-04T19:00:00+03:00","Europe/Sofia",43.22438900023895,27.915733000170828,,,,"Unknown Governmental Organization","EEA"
8843,"AMS SOU Angel Kanchev-Varna","o3",81.65,"µg/m³","2026-06-04T17:00:00Z","2026-06-04T20:00:00+03:00","Europe/Sofia",43.22438900023895,27.915733000170828,,,,"Unknown Governmental Organization","EEA"
8843,"AMS SOU Angel Kanchev-Varna","o3",56.69,"µg/m³","2026-06-04T18:00:00Z","2026-06-04T21:00:00+03:00","Europe/Sofia",43.22438900023895,27.915733000170828,,,,"Unknown Governmental Organization","EEA"
8843,"AMS SOU Angel Kanchev-Varna","o3",70.31,"µg/m³","2026-06-04T19:00:00Z","2026-06-04T22:00:00+03:00","Europe/Sofia",43.22438900023895,27.915733000170828,,,,"Unknown Governmental Organization","EEA"
8843,"AMS SOU Angel Kanchev-Varna","o3",51.63,"µg/m³","2026-06-04T20:00:00Z","2026-06-04T23:00:00+03:00","Europe/Sofia",43.22438900023895,27.915733000170828,,,,"Unknown Governmental Organization","EEA"
8843,"AMS SOU Angel Kanchev-Varna","o3",27.81,"µg/m³","2026-06-04T21:00:00Z","2026-06-05T00:00:00+03:00","Europe/Sofia",43.22438900023895,27.915733000170828,,,,"Unknown Governmental Organization","EEA"
8843,"AMS SOU Angel Kanchev-Varna","o3",39.96,"µg/m³","2026-06-04T22:00:00Z","2026-06-05T01:00:00+03:00","Europe/Sofia",43.22438900023895,27.915733000170828,,,,"Unknown Governmental Organization","EEA"
8843,"AMS SOU Angel Kanchev-Varna","o3",25.48,"µg/m³","2026-06-04T23:00:00Z","2026-06-05T02:00:00+03:00","Europe/Sofia",43.22438900023895,27.915733000170828,,,,"Unknown Governmental Organization","EEA"
8843,"AMS SOU Angel Kanchev-Varna","o3",22.65,"µg/m³","2026-06-05T00:00:00Z","2026-06-05T03:00:00+03:00","Europe/Sofia",43.22438900023895,27.915733000170828,,,,"Unknown Governmental Organization","EEA"
8843,"AMS SOU Angel Kanchev-Varna","o3",11.27,"µg/m³","2026-06-05T02:00:00Z","2026-06-05T05:00:00+03:00","Europe/Sofia",43.22438900023895,27.915733000170828,,,,"Unknown Governmental Organization","EEA"
8843,"AMS SOU Angel Kanchev-Varna","o3",13.31,"µg/m³","2026-06-05T04:00:00Z","2026-06-05T07:00:00+03:00","Europe/Sofia",43.22438900023895,27.915733000170828,,,,"Unknown Governmental Organization","EEA"
8843,"AMS SOU Angel Kanchev-Varna","o3",32.74,"µg/m³","2026-06-05T05:00:00Z","2026-06-05T08:00:00+03:00","Europe/Sofia",43.22438900023895,27.915733000170828,,,,"Unknown Governmental Organization","EEA"
8843,"AMS SOU Angel Kanchev-Varna","o3",9.4,"µg/m³","2026-06-05T06:00:00Z","2026-06-05T09:00:00+03:00","Europe/Sofia",43.22438900023895,27.915733000170828,,,,"Unknown Governmental Organization","EEA"
8843,"AMS SOU Angel Kanchev-Varna","o3",15.37,"µg/m³","2026-06-05T07:00:00Z","2026-06-05T10:00:00+03:00","Europe/Sofia",43.22438900023895,27.915733000170828,,,,"Unknown Governmental Organization","EEA"
8843,"AMS SOU Angel Kanchev-Varna","o3",49.55,"µg/m³","2026-06-05T08:00:00Z","2026-06-05T11:00:00+03:00","Europe/Sofia",43.22438900023895,27.915733000170828,,,,"Unknown Governmental Organization","EEA"
8843,"AMS SOU Angel Kanchev-Varna","o3",66.96,"µg/m³","2026-06-05T09:00:00Z","2026-06-05T12:00:00+03:00","Europe/Sofia",43.22438900023895,27.915733000170828,,,,"Unknown Governmental Organization","EEA"
8843,"AMS SOU Angel Kanchev-Varna","o3",71.17,"µg/m³","2026-06-05T10:00:00Z","2026-06-05T13:00:00+03:00","Europe/Sofia",43.22438900023895,27.915733000170828,,,,"Unknown Governmental Organization","EEA"
8843,"AMS SOU Angel Kanchev-Varna","o3",74.98,"µg/m³","2026-06-05T11:00:00Z","2026-06-05T14:00:00+03:00","Europe/Sofia",43.22438900023895,27.915733000170828,,,,"Unknown Governmental Organization","EEA"
8843,"AMS SOU Angel Kanchev-Varna","o3",100.87,"µg/m³","2026-06-05T14:00:00Z","2026-06-05T17:00:00+03:00","Europe/Sofia",43.22438900023895,27.915733000170828,,,,"Unknown Governmental Organization","EEA"
8843,"AMS SOU Angel Kanchev-Varna","o3",101.15,"µg/m³","2026-06-05T15:00:00Z","2026-06-05T18:00:00+03:00","Europe/Sofia",43.22438900023895,27.915733000170828,,,,"Unknown Governmental Organization","EEA"
8843,"AMS SOU Angel Kanchev-Varna","o3",95.25,"µg/m³","2026-06-05T18:00:00Z","2026-06-05T21:00:00+03:00","Europe/Sofia",43.22438900023895,27.915733000170828,,,,"Unknown Governmental Organization","EEA"
8843,"AMS SOU Angel Kanchev-Varna","o3",95.51,"µg/m³","2026-06-05T19:00:00Z","2026-06-05T22:00:00+03:00","Europe/Sofia",43.22438900023895,27.915733000170828,,,,"Unknown Governmental Organization","EEA"
8843,"AMS SOU Angel Kanchev-Varna","o3",98.69,"µg/m³","2026-06-05T20:00:00Z","2026-06-05T23:00:00+03:00","Europe/Sofia",43.22438900023895,27.915733000170828,,,,"Unknown Governmental Organization","EEA"
8843,"AMS SOU Angel Kanchev-Varna","o3",91.07,"µg/m³","2026-06-05T21:00:00Z","2026-06-06T00:00:00+03:00","Europe/Sofia",43.22438900023895,27.915733000170828,,,,"Unknown Governmental Organization","EEA"
8843,"AMS SOU Angel Kanchev-Varna","o3",92.21,"µg/m³","2026-06-05T22:00:00Z","2026-06-06T01:00:00+03:00","Europe/Sofia",43.22438900023895,27.915733000170828,,,,"Unknown Governmental Organization","EEA"
8843,"AMS SOU Angel Kanchev-Varna","o3",76.34,"µg/m³","2026-06-05T23:00:00Z","2026-06-06T02:00:00+03:00","Europe/Sofia",43.22438900023895,27.915733000170828,,,,"Unknown Governmental Organization","EEA"
8843,"AMS SOU Angel Kanchev-Varna","o3",49.71,"µg/m³","2026-06-06T00:00:00Z","2026-06-06T03:00:00+03:00","Europe/Sofia",43.22438900023895,27.915733000170828,,,,"Unknown Governmental Organization","EEA"
8843,"AMS SOU Angel Kanchev-Varna","o3",48.45,"µg/m³","2026-06-06T01:00:00Z","2026-06-06T04:00:00+03:00","Europe/Sofia",43.22438900023895,27.915733000170828,,,,"Unknown Governmental Organization","EEA"
8843,"AMS SOU Angel Kanchev-Varna","o3",48.63,"µg/m³","2026-06-06T02:00:00Z","2026-06-06T05:00:00+03:00","Europe/Sofia",43.22438900023895,27.915733000170828,,,,"Unknown Governmental Organization","EEA"
8843,"AMS SOU Angel Kanchev-Varna","o3",92.9,"µg/m³","2026-06-06T15:00:00Z","2026-06-06T18:00:00+03:00","Europe/Sofia",43.22438900023895,27.915733000170828,,,,"Unknown Governmental Organization","EEA"
8843,"AMS SOU Angel Kanchev-Varna","o3",87.16,"µg/m³","2026-06-06T16:00:00Z","2026-06-06T19:00:00+03:00","Europe/Sofia",43.22438900023895,27.915733000170828,,,,"Unknown Governmental Organization","EEA"
8843,"AMS SOU Angel Kanchev-Varna","o3",91.35,"µg/m³","2026-06-06T18:00:00Z","2026-06-06T21:00:00+03:00","Europe/Sofia",43.22438900023895,27.915733000170828,,,,"Unknown Governmental Organization","EEA"
8843,"AMS SOU Angel Kanchev-Varna","o3",67.63,"µg/m³","2026-06-06T20:00:00Z","2026-06-06T23:00:00+03:00","Europe/Sofia",43.22438900023895,27.915733000170828,,,,"Unknown Governmental Organization","EEA"
8843,"AMS SOU Angel Kanchev-Varna","o3",23.21,"µg/m³","2026-06-07T03:00:00Z","2026-06-07T06:00:00+03:00","Europe/Sofia",43.22438900023895,27.915733000170828,,,,"Unknown Governmental Organization","EEA"
8843,"AMS SOU Angel Kanchev-Varna","o3",76.09,"µg/m³","2026-06-07T04:00:00Z","2026-06-07T07:00:00+03:00","Europe/Sofia",43.22438900023895,27.915733000170828,,,,"Unknown Governmental Organization","EEA"
8843,"AMS SOU Angel Kanchev-Varna","o3",35.83,"µg/m³","2026-06-07T07:00:00Z","2026-06-07T10:00:00+03:00","Europe/Sofia",43.22438900023895,27.915733000170828,,,,"Unknown Governmental Organization","EEA"
8843,"AMS SOU Angel Kanchev-Varna","o3",45.85,"µg/m³","2026-06-07T09:00:00Z","2026-06-07T12:00:00+03:00","Europe/Sofia",43.22438900023895,27.915733000170828,,,,"Unknown Governmental Organization","EEA"
8843,"AMS SOU Angel Kanchev-Varna","o3",83.8,"µg/m³","2026-06-07T16:00:00Z","2026-06-07T19:00:00+03:00","Europe/Sofia",43.22438900023895,27.915733000170828,,,,"Unknown Governmental Organization","EEA"
8843,"AMS SOU Angel Kanchev-Varna","o3",29.13,"µg/m³","2026-06-08T00:00:00Z","2026-06-08T03:00:00+03:00","Europe/Sofia",43.22438900023895,27.915733000170828,,,,"Unknown Governmental Organization","EEA"
8843,"AMS SOU Angel Kanchev-Varna","o3",41.51,"µg/m³","2026-06-08T02:00:00Z","2026-06-08T05:00:00+03:00","Europe/Sofia",43.22438900023895,27.915733000170828,,,,"Unknown Governmental Organization","EEA"
8843,"AMS SOU Angel Kanchev-Varna","o3",36.92,"µg/m³","2026-06-08T03:00:00Z","2026-06-08T06:00:00+03:00","Europe/Sofia",43.22438900023895,27.915733000170828,,,,"Unknown Governmental Organization","EEA"
8843,"AMS SOU Angel Kanchev-Varna","o3",22.36,"µg/m³","2026-06-08T05:00:00Z","2026-06-08T08:00:00+03:00","Europe/Sofia",43.22438900023895,27.915733000170828,,,,"Unknown Governmental Organization","EEA"
8843,"AMS SOU Angel Kanchev-Varna","o3",16.77,"µg/m³","2026-06-08T07:00:00Z","2026-06-08T10:00:00+03:00","Europe/Sofia",43.22438900023895,27.915733000170828,,,,"Unknown Governmental Organization","EEA"
8843,"AMS SOU Angel Kanchev-Varna","o3",76.86,"µg/m³","2026-06-08T15:00:00Z","2026-06-08T18:00:00+03:00","Europe/Sofia",43.22438900023895,27.915733000170828,,,,"Unknown Governmental Organization","EEA"
8843,"AMS SOU Angel Kanchev-Varna","o3",81.32,"µg/m³","2026-06-08T16:00:00Z","2026-06-08T19:00:00+03:00","Europe/Sofia",43.22438900023895,27.915733000170828,,,,"Unknown Governmental Organization","EEA"
8843,"AMS SOU Angel Kanchev-Varna","o3",91.98,"µg/m³","2026-06-08T17:00:00Z","2026-06-08T20:00:00+03:00","Europe/Sofia",43.22438900023895,27.915733000170828,,,,"Unknown Governmental Organization","EEA"
8843,"AMS SOU Angel Kanchev-Varna","o3",90.55,"µg/m³","2026-06-08T18:00:00Z","2026-06-08T21:00:00+03:00","Europe/Sofia",43.22438900023895,27.915733000170828,,,,"Unknown Governmental Organization","EEA"
8843,"AMS SOU Angel Kanchev-Varna","o3",51.85,"µg/m³","2026-06-08T20:00:00Z","2026-06-08T23:00:00+03:00","Europe/Sofia",43.22438900023895,27.915733000170828,,,,"Unknown Governmental Organization","EEA"
8843,"AMS SOU Angel Kanchev-Varna","o3",35.86,"µg/m³","2026-06-08T21:00:00Z","2026-06-09T00:00:00+03:00","Europe/Sofia",43.22438900023895,27.915733000170828,,,,"Unknown Governmental Organization","EEA"
8843,"AMS SOU Angel Kanchev-Varna","o3",13.68,"µg/m³","2026-06-08T23:00:00Z","2026-06-09T02:00:00+03:00","Europe/Sofia",43.22438900023895,27.915733000170828,,,,"Unknown Governmental Organization","EEA"
8843,"AMS SOU Angel Kanchev-Varna","o3",32.02,"µg/m³","2026-06-09T02:00:00Z","2026-06-09T05:00:00+03:00","Europe/Sofia",43.22438900023895,27.915733000170828,,,,"Unknown Governmental Organization","EEA"
8843,"AMS SOU Angel Kanchev-Varna","o3",9.97,"µg/m³","2026-06-09T05:00:00Z","2026-06-09T08:00:00+03:00","Europe/Sofia",43.22438900023895,27.915733000170828,,,,"Unknown Governmental Organization","EEA"
8843,"AMS SOU Angel Kanchev-Varna","o3",5.93,"µg/m³","2026-06-09T06:00:00Z","2026-06-09T09:00:00+03:00","Europe/Sofia",43.22438900023895,27.915733000170828,,,,"Unknown Governmental Organization","EEA"
8843,"AMS SOU Angel Kanchev-Varna","o3",72.59,"µg/m³","2026-06-09T09:00:00Z","2026-06-09T12:00:00+03:00","Europe/Sofia",43.22438900023895,27.915733000170828,,,,"Unknown Governmental Organization","EEA"
8843,"AMS SOU Angel Kanchev-Varna","o3",75.54,"µg/m³","2026-06-09T11:00:00Z","2026-06-09T14:00:00+03:00","Europe/Sofia",43.22438900023895,27.915733000170828,,,,"Unknown Governmental Organization","EEA"
8843,"AMS SOU Angel Kanchev-Varna","o3",86.03,"µg/m³","2026-06-09T13:00:00Z","2026-06-09T16:00:00+03:00","Europe/Sofia",43.22438900023895,27.915733000170828,,,,"Unknown Governmental Organization","EEA"
8843,"AMS SOU Angel Kanchev-Varna","o3",84.95,"µg/m³","2026-06-09T15:00:00Z","2026-06-09T18:00:00+03:00","Europe/Sofia",43.22438900023895,27.915733000170828,,,,"Unknown Governmental Organization","EEA"
8843,"AMS SOU Angel Kanchev-Varna","o3",85.66,"µg/m³","2026-06-09T17:00:00Z","2026-06-09T20:00:00+03:00","Europe/Sofia",43.22438900023895,27.915733000170828,,,,"Unknown Governmental Organization","EEA"
8843,"AMS SOU Angel Kanchev-Varna","o3",27.78,"µg/m³","2026-06-10T02:00:00Z","2026-06-10T05:00:00+03:00","Europe/Sofia",43.22438900023895,27.915733000170828,,,,"Unknown Governmental Organization","EEA"
8843,"AMS SOU Angel Kanchev-Varna","o3",12.25,"µg/m³","2026-06-10T06:00:00Z","2026-06-10T09:00:00+03:00","Europe/Sofia",43.22438900023895,27.915733000170828,,,,"Unknown Governmental Organization","EEA"
8843,"AMS SOU Angel Kanchev-Varna","o3",64.75,"µg/m³","2026-06-10T07:00:00Z","2026-06-10T10:00:00+03:00","Europe/Sofia",43.22438900023895,27.915733000170828,,,,"Unknown Governmental Organization","EEA"
8843,"AMS SOU Angel Kanchev-Varna","o3",89.39,"µg/m³","2026-06-10T13:00:00Z","2026-06-10T16:00:00+03:00","Europe/Sofia",43.22438900023895,27.915733000170828,,,,"Unknown Governmental Organization","EEA"
8843,"AMS SOU Angel Kanchev-Varna","o3",103.86,"µg/m³","2026-06-10T16:00:00Z","2026-06-10T19:00:00+03:00","Europe/Sofia",43.22438900023895,27.915733000170828,,,,"Unknown Governmental Organization","EEA"
8843,"AMS SOU Angel Kanchev-Varna","o3",63.49,"µg/m³","2026-06-10T20:00:00Z","2026-06-10T23:00:00+03:00","Europe/Sofia",43.22438900023895,27.915733000170828,,,,"Unknown Governmental Organization","EEA"
8843,"AMS SOU Angel Kanchev-Varna","o3",37.85,"µg/m³","2026-06-10T22:00:00Z","2026-06-11T01:00:00+03:00","Europe/Sofia",43.22438900023895,27.915733000170828,,,,"Unknown Governmental Organization","EEA"
8843,"AMS SOU Angel Kanchev-Varna","o3",34.04,"µg/m³","2026-06-11T00:00:00Z","2026-06-11T03:00:00+03:00","Europe/Sofia",43.22438900023895,27.915733000170828,,,,"Unknown Governmental Organization","EEA"
8843,"AMS SOU Angel Kanchev-Varna","o3",79.26,"µg/m³","2026-06-11T09:00:00Z","2026-06-11T12:00:00+03:00","Europe/Sofia",43.22438900023895,27.915733000170828,,,,"Unknown Governmental Organization","EEA"
8843,"AMS SOU Angel Kanchev-Varna","o3",86.65,"µg/m³","2026-06-11T10:00:00Z","2026-06-11T13:00:00+03:00","Europe/Sofia",43.22438900023895,27.915733000170828,,,,"Unknown Governmental Organization","EEA"
8843,"AMS SOU Angel Kanchev-Varna","o3",90.41,"µg/m³","2026-06-11T11:00:00Z","2026-06-11T14:00:00+03:00","Europe/Sofia",43.22438900023895,27.915733000170828,,,,"Unknown Governmental Organization","EEA"
8843,"AMS SOU Angel Kanchev-Varna","o3",93.43,"µg/m³","2026-06-11T12:00:00Z","2026-06-11T15:00:00+03:00","Europe/Sofia",43.22438900023895,27.915733000170828,,,,"Unknown Governmental Organization","EEA"
8843,"AMS SOU Angel Kanchev-Varna","o3",93.24,"µg/m³","2026-06-11T13:00:00Z","2026-06-11T16:00:00+03:00","Europe/Sofia",43.22438900023895,27.915733000170828,,,,"Unknown Governmental Organization","EEA"
8843,"AMS SOU Angel Kanchev-Varna","o3",90.57,"µg/m³","2026-06-11T14:00:00Z","2026-06-11T17:00:00+03:00","Europe/Sofia",43.22438900023895,27.915733000170828,,,,"Unknown Governmental Organization","EEA"
8843,"AMS SOU Angel Kanchev-Varna","o3",87.61,"µg/m³","2026-06-11T15:00:00Z","2026-06-11T18:00:00+03:00","Europe/Sofia",43.22438900023895,27.915733000170828,,,,"Unknown Governmental Organization","EEA"
8843,"AMS SOU Angel Kanchev-Varna","o3",83.3,"µg/m³","2026-06-11T16:00:00Z","2026-06-11T19:00:00+03:00","Europe/Sofia",43.22438900023895,27.915733000170828,,,,"Unknown Governmental Organization","EEA"
8843,"AMS SOU Angel Kanchev-Varna","o3",79.37,"µg/m³","2026-06-11T17:00:00Z","2026-06-11T20:00:00+03:00","Europe/Sofia",43.22438900023895,27.915733000170828,,,,"Unknown Governmental Organization","EEA"
8843,"AMS SOU Angel Kanchev-Varna","o3",79.18,"µg/m³","2026-06-11T18:00:00Z","2026-06-11T21:00:00+03:00","Europe/Sofia",43.22438900023895,27.915733000170828,,,,"Unknown Governmental Organization","EEA"
8843,"AMS SOU Angel Kanchev-Varna","o3",76.68,"µg/m³","2026-06-11T19:00:00Z","2026-06-11T22:00:00+03:00","Europe/Sofia",43.22438900023895,27.915733000170828,,,,"Unknown Governmental Organization","EEA"
8843,"AMS SOU Angel Kanchev-Varna","o3",73.87,"µg/m³","2026-06-11T20:00:00Z","2026-06-11T23:00:00+03:00","Europe/Sofia",43.22438900023895,27.915733000170828,,,,"Unknown Governmental Organization","EEA"
8843,"AMS SOU Angel Kanchev-Varna","o3",73.25,"µg/m³","2026-06-11T21:00:00Z","2026-06-12T00:00:00+03:00","Europe/Sofia",43.22438900023895,27.915733000170828,,,,"Unknown Governmental Organization","EEA"
8843,"AMS SOU Angel Kanchev-Varna","o3",58.37,"µg/m³","2026-06-11T22:00:00Z","2026-06-12T01:00:00+03:00","Europe/Sofia",43.22438900023895,27.915733000170828,,,,"Unknown Governmental Organization","EEA"
8843,"AMS SOU Angel Kanchev-Varna","o3",25.62,"µg/m³","2026-06-11T23:00:00Z","2026-06-12T02:00:00+03:00","Europe/Sofia",43.22438900023895,27.915733000170828,,,,"Unknown Governmental Organization","EEA"
8843,"AMS SOU Angel Kanchev-Varna","o3",19.89,"µg/m³","2026-06-12T00:00:00Z","2026-06-12T03:00:00+03:00","Europe/Sofia",43.22438900023895,27.915733000170828,,,,"Unknown Governmental Organization","EEA"
8843,"AMS SOU Angel Kanchev-Varna","o3",18.4,"µg/m³","2026-06-12T01:00:00Z","2026-06-12T04:00:00+03:00","Europe/Sofia",43.22438900023895,27.915733000170828,,,,"Unknown Governmental Organization","EEA"
8843,"AMS SOU Angel Kanchev-Varna","o3",13.88,"µg/m³","2026-06-12T02:00:00Z","2026-06-12T05:00:00+03:00","Europe/Sofia",43.22438900023895,27.915733000170828,,,,"Unknown Governmental Organization","EEA"
8843,"AMS SOU Angel Kanchev-Varna","o3",14.89,"µg/m³","2026-06-12T03:00:00Z","2026-06-12T06:00:00+03:00","Europe/Sofia",43.22438900023895,27.915733000170828,,,,"Unknown Governmental Organization","EEA"
8843,"AMS SOU Angel Kanchev-Varna","o3",10.58,"µg/m³","2026-06-12T04:00:00Z","2026-06-12T07:00:00+03:00","Europe/Sofia",43.22438900023895,27.915733000170828,,,,"Unknown Governmental Organization","EEA"
8843,"AMS SOU Angel Kanchev-Varna","o3",9.28,"µg/m³","2026-06-12T05:00:00Z","2026-06-12T08:00:00+03:00","Europe/Sofia",43.22438900023895,27.915733000170828,,,,"Unknown Governmental Organization","EEA"
8843,"AMS SOU Angel Kanchev-Varna","o3",19.81,"µg/m³","2026-06-12T06:00:00Z","2026-06-12T09:00:00+03:00","Europe/Sofia",43.22438900023895,27.915733000170828,,,,"Unknown Governmental Organization","EEA"
8843,"AMS SOU Angel Kanchev-Varna","o3",29.88,"µg/m³","2026-06-12T07:00:00Z","2026-06-12T10:00:00+03:00","Europe/Sofia",43.22438900023895,27.915733000170828,,,,"Unknown Governmental Organization","EEA"
8843,"AMS SOU Angel Kanchev-Varna","o3",52.35,"µg/m³","2026-06-12T08:00:00Z","2026-06-12T11:00:00+03:00","Europe/Sofia",43.22438900023895,27.915733000170828,,,,"Unknown Governmental Organization","EEA"
8843,"AMS SOU Angel Kanchev-Varna","o3",59.51,"µg/m³","2026-06-12T09:00:00Z","2026-06-12T12:00:00+03:00","Europe/Sofia",43.22438900023895,27.915733000170828,,,,"Unknown Governmental Organization","EEA"
8843,"AMS SOU Angel Kanchev-Varna","o3",53.47,"µg/m³","2026-06-12T10:00:00Z","2026-06-12T13:00:00+03:00","Europe/Sofia",43.22438900023895,27.915733000170828,,,,"Unknown Governmental Organization","EEA"
8843,"AMS SOU Angel Kanchev-Varna","o3",44.73,"µg/m³","2026-06-12T11:00:00Z","2026-06-12T14:00:00+03:00","Europe/Sofia",43.22438900023895,27.915733000170828,,,,"Unknown Governmental Organization","EEA"
8843,"AMS SOU Angel Kanchev-Varna","o3",51.73,"µg/m³","2026-06-12T12:00:00Z","2026-06-12T15:00:00+03:00","Europe/Sofia",43.22438900023895,27.915733000170828,,,,"Unknown Governmental Organization","EEA"
8843,"AMS SOU Angel Kanchev-Varna","o3",58.77,"µg/m³","2026-06-12T13:00:00Z","2026-06-12T16:00:00+03:00","Europe/Sofia",43.22438900023895,27.915733000170828,,,,"Unknown Governmental Organization","EEA"
8843,"AMS SOU Angel Kanchev-Varna","o3",47.97,"µg/m³","2026-06-12T15:00:00Z","2026-06-12T18:00:00+03:00","Europe/Sofia",43.22438900023895,27.915733000170828,,,,"Unknown Governmental Organization","EEA"
8843,"AMS SOU Angel Kanchev-Varna","o3",47.83,"µg/m³","2026-06-12T16:00:00Z","2026-06-12T19:00:00+03:00","Europe/Sofia",43.22438900023895,27.915733000170828,,,,"Unknown Governmental Organization","EEA"
8843,"AMS SOU Angel Kanchev-Varna","o3",19.22,"µg/m³","2026-06-12T18:00:00Z","2026-06-12T21:00:00+03:00","Europe/Sofia",43.22438900023895,27.915733000170828,,,,"Unknown Governmental Organization","EEA"
8843,"AMS SOU Angel Kanchev-Varna","o3",52.82,"µg/m³","2026-06-13T06:00:00Z","2026-06-13T09:00:00+03:00","Europe/Sofia",43.22438900023895,27.915733000170828,,,,"Unknown Governmental Organization","EEA"
8843,"AMS SOU Angel Kanchev-Varna","o3",63.98,"µg/m³","2026-06-13T10:00:00Z","2026-06-13T13:00:00+03:00","Europe/Sofia",43.22438900023895,27.915733000170828,,,,"Unknown Governmental Organization","EEA"
8843,"AMS SOU Angel Kanchev-Varna","o3",69.25,"µg/m³","2026-06-13T11:00:00Z","2026-06-13T14:00:00+03:00","Europe/Sofia",43.22438900023895,27.915733000170828,,,,"Unknown Governmental Organization","EEA"
8843,"AMS SOU Angel Kanchev-Varna","o3",75.03,"µg/m³","2026-06-13T13:00:00Z","2026-06-13T16:00:00+03:00","Europe/Sofia",43.22438900023895,27.915733000170828,,,,"Unknown Governmental Organization","EEA"
8843,"AMS SOU Angel Kanchev-Varna","o3",74.65,"µg/m³","2026-06-13T14:00:00Z","2026-06-13T17:00:00+03:00","Europe/Sofia",43.22438900023895,27.915733000170828,,,,"Unknown Governmental Organization","EEA"
8843,"AMS SOU Angel Kanchev-Varna","o3",73.54,"µg/m³","2026-06-13T15:00:00Z","2026-06-13T18:00:00+03:00","Europe/Sofia",43.22438900023895,27.915733000170828,,,,"Unknown Governmental Organization","EEA"
8843,"AMS SOU Angel Kanchev-Varna","o3",77.7,"µg/m³","2026-06-13T16:00:00Z","2026-06-13T19:00:00+03:00","Europe/Sofia",43.22438900023895,27.915733000170828,,,,"Unknown Governmental Organization","EEA"
8843,"AMS SOU Angel Kanchev-Varna","o3",75.79,"µg/m³","2026-06-13T17:00:00Z","2026-06-13T20:00:00+03:00","Europe/Sofia",43.22438900023895,27.915733000170828,,,,"Unknown Governmental Organization","EEA"
8843,"AMS SOU Angel Kanchev-Varna","o3",76.13,"µg/m³","2026-06-13T18:00:00Z","2026-06-13T21:00:00+03:00","Europe/Sofia",43.22438900023895,27.915733000170828,,,,"Unknown Governmental Organization","EEA"
8843,"AMS SOU Angel Kanchev-Varna","o3",39.91,"µg/m³","2026-06-13T19:00:00Z","2026-06-13T22:00:00+03:00","Europe/Sofia",43.22438900023895,27.915733000170828,,,,"Unknown Governmental Organization","EEA"
8843,"AMS SOU Angel Kanchev-Varna","o3",23.22,"µg/m³","2026-06-13T20:00:00Z","2026-06-13T23:00:00+03:00","Europe/Sofia",43.22438900023895,27.915733000170828,,,,"Unknown Governmental Organization","EEA"
8843,"AMS SOU Angel Kanchev-Varna","o3",24.71,"µg/m³","2026-06-13T21:00:00Z","2026-06-14T00:00:00+03:00","Europe/Sofia",43.22438900023895,27.915733000170828,,,,"Unknown Governmental Organization","EEA"
8843,"AMS SOU Angel Kanchev-Varna","o3",26.65,"µg/m³","2026-06-13T22:00:00Z","2026-06-14T01:00:00+03:00","Europe/Sofia",43.22438900023895,27.915733000170828,,,,"Unknown Governmental Organization","EEA"
8843,"AMS SOU Angel Kanchev-Varna","o3",32.9,"µg/m³","2026-06-13T23:00:00Z","2026-06-14T02:00:00+03:00","Europe/Sofia",43.22438900023895,27.915733000170828,,,,"Unknown Governmental Organization","EEA"
8843,"AMS SOU Angel Kanchev-Varna","o3",15.03,"µg/m³","2026-06-14T00:00:00Z","2026-06-14T03:00:00+03:00","Europe/Sofia",43.22438900023895,27.915733000170828,,,,"Unknown Governmental Organization","EEA"
8843,"AMS SOU Angel Kanchev-Varna","o3",14.75,"µg/m³","2026-06-14T01:00:00Z","2026-06-14T04:00:00+03:00","Europe/Sofia",43.22438900023895,27.915733000170828,,,,"Unknown Governmental Organization","EEA"
8843,"AMS SOU Angel Kanchev-Varna","o3",26.53,"µg/m³","2026-06-14T02:00:00Z","2026-06-14T05:00:00+03:00","Europe/Sofia",43.22438900023895,27.915733000170828,,,,"Unknown Governmental Organization","EEA"
8843,"AMS SOU Angel Kanchev-Varna","o3",25.3,"µg/m³","2026-06-14T03:00:00Z","2026-06-14T06:00:00+03:00","Europe/Sofia",43.22438900023895,27.915733000170828,,,,"Unknown Governmental Organization","EEA"
8843,"AMS SOU Angel Kanchev-Varna","o3",29.8,"µg/m³","2026-06-14T04:00:00Z","2026-06-14T07:00:00+03:00","Europe/Sofia",43.22438900023895,27.915733000170828,,,,"Unknown Governmental Organization","EEA"
8843,"AMS SOU Angel Kanchev-Varna","o3",37.17,"µg/m³","2026-06-14T05:00:00Z","2026-06-14T08:00:00+03:00","Europe/Sofia",43.22438900023895,27.915733000170828,,,,"Unknown Governmental Organization","EEA"
8843,"AMS SOU Angel Kanchev-Varna","o3",37.38,"µg/m³","2026-06-14T06:00:00Z","2026-06-14T09:00:00+03:00","Europe/Sofia",43.22438900023895,27.915733000170828,,,,"Unknown Governmental Organization","EEA"
8843,"AMS SOU Angel Kanchev-Varna","o3",45.99,"µg/m³","2026-06-14T07:00:00Z","2026-06-14T10:00:00+03:00","Europe/Sofia",43.22438900023895,27.915733000170828,,,,"Unknown Governmental Organization","EEA"
8843,"AMS SOU Angel Kanchev-Varna","o3",70.39,"µg/m³","2026-06-14T09:00:00Z","2026-06-14T12:00:00+03:00","Europe/Sofia",43.22438900023895,27.915733000170828,,,,"Unknown Governmental Organization","EEA"
8843,"AMS SOU Angel Kanchev-Varna","o3",70.58,"µg/m³","2026-06-14T10:00:00Z","2026-06-14T13:00:00+03:00","Europe/Sofia",43.22438900023895,27.915733000170828,,,,"Unknown Governmental Organization","EEA"
8843,"AMS SOU Angel Kanchev-Varna","o3",77.7,"µg/m³","2026-06-14T11:00:00Z","2026-06-14T14:00:00+03:00","Europe/Sofia",43.22438900023895,27.915733000170828,,,,"Unknown Governmental Organization","EEA"
8843,"AMS SOU Angel Kanchev-Varna","o3",80.03,"µg/m³","2026-06-14T12:00:00Z","2026-06-14T15:00:00+03:00","Europe/Sofia",43.22438900023895,27.915733000170828,,,,"Unknown Governmental Organization","EEA"
8843,"AMS SOU Angel Kanchev-Varna","o3",82.3,"µg/m³","2026-06-14T13:00:00Z","2026-06-14T16:00:00+03:00","Europe/Sofia",43.22438900023895,27.915733000170828,,,,"Unknown Governmental Organization","EEA"
8843,"AMS SOU Angel Kanchev-Varna","o3",83.4,"µg/m³","2026-06-14T14:00:00Z","2026-06-14T17:00:00+03:00","Europe/Sofia",43.22438900023895,27.915733000170828,,,,"Unknown Governmental Organization","EEA"
8843,"AMS SOU Angel Kanchev-Varna","o3",84.12,"µg/m³","2026-06-14T15:00:00Z","2026-06-14T18:00:00+03:00","Europe/Sofia",43.22438900023895,27.915733000170828,,,,"Unknown Governmental Organization","EEA"
8843,"AMS SOU Angel Kanchev-Varna","o3",81.89,"µg/m³","2026-06-14T16:00:00Z","2026-06-14T19:00:00+03:00","Europe/Sofia",43.22438900023895,27.915733000170828,,,,"Unknown Governmental Organization","EEA"
8843,"AMS SOU Angel Kanchev-Varna","o3",74.97,"µg/m³","2026-06-14T17:00:00Z","2026-06-14T20:00:00+03:00","Europe/Sofia",43.22438900023895,27.915733000170828,,,,"Unknown Governmental Organization","EEA"
8843,"AMS SOU Angel Kanchev-Varna","o3",72.79,"µg/m³","2026-06-14T18:00:00Z","2026-06-14T21:00:00+03:00","Europe/Sofia",43.22438900023895,27.915733000170828,,,,"Unknown Governmental Organization","EEA"
8843,"AMS SOU Angel Kanchev-Varna","o3",62.57,"µg/m³","2026-06-14T19:00:00Z","2026-06-14T22:00:00+03:00","Europe/Sofia",43.22438900023895,27.915733000170828,,,,"Unknown Governmental Organization","EEA"
8843,"AMS SOU Angel Kanchev-Varna","o3",26.27,"µg/m³","2026-06-14T20:00:00Z","2026-06-14T23:00:00+03:00","Europe/Sofia",43.22438900023895,27.915733000170828,,,,"Unknown Governmental Organization","EEA"
8843,"AMS SOU Angel Kanchev-Varna","o3",19.54,"µg/m³","2026-06-14T21:00:00Z","2026-06-15T00:00:00+03:00","Europe/Sofia",43.22438900023895,27.915733000170828,,,,"Unknown Governmental Organization","EEA"
8843,"AMS SOU Angel Kanchev-Varna","o3",20.87,"µg/m³","2026-06-14T22:00:00Z","2026-06-15T01:00:00+03:00","Europe/Sofia",43.22438900023895,27.915733000170828,,,,"Unknown Governmental Organization","EEA"
8843,"AMS SOU Angel Kanchev-Varna","o3",22.69,"µg/m³","2026-06-14T23:00:00Z","2026-06-15T02:00:00+03:00","Europe/Sofia",43.22438900023895,27.915733000170828,,,,"Unknown Governmental Organization","EEA"
8843,"AMS SOU Angel Kanchev-Varna","o3",33.82,"µg/m³","2026-06-15T00:00:00Z","2026-06-15T03:00:00+03:00","Europe/Sofia",43.22438900023895,27.915733000170828,,,,"Unknown Governmental Organization","EEA"
8843,"AMS SOU Angel Kanchev-Varna","o3",22.06,"µg/m³","2026-06-15T01:00:00Z","2026-06-15T04:00:00+03:00","Europe/Sofia",43.22438900023895,27.915733000170828,,,,"Unknown Governmental Organization","EEA"
8843,"AMS SOU Angel Kanchev-Varna","o3",19.49,"µg/m³","2026-06-15T02:00:00Z","2026-06-15T05:00:00+03:00","Europe/Sofia",43.22438900023895,27.915733000170828,,,,"Unknown Governmental Organization","EEA"
8843,"AMS SOU Angel Kanchev-Varna","o3",22.33,"µg/m³","2026-06-15T03:00:00Z","2026-06-15T06:00:00+03:00","Europe/Sofia",43.22438900023895,27.915733000170828,,,,"Unknown Governmental Organization","EEA"
8843,"AMS SOU Angel Kanchev-Varna","o3",27.2,"µg/m³","2026-06-15T04:00:00Z","2026-06-15T07:00:00+03:00","Europe/Sofia",43.22438900023895,27.915733000170828,,,,"Unknown Governmental Organization","EEA"
8843,"AMS SOU Angel Kanchev-Varna","o3",7.62,"µg/m³","2026-06-15T07:00:00Z","2026-06-15T10:00:00+03:00","Europe/Sofia",43.22438900023895,27.915733000170828,,,,"Unknown Governmental Organization","EEA"
8843,"AMS SOU Angel Kanchev-Varna","o3",11.29,"µg/m³","2026-06-15T08:00:00Z","2026-06-15T11:00:00+03:00","Europe/Sofia",43.22438900023895,27.915733000170828,,,,"Unknown Governmental Organization","EEA"
8843,"AMS SOU Angel Kanchev-Varna","o3",43.3,"µg/m³","2026-06-15T09:00:00Z","2026-06-15T12:00:00+03:00","Europe/Sofia",43.22438900023895,27.915733000170828,,,,"Unknown Governmental Organization","EEA"
8843,"AMS SOU Angel Kanchev-Varna","o3",73.2,"µg/m³","2026-06-15T11:00:00Z","2026-06-15T14:00:00+03:00","Europe/Sofia",43.22438900023895,27.915733000170828,,,,"Unknown Governmental Organization","EEA"
8843,"AMS SOU Angel Kanchev-Varna","o3",83.32,"µg/m³","2026-06-15T12:00:00Z","2026-06-15T15:00:00+03:00","Europe/Sofia",43.22438900023895,27.915733000170828,,,,"Unknown Governmental Organization","EEA"
8843,"AMS SOU Angel Kanchev-Varna","o3",104.28,"µg/m³","2026-06-15T13:00:00Z","2026-06-15T16:00:00+03:00","Europe/Sofia",43.22438900023895,27.915733000170828,,,,"Unknown Governmental Organization","EEA"
8843,"AMS SOU Angel Kanchev-Varna","o3",104.28,"µg/m³","2026-06-15T14:00:00Z","2026-06-15T17:00:00+03:00","Europe/Sofia",43.22438900023895,27.915733000170828,,,,"Unknown Governmental Organization","EEA"
8843,"AMS SOU Angel Kanchev-Varna","o3",96.83,"µg/m³","2026-06-15T15:00:00Z","2026-06-15T18:00:00+03:00","Europe/Sofia",43.22438900023895,27.915733000170828,,,,"Unknown Governmental Organization","EEA"
8843,"AMS SOU Angel Kanchev-Varna","o3",95.37,"µg/m³","2026-06-15T16:00:00Z","2026-06-15T19:00:00+03:00","Europe/Sofia",43.22438900023895,27.915733000170828,,,,"Unknown Governmental Organization","EEA"
8843,"AMS SOU Angel Kanchev-Varna","o3",92.62,"µg/m³","2026-06-15T17:00:00Z","2026-06-15T20:00:00+03:00","Europe/Sofia",43.22438900023895,27.915733000170828,,,,"Unknown Governmental Organization","EEA"
8843,"AMS SOU Angel Kanchev-Varna","o3",94.1,"µg/m³","2026-06-15T18:00:00Z","2026-06-15T21:00:00+03:00","Europe/Sofia",43.22438900023895,27.915733000170828,,,,"Unknown Governmental Organization","EEA"
8843,"AMS SOU Angel Kanchev-Varna","o3",86.77,"µg/m³","2026-06-15T19:00:00Z","2026-06-15T22:00:00+03:00","Europe/Sofia",43.22438900023895,27.915733000170828,,,,"Unknown Governmental Organization","EEA"
8843,"AMS SOU Angel Kanchev-Varna","o3",-1,"µg/m³","2026-06-15T20:00:00Z","2026-06-15T23:00:00+03:00","Europe/Sofia",43.22438900023895,27.915733000170828,,,,"Unknown Governmental Organization","EEA"
8843,"AMS SOU Angel Kanchev-Varna","o3",-1,"µg/m³","2026-06-15T21:00:00Z","2026-06-16T00:00:00+03:00","Europe/Sofia",43.22438900023895,27.915733000170828,,,,"Unknown Governmental Organization","EEA"
8843,"AMS SOU Angel Kanchev-Varna","o3",-1,"µg/m³","2026-06-15T22:00:00Z","2026-06-16T01:00:00+03:00","Europe/Sofia",43.22438900023895,27.915733000170828,,,,"Unknown Governmental Organization","EEA"
8843,"AMS SOU Angel Kanchev-Varna","o3",-1,"µg/m³","2026-06-15T23:00:00Z","2026-06-16T02:00:00+03:00","Europe/Sofia",43.22438900023895,27.915733000170828,,,,"Unknown Governmental Organization","EEA"
8843,"AMS SOU Angel Kanchev-Varna","o3",-1,"µg/m³","2026-06-16T00:00:00Z","2026-06-16T03:00:00+03:00","Europe/Sofia",43.22438900023895,27.915733000170828,,,,"Unknown Governmental Organization","EEA"
8843,"AMS SOU Angel Kanchev-Varna","o3",-1,"µg/m³","2026-06-16T01:00:00Z","2026-06-16T04:00:00+03:00","Europe/Sofia",43.22438900023895,27.915733000170828,,,,"Unknown Governmental Organization","EEA"
8843,"AMS SOU Angel Kanchev-Varna","o3",-1,"µg/m³","2026-06-16T02:00:00Z","2026-06-16T05:00:00+03:00","Europe/Sofia",43.22438900023895,27.915733000170828,,,,"Unknown Governmental Organization","EEA"
8843,"AMS SOU Angel Kanchev-Varna","o3",-1,"µg/m³","2026-06-16T03:00:00Z","2026-06-16T06:00:00+03:00","Europe/Sofia",43.22438900023895,27.915733000170828,,,,"Unknown Governmental Organization","EEA"
8843,"AMS SOU Angel Kanchev-Varna","o3",-1,"µg/m³","2026-06-16T04:00:00Z","2026-06-16T07:00:00+03:00","Europe/Sofia",43.22438900023895,27.915733000170828,,,,"Unknown Governmental Organization","EEA"
8843,"AMS SOU Angel Kanchev-Varna","o3",-1,"µg/m³","2026-06-16T05:00:00Z","2026-06-16T08:00:00+03:00","Europe/Sofia",43.22438900023895,27.915733000170828,,,,"Unknown Governmental Organization","EEA"
8843,"AMS SOU Angel Kanchev-Varna","o3",33.16,"µg/m³","2026-06-16T06:00:00Z","2026-06-16T09:00:00+03:00","Europe/Sofia",43.22438900023895,27.915733000170828,,,,"Unknown Governmental Organization","EEA"
8843,"AMS SOU Angel Kanchev-Varna","o3",25.68,"µg/m³","2026-06-16T07:00:00Z","2026-06-16T10:00:00+03:00","Europe/Sofia",43.22438900023895,27.915733000170828,,,,"Unknown Governmental Organization","EEA"
8843,"AMS SOU Angel Kanchev-Varna","o3",23.65,"µg/m³","2026-06-16T08:00:00Z","2026-06-16T11:00:00+03:00","Europe/Sofia",43.22438900023895,27.915733000170828,,,,"Unknown Governmental Organization","EEA"
8843,"AMS SOU Angel Kanchev-Varna","o3",-1,"µg/m³","2026-06-16T09:00:00Z","2026-06-16T12:00:00+03:00","Europe/Sofia",43.22438900023895,27.915733000170828,,,,"Unknown Governmental Organization","EEA"
8843,"AMS SOU Angel Kanchev-Varna","o3",59.71,"µg/m³","2026-06-16T10:00:00Z","2026-06-16T13:00:00+03:00","Europe/Sofia",43.22438900023895,27.915733000170828,,,,"Unknown Governmental Organization","EEA"
8843,"AMS SOU Angel Kanchev-Varna","o3",67.2,"µg/m³","2026-06-16T11:00:00Z","2026-06-16T14:00:00+03:00","Europe/Sofia",43.22438900023895,27.915733000170828,,,,"Unknown Governmental Organization","EEA"
8843,"AMS SOU Angel Kanchev-Varna","o3",70.6,"µg/m³","2026-06-16T12:00:00Z","2026-06-16T15:00:00+03:00","Europe/Sofia",43.22438900023895,27.915733000170828,,,,"Unknown Governmental Organization","EEA"
8843,"AMS SOU Angel Kanchev-Varna","o3",74.93,"µg/m³","2026-06-16T13:00:00Z","2026-06-16T16:00:00+03:00","Europe/Sofia",43.22438900023895,27.915733000170828,,,,"Unknown Governmental Organization","EEA"
8843,"AMS SOU Angel Kanchev-Varna","o3",76.2,"µg/m³","2026-06-16T14:00:00Z","2026-06-16T17:00:00+03:00","Europe/Sofia",43.22438900023895,27.915733000170828,,,,"Unknown Governmental Organization","EEA"
8843,"AMS SOU Angel Kanchev-Varna","o3",78.43,"µg/m³","2026-06-16T15:00:00Z","2026-06-16T18:00:00+03:00","Europe/Sofia",43.22438900023895,27.915733000170828,,,,"Unknown Governmental Organization","EEA"
8843,"AMS SOU Angel Kanchev-Varna","o3",80.4,"µg/m³","2026-06-16T16:00:00Z","2026-06-16T19:00:00+03:00","Europe/Sofia",43.22438900023895,27.915733000170828,,,,"Unknown Governmental Organization","EEA"
8843,"AMS SOU Angel Kanchev-Varna","o3",82.01,"µg/m³","2026-06-16T17:00:00Z","2026-06-16T20:00:00+03:00","Europe/Sofia",43.22438900023895,27.915733000170828,,,,"Unknown Governmental Organization","EEA"
8843,"AMS SOU Angel Kanchev-Varna","o3",82.26,"µg/m³","2026-06-16T18:00:00Z","2026-06-16T21:00:00+03:00","Europe/Sofia",43.22438900023895,27.915733000170828,,,,"Unknown Governmental Organization","EEA"
8843,"AMS SOU Angel Kanchev-Varna","o3",70.14,"µg/m³","2026-06-16T19:00:00Z","2026-06-16T22:00:00+03:00","Europe/Sofia",43.22438900023895,27.915733000170828,,,,"Unknown Governmental Organization","EEA"
8843,"AMS SOU Angel Kanchev-Varna","o3",48.76,"µg/m³","2026-06-16T20:00:00Z","2026-06-16T23:00:00+03:00","Europe/Sofia",43.22438900023895,27.915733000170828,,,,"Unknown Governmental Organization","EEA"
8843,"AMS SOU Angel Kanchev-Varna","o3",48.44,"µg/m³","2026-06-16T21:00:00Z","2026-06-17T00:00:00+03:00","Europe/Sofia",43.22438900023895,27.915733000170828,,,,"Unknown Governmental Organization","EEA"
8843,"AMS SOU Angel Kanchev-Varna","o3",34.13,"µg/m³","2026-06-16T22:00:00Z","2026-06-17T01:00:00+03:00","Europe/Sofia",43.22438900023895,27.915733000170828,,,,"Unknown Governmental Organization","EEA"
8843,"AMS SOU Angel Kanchev-Varna","o3",14.67,"µg/m³","2026-06-16T23:00:00Z","2026-06-17T02:00:00+03:00","Europe/Sofia",43.22438900023895,27.915733000170828,,,,"Unknown Governmental Organization","EEA"
8843,"AMS SOU Angel Kanchev-Varna","o3",21.22,"µg/m³","2026-06-17T00:00:00Z","2026-06-17T03:00:00+03:00","Europe/Sofia",43.22438900023895,27.915733000170828,,,,"Unknown Governmental Organization","EEA"
8843,"AMS SOU Angel Kanchev-Varna","o3",29.39,"µg/m³","2026-06-17T01:00:00Z","2026-06-17T04:00:00+03:00","Europe/Sofia",43.22438900023895,27.915733000170828,,,,"Unknown Governmental Organization","EEA"
8843,"AMS SOU Angel Kanchev-Varna","o3",23.4,"µg/m³","2026-06-17T02:00:00Z","2026-06-17T05:00:00+03:00","Europe/Sofia",43.22438900023895,27.915733000170828,,,,"Unknown Governmental Organization","EEA"
8843,"AMS SOU Angel Kanchev-Varna","o3",29.99,"µg/m³","2026-06-17T03:00:00Z","2026-06-17T06:00:00+03:00","Europe/Sofia",43.22438900023895,27.915733000170828,,,,"Unknown Governmental Organization","EEA"
8843,"AMS SOU Angel Kanchev-Varna","o3",21.07,"µg/m³","2026-06-17T04:00:00Z","2026-06-17T07:00:00+03:00","Europe/Sofia",43.22438900023895,27.915733000170828,,,,"Unknown Governmental Organization","EEA"
8843,"AMS SOU Angel Kanchev-Varna","o3",9.39,"µg/m³","2026-06-17T05:00:00Z","2026-06-17T08:00:00+03:00","Europe/Sofia",43.22438900023895,27.915733000170828,,,,"Unknown Governmental Organization","EEA"
8843,"AMS SOU Angel Kanchev-Varna","o3",3.93,"µg/m³","2026-06-17T06:00:00Z","2026-06-17T09:00:00+03:00","Europe/Sofia",43.22438900023895,27.915733000170828,,,,"Unknown Governmental Organization","EEA"
8843,"AMS SOU Angel Kanchev-Varna","o3",23.23,"µg/m³","2026-06-17T07:00:00Z","2026-06-17T10:00:00+03:00","Europe/Sofia",43.22438900023895,27.915733000170828,,,,"Unknown Governmental Organization","EEA"
8843,"AMS SOU Angel Kanchev-Varna","o3",54.49,"µg/m³","2026-06-17T08:00:00Z","2026-06-17T11:00:00+03:00","Europe/Sofia",43.22438900023895,27.915733000170828,,,,"Unknown Governmental Organization","EEA"
8843,"AMS SOU Angel Kanchev-Varna","o3",74.71,"µg/m³","2026-06-17T09:00:00Z","2026-06-17T12:00:00+03:00","Europe/Sofia",43.22438900023895,27.915733000170828,,,,"Unknown Governmental Organization","EEA"
8843,"AMS SOU Angel Kanchev-Varna","o3",85,"µg/m³","2026-06-17T10:00:00Z","2026-06-17T13:00:00+03:00","Europe/Sofia",43.22438900023895,27.915733000170828,,,,"Unknown Governmental Organization","EEA"
8843,"AMS SOU Angel Kanchev-Varna","o3",83.23,"µg/m³","2026-06-17T12:00:00Z","2026-06-17T15:00:00+03:00","Europe/Sofia",43.22438900023895,27.915733000170828,,,,"Unknown Governmental Organization","EEA"
8843,"AMS SOU Angel Kanchev-Varna","o3",91.95,"µg/m³","2026-06-17T13:00:00Z","2026-06-17T16:00:00+03:00","Europe/Sofia",43.22438900023895,27.915733000170828,,,,"Unknown Governmental Organization","EEA"
8843,"AMS SOU Angel Kanchev-Varna","o3",91.43,"µg/m³","2026-06-17T14:00:00Z","2026-06-17T17:00:00+03:00","Europe/Sofia",43.22438900023895,27.915733000170828,,,,"Unknown Governmental Organization","EEA"
8843,"AMS SOU Angel Kanchev-Varna","o3",88.37,"µg/m³","2026-06-17T19:00:00Z","2026-06-17T22:00:00+03:00","Europe/Sofia",43.22438900023895,27.915733000170828,,,,"Unknown Governmental Organization","EEA"
8843,"AMS SOU Angel Kanchev-Varna","o3",66.04,"µg/m³","2026-06-17T20:00:00Z","2026-06-17T23:00:00+03:00","Europe/Sofia",43.22438900023895,27.915733000170828,,,,"Unknown Governmental Organization","EEA"
8843,"AMS SOU Angel Kanchev-Varna","o3",19.44,"µg/m³","2026-06-17T21:00:00Z","2026-06-18T00:00:00+03:00","Europe/Sofia",43.22438900023895,27.915733000170828,,,,"Unknown Governmental Organization","EEA"
8843,"AMS SOU Angel Kanchev-Varna","o3",17.18,"µg/m³","2026-06-17T22:00:00Z","2026-06-18T01:00:00+03:00","Europe/Sofia",43.22438900023895,27.915733000170828,,,,"Unknown Governmental Organization","EEA"
8843,"AMS SOU Angel Kanchev-Varna","o3",21.49,"µg/m³","2026-06-17T23:00:00Z","2026-06-18T02:00:00+03:00","Europe/Sofia",43.22438900023895,27.915733000170828,,,,"Unknown Governmental Organization","EEA"
8843,"AMS SOU Angel Kanchev-Varna","o3",27.55,"µg/m³","2026-06-18T00:00:00Z","2026-06-18T03:00:00+03:00","Europe/Sofia",43.22438900023895,27.915733000170828,,,,"Unknown Governmental Organization","EEA"
8843,"AMS SOU Angel Kanchev-Varna","o3",38.38,"µg/m³","2026-06-18T01:00:00Z","2026-06-18T04:00:00+03:00","Europe/Sofia",43.22438900023895,27.915733000170828,,,,"Unknown Governmental Organization","EEA"
8843,"AMS SOU Angel Kanchev-Varna","o3",33.7,"µg/m³","2026-06-18T02:00:00Z","2026-06-18T05:00:00+03:00","Europe/Sofia",43.22438900023895,27.915733000170828,,,,"Unknown Governmental Organization","EEA"
8843,"AMS SOU Angel Kanchev-Varna","o3",27.5,"µg/m³","2026-06-18T03:00:00Z","2026-06-18T06:00:00+03:00","Europe/Sofia",43.22438900023895,27.915733000170828,,,,"Unknown Governmental Organization","EEA"
8843,"AMS SOU Angel Kanchev-Varna","o3",9.16,"µg/m³","2026-06-18T04:00:00Z","2026-06-18T07:00:00+03:00","Europe/Sofia",43.22438900023895,27.915733000170828,,,,"Unknown Governmental Organization","EEA"
8843,"AMS SOU Angel Kanchev-Varna","o3",8.58,"µg/m³","2026-06-18T05:00:00Z","2026-06-18T08:00:00+03:00","Europe/Sofia",43.22438900023895,27.915733000170828,,,,"Unknown Governmental Organization","EEA"
8843,"AMS SOU Angel Kanchev-Varna","o3",10.9,"µg/m³","2026-06-18T06:00:00Z","2026-06-18T09:00:00+03:00","Europe/Sofia",43.22438900023895,27.915733000170828,,,,"Unknown Governmental Organization","EEA"
8843,"AMS SOU Angel Kanchev-Varna","o3",15.36,"µg/m³","2026-06-18T07:00:00Z","2026-06-18T10:00:00+03:00","Europe/Sofia",43.22438900023895,27.915733000170828,,,,"Unknown Governmental Organization","EEA"
8843,"AMS SOU Angel Kanchev-Varna","o3",60.6,"µg/m³","2026-06-18T08:00:00Z","2026-06-18T11:00:00+03:00","Europe/Sofia",43.22438900023895,27.915733000170828,,,,"Unknown Governmental Organization","EEA"
8843,"AMS SOU Angel Kanchev-Varna","o3",64.93,"µg/m³","2026-06-18T09:00:00Z","2026-06-18T12:00:00+03:00","Europe/Sofia",43.22438900023895,27.915733000170828,,,,"Unknown Governmental Organization","EEA"
8843,"AMS SOU Angel Kanchev-Varna","o3",-1,"µg/m³","2026-06-18T10:00:00Z","2026-06-18T13:00:00+03:00","Europe/Sofia",43.22438900023895,27.915733000170828,,,,"Unknown Governmental Organization","EEA"
8843,"AMS SOU Angel Kanchev-Varna","o3",57.38,"µg/m³","2026-06-18T11:00:00Z","2026-06-18T14:00:00+03:00","Europe/Sofia",43.22438900023895,27.915733000170828,,,,"Unknown Governmental Organization","EEA"
8843,"AMS SOU Angel Kanchev-Varna","o3",76.44,"µg/m³","2026-06-18T12:00:00Z","2026-06-18T15:00:00+03:00","Europe/Sofia",43.22438900023895,27.915733000170828,,,,"Unknown Governmental Organization","EEA"
8843,"AMS SOU Angel Kanchev-Varna","o3",77.99,"µg/m³","2026-06-18T13:00:00Z","2026-06-18T16:00:00+03:00","Europe/Sofia",43.22438900023895,27.915733000170828,,,,"Unknown Governmental Organization","EEA"
8843,"AMS SOU Angel Kanchev-Varna","o3",-1,"µg/m³","2026-06-18T14:00:00Z","2026-06-18T17:00:00+03:00","Europe/Sofia",43.22438900023895,27.915733000170828,,,,"Unknown Governmental Organization","EEA"
8843,"AMS SOU Angel Kanchev-Varna","o3",84.66,"µg/m³","2026-06-18T15:00:00Z","2026-06-18T18:00:00+03:00","Europe/Sofia",43.22438900023895,27.915733000170828,,,,"Unknown Governmental Organization","EEA"
8843,"AMS SOU Angel Kanchev-Varna","o3",83.89,"µg/m³","2026-06-18T16:00:00Z","2026-06-18T19:00:00+03:00","Europe/Sofia",43.22438900023895,27.915733000170828,,,,"Unknown Governmental Organization","EEA"
8843,"AMS SOU Angel Kanchev-Varna","o3",90.22,"µg/m³","2026-06-18T17:00:00Z","2026-06-18T20:00:00+03:00","Europe/Sofia",43.22438900023895,27.915733000170828,,,,"Unknown Governmental Organization","EEA"
8843,"AMS SOU Angel Kanchev-Varna","o3",90.45,"µg/m³","2026-06-18T18:00:00Z","2026-06-18T21:00:00+03:00","Europe/Sofia",43.22438900023895,27.915733000170828,,,,"Unknown Governmental Organization","EEA"
8843,"AMS SOU Angel Kanchev-Varna","o3",87.56,"µg/m³","2026-06-18T19:00:00Z","2026-06-18T22:00:00+03:00","Europe/Sofia",43.22438900023895,27.915733000170828,,,,"Unknown Governmental Organization","EEA"
8843,"AMS SOU Angel Kanchev-Varna","o3",80.27,"µg/m³","2026-06-18T20:00:00Z","2026-06-18T23:00:00+03:00","Europe/Sofia",43.22438900023895,27.915733000170828,,,,"Unknown Governmental Organization","EEA"
8843,"AMS SOU Angel Kanchev-Varna","o3",48.47,"µg/m³","2026-06-18T21:00:00Z","2026-06-19T00:00:00+03:00","Europe/Sofia",43.22438900023895,27.915733000170828,,,,"Unknown Governmental Organization","EEA"
8843,"AMS SOU Angel Kanchev-Varna","o3",36.19,"µg/m³","2026-06-18T22:00:00Z","2026-06-19T01:00:00+03:00","Europe/Sofia",43.22438900023895,27.915733000170828,,,,"Unknown Governmental Organization","EEA"
8843,"AMS SOU Angel Kanchev-Varna","o3",35.62,"µg/m³","2026-06-18T23:00:00Z","2026-06-19T02:00:00+03:00","Europe/Sofia",43.22438900023895,27.915733000170828,,,,"Unknown Governmental Organization","EEA"
8843,"AMS SOU Angel Kanchev-Varna","o3",23.75,"µg/m³","2026-06-19T00:00:00Z","2026-06-19T03:00:00+03:00","Europe/Sofia",43.22438900023895,27.915733000170828,,,,"Unknown Governmental Organization","EEA"
8843,"AMS SOU Angel Kanchev-Varna","o3",13.91,"µg/m³","2026-06-19T01:00:00Z","2026-06-19T04:00:00+03:00","Europe/Sofia",43.22438900023895,27.915733000170828,,,,"Unknown Governmental Organization","EEA"
8843,"AMS SOU Angel Kanchev-Varna","o3",21.04,"µg/m³","2026-06-19T02:00:00Z","2026-06-19T05:00:00+03:00","Europe/Sofia",43.22438900023895,27.915733000170828,,,,"Unknown Governmental Organization","EEA"
8843,"AMS SOU Angel Kanchev-Varna","o3",21.07,"µg/m³","2026-06-19T03:00:00Z","2026-06-19T06:00:00+03:00","Europe/Sofia",43.22438900023895,27.915733000170828,,,,"Unknown Governmental Organization","EEA"
8843,"AMS SOU Angel Kanchev-Varna","o3",45.72,"µg/m³","2026-06-19T04:00:00Z","2026-06-19T07:00:00+03:00","Europe/Sofia",43.22438900023895,27.915733000170828,,,,"Unknown Governmental Organization","EEA"
8843,"AMS SOU Angel Kanchev-Varna","o3",51.52,"µg/m³","2026-06-19T06:00:00Z","2026-06-19T09:00:00+03:00","Europe/Sofia",43.22438900023895,27.915733000170828,,,,"Unknown Governmental Organization","EEA"
8843,"AMS SOU Angel Kanchev-Varna","o3",53.87,"µg/m³","2026-06-19T07:00:00Z","2026-06-19T10:00:00+03:00","Europe/Sofia",43.22438900023895,27.915733000170828,,,,"Unknown Governmental Organization","EEA"
8843,"AMS SOU Angel Kanchev-Varna","o3",69,"µg/m³","2026-06-19T08:00:00Z","2026-06-19T11:00:00+03:00","Europe/Sofia",43.22438900023895,27.915733000170828,,,,"Unknown Governmental Organization","EEA"
8843,"AMS SOU Angel Kanchev-Varna","o3",79.48,"µg/m³","2026-06-19T09:00:00Z","2026-06-19T12:00:00+03:00","Europe/Sofia",43.22438900023895,27.915733000170828,,,,"Unknown Governmental Organization","EEA"
8843,"AMS SOU Angel Kanchev-Varna","o3",80.65,"µg/m³","2026-06-19T10:00:00Z","2026-06-19T13:00:00+03:00","Europe/Sofia",43.22438900023895,27.915733000170828,,,,"Unknown Governmental Organization","EEA"
8843,"AMS SOU Angel Kanchev-Varna","o3",81.43,"µg/m³","2026-06-19T11:00:00Z","2026-06-19T14:00:00+03:00","Europe/Sofia",43.22438900023895,27.915733000170828,,,,"Unknown Governmental Organization","EEA"
8843,"AMS SOU Angel Kanchev-Varna","o3",79.71,"µg/m³","2026-06-19T12:00:00Z","2026-06-19T15:00:00+03:00","Europe/Sofia",43.22438900023895,27.915733000170828,,,,"Unknown Governmental Organization","EEA"
8843,"AMS SOU Angel Kanchev-Varna","o3",77.56,"µg/m³","2026-06-19T14:00:00Z","2026-06-19T17:00:00+03:00","Europe/Sofia",43.22438900023895,27.915733000170828,,,,"Unknown Governmental Organization","EEA"
8843,"AMS SOU Angel Kanchev-Varna","o3",77.26,"µg/m³","2026-06-19T15:00:00Z","2026-06-19T18:00:00+03:00","Europe/Sofia",43.22438900023895,27.915733000170828,,,,"Unknown Governmental Organization","EEA"
8843,"AMS SOU Angel Kanchev-Varna","o3",79.81,"µg/m³","2026-06-19T16:00:00Z","2026-06-19T19:00:00+03:00","Europe/Sofia",43.22438900023895,27.915733000170828,,,,"Unknown Governmental Organization","EEA"
8843,"AMS SOU Angel Kanchev-Varna","o3",82.84,"µg/m³","2026-06-19T17:00:00Z","2026-06-19T20:00:00+03:00","Europe/Sofia",43.22438900023895,27.915733000170828,,,,"Unknown Governmental Organization","EEA"
8843,"AMS SOU Angel Kanchev-Varna","o3",82.69,"µg/m³","2026-06-19T18:00:00Z","2026-06-19T21:00:00+03:00","Europe/Sofia",43.22438900023895,27.915733000170828,,,,"Unknown Governmental Organization","EEA"
8843,"AMS SOU Angel Kanchev-Varna","o3",80.39,"µg/m³","2026-06-19T19:00:00Z","2026-06-19T22:00:00+03:00","Europe/Sofia",43.22438900023895,27.915733000170828,,,,"Unknown Governmental Organization","EEA"
8843,"AMS SOU Angel Kanchev-Varna","o3",36.63,"µg/m³","2026-06-19T20:00:00Z","2026-06-19T23:00:00+03:00","Europe/Sofia",43.22438900023895,27.915733000170828,,,,"Unknown Governmental Organization","EEA"
8843,"AMS SOU Angel Kanchev-Varna","o3",33.92,"µg/m³","2026-06-19T21:00:00Z","2026-06-20T00:00:00+03:00","Europe/Sofia",43.22438900023895,27.915733000170828,,,,"Unknown Governmental Organization","EEA"
8843,"AMS SOU Angel Kanchev-Varna","o3",38.68,"µg/m³","2026-06-19T22:00:00Z","2026-06-20T01:00:00+03:00","Europe/Sofia",43.22438900023895,27.915733000170828,,,,"Unknown Governmental Organization","EEA"
8843,"AMS SOU Angel Kanchev-Varna","o3",35,"µg/m³","2026-06-19T23:00:00Z","2026-06-20T02:00:00+03:00","Europe/Sofia",43.22438900023895,27.915733000170828,,,,"Unknown Governmental Organization","EEA"
8843,"AMS SOU Angel Kanchev-Varna","o3",21.82,"µg/m³","2026-06-20T00:00:00Z","2026-06-20T03:00:00+03:00","Europe/Sofia",43.22438900023895,27.915733000170828,,,,"Unknown Governmental Organization","EEA"
8843,"AMS SOU Angel Kanchev-Varna","o3",14.74,"µg/m³","2026-06-20T01:00:00Z","2026-06-20T04:00:00+03:00","Europe/Sofia",43.22438900023895,27.915733000170828,,,,"Unknown Governmental Organization","EEA"
8843,"AMS SOU Angel Kanchev-Varna","o3",22.45,"µg/m³","2026-06-20T02:00:00Z","2026-06-20T05:00:00+03:00","Europe/Sofia",43.22438900023895,27.915733000170828,,,,"Unknown Governmental Organization","EEA"
8843,"AMS SOU Angel Kanchev-Varna","o3",38.35,"µg/m³","2026-06-20T03:00:00Z","2026-06-20T06:00:00+03:00","Europe/Sofia",43.22438900023895,27.915733000170828,,,,"Unknown Governmental Organization","EEA"
8843,"AMS SOU Angel Kanchev-Varna","o3",42.91,"µg/m³","2026-06-20T05:00:00Z","2026-06-20T08:00:00+03:00","Europe/Sofia",43.22438900023895,27.915733000170828,,,,"Unknown Governmental Organization","EEA"
8843,"AMS SOU Angel Kanchev-Varna","o3",72.75,"µg/m³","2026-06-20T06:00:00Z","2026-06-20T09:00:00+03:00","Europe/Sofia",43.22438900023895,27.915733000170828,,,,"Unknown Governmental Organization","EEA"
8843,"AMS SOU Angel Kanchev-Varna","o3",73.7,"µg/m³","2026-06-20T07:00:00Z","2026-06-20T10:00:00+03:00","Europe/Sofia",43.22438900023895,27.915733000170828,,,,"Unknown Governmental Organization","EEA"
8843,"AMS SOU Angel Kanchev-Varna","o3",67.24,"µg/m³","2026-06-20T08:00:00Z","2026-06-20T11:00:00+03:00","Europe/Sofia",43.22438900023895,27.915733000170828,,,,"Unknown Governmental Organization","EEA"
8843,"AMS SOU Angel Kanchev-Varna","o3",83.82,"µg/m³","2026-06-20T09:00:00Z","2026-06-20T12:00:00+03:00","Europe/Sofia",43.22438900023895,27.915733000170828,,,,"Unknown Governmental Organization","EEA"
8843,"AMS SOU Angel Kanchev-Varna","o3",90.21,"µg/m³","2026-06-20T10:00:00Z","2026-06-20T13:00:00+03:00","Europe/Sofia",43.22438900023895,27.915733000170828,,,,"Unknown Governmental Organization","EEA"
8843,"AMS SOU Angel Kanchev-Varna","o3",94.88,"µg/m³","2026-06-20T11:00:00Z","2026-06-20T14:00:00+03:00","Europe/Sofia",43.22438900023895,27.915733000170828,,,,"Unknown Governmental Organization","EEA"
8843,"AMS SOU Angel Kanchev-Varna","o3",98.82,"µg/m³","2026-06-20T12:00:00Z","2026-06-20T15:00:00+03:00","Europe/Sofia",43.22438900023895,27.915733000170828,,,,"Unknown Governmental Organization","EEA"
8843,"AMS SOU Angel Kanchev-Varna","o3",96.02,"µg/m³","2026-06-20T13:00:00Z","2026-06-20T16:00:00+03:00","Europe/Sofia",43.22438900023895,27.915733000170828,,,,"Unknown Governmental Organization","EEA"
8843,"AMS SOU Angel Kanchev-Varna","o3",97.08,"µg/m³","2026-06-20T14:00:00Z","2026-06-20T17:00:00+03:00","Europe/Sofia",43.22438900023895,27.915733000170828,,,,"Unknown Governmental Organization","EEA"
8843,"AMS SOU Angel Kanchev-Varna","o3",97.65,"µg/m³","2026-06-20T15:00:00Z","2026-06-20T18:00:00+03:00","Europe/Sofia",43.22438900023895,27.915733000170828,,,,"Unknown Governmental Organization","EEA"
8843,"AMS SOU Angel Kanchev-Varna","o3",100.18,"µg/m³","2026-06-20T16:00:00Z","2026-06-20T19:00:00+03:00","Europe/Sofia",43.22438900023895,27.915733000170828,,,,"Unknown Governmental Organization","EEA"
8843,"AMS SOU Angel Kanchev-Varna","o3",99.1,"µg/m³","2026-06-20T17:00:00Z","2026-06-20T20:00:00+03:00","Europe/Sofia",43.22438900023895,27.915733000170828,,,,"Unknown Governmental Organization","EEA"
8843,"AMS SOU Angel Kanchev-Varna","o3",94.27,"µg/m³","2026-06-20T18:00:00Z","2026-06-20T21:00:00+03:00","Europe/Sofia",43.22438900023895,27.915733000170828,,,,"Unknown Governmental Organization","EEA"
8843,"AMS SOU Angel Kanchev-Varna","o3",67.45,"µg/m³","2026-06-20T19:00:00Z","2026-06-20T22:00:00+03:00","Europe/Sofia",43.22438900023895,27.915733000170828,,,,"Unknown Governmental Organization","EEA"
8843,"AMS SOU Angel Kanchev-Varna","o3",36.82,"µg/m³","2026-06-20T20:00:00Z","2026-06-20T23:00:00+03:00","Europe/Sofia",43.22438900023895,27.915733000170828,,,,"Unknown Governmental Organization","EEA"
8843,"AMS SOU Angel Kanchev-Varna","o3",33,"µg/m³","2026-06-20T21:00:00Z","2026-06-21T00:00:00+03:00","Europe/Sofia",43.22438900023895,27.915733000170828,,,,"Unknown Governmental Organization","EEA"
8843,"AMS SOU Angel Kanchev-Varna","o3",35.34,"µg/m³","2026-06-20T22:00:00Z","2026-06-21T01:00:00+03:00","Europe/Sofia",43.22438900023895,27.915733000170828,,,,"Unknown Governmental Organization","EEA"
8843,"AMS SOU Angel Kanchev-Varna","o3",35.23,"µg/m³","2026-06-20T23:00:00Z","2026-06-21T02:00:00+03:00","Europe/Sofia",43.22438900023895,27.915733000170828,,,,"Unknown Governmental Organization","EEA"
8843,"AMS SOU Angel Kanchev-Varna","o3",20.52,"µg/m³","2026-06-21T00:00:00Z","2026-06-21T03:00:00+03:00","Europe/Sofia",43.22438900023895,27.915733000170828,,,,"Unknown Governmental Organization","EEA"
8843,"AMS SOU Angel Kanchev-Varna","o3",19.12,"µg/m³","2026-06-21T01:00:00Z","2026-06-21T04:00:00+03:00","Europe/Sofia",43.22438900023895,27.915733000170828,,,,"Unknown Governmental Organization","EEA"
8843,"AMS SOU Angel Kanchev-Varna","o3",23.35,"µg/m³","2026-06-21T02:00:00Z","2026-06-21T05:00:00+03:00","Europe/Sofia",43.22438900023895,27.915733000170828,,,,"Unknown Governmental Organization","EEA"
8843,"AMS SOU Angel Kanchev-Varna","o3",16.68,"µg/m³","2026-06-21T03:00:00Z","2026-06-21T06:00:00+03:00","Europe/Sofia",43.22438900023895,27.915733000170828,,,,"Unknown Governmental Organization","EEA"
8843,"AMS SOU Angel Kanchev-Varna","o3",12.9,"µg/m³","2026-06-21T04:00:00Z","2026-06-21T07:00:00+03:00","Europe/Sofia",43.22438900023895,27.915733000170828,,,,"Unknown Governmental Organization","EEA"
8843,"AMS SOU Angel Kanchev-Varna","o3",23.52,"µg/m³","2026-06-21T05:00:00Z","2026-06-21T08:00:00+03:00","Europe/Sofia",43.22438900023895,27.915733000170828,,,,"Unknown Governmental Organization","EEA"
8843,"AMS SOU Angel Kanchev-Varna","o3",22.84,"µg/m³","2026-06-21T06:00:00Z","2026-06-21T09:00:00+03:00","Europe/Sofia",43.22438900023895,27.915733000170828,,,,"Unknown Governmental Organization","EEA"
8843,"AMS SOU Angel Kanchev-Varna","o3",38.62,"µg/m³","2026-06-21T07:00:00Z","2026-06-21T10:00:00+03:00","Europe/Sofia",43.22438900023895,27.915733000170828,,,,"Unknown Governmental Organization","EEA"
8843,"AMS SOU Angel Kanchev-Varna","o3",59.51,"µg/m³","2026-06-21T08:00:00Z","2026-06-21T11:00:00+03:00","Europe/Sofia",43.22438900023895,27.915733000170828,,,,"Unknown Governmental Organization","EEA"
8843,"AMS SOU Angel Kanchev-Varna","o3",76.22,"µg/m³","2026-06-21T09:00:00Z","2026-06-21T12:00:00+03:00","Europe/Sofia",43.22438900023895,27.915733000170828,,,,"Unknown Governmental Organization","EEA"
8843,"AMS SOU Angel Kanchev-Varna","o3",81.38,"µg/m³","2026-06-21T10:00:00Z","2026-06-21T13:00:00+03:00","Europe/Sofia",43.22438900023895,27.915733000170828,,,,"Unknown Governmental Organization","EEA"
8843,"AMS SOU Angel Kanchev-Varna","o3",89.34,"µg/m³","2026-06-21T11:00:00Z","2026-06-21T14:00:00+03:00","Europe/Sofia",43.22438900023895,27.915733000170828,,,,"Unknown Governmental Organization","EEA"
8843,"AMS SOU Angel Kanchev-Varna","o3",97.37,"µg/m³","2026-06-21T12:00:00Z","2026-06-21T15:00:00+03:00","Europe/Sofia",43.22438900023895,27.915733000170828,,,,"Unknown Governmental Organization","EEA"
8843,"AMS SOU Angel Kanchev-Varna","o3",99.98,"µg/m³","2026-06-21T13:00:00Z","2026-06-21T16:00:00+03:00","Europe/Sofia",43.22438900023895,27.915733000170828,,,,"Unknown Governmental Organization","EEA"
8843,"AMS SOU Angel Kanchev-Varna","o3",93.6,"µg/m³","2026-06-21T14:00:00Z","2026-06-21T17:00:00+03:00","Europe/Sofia",43.22438900023895,27.915733000170828,,,,"Unknown Governmental Organization","EEA"
8843,"AMS SOU Angel Kanchev-Varna","o3",54,"µg/m³","2026-06-21T15:00:00Z","2026-06-21T18:00:00+03:00","Europe/Sofia",43.22438900023895,27.915733000170828,,,,"Unknown Governmental Organization","EEA"
8843,"AMS SOU Angel Kanchev-Varna","o3",84.03,"µg/m³","2026-06-21T16:00:00Z","2026-06-21T19:00:00+03:00","Europe/Sofia",43.22438900023895,27.915733000170828,,,,"Unknown Governmental Organization","EEA"
8843,"AMS SOU Angel Kanchev-Varna","o3",95.87,"µg/m³","2026-06-21T17:00:00Z","2026-06-21T20:00:00+03:00","Europe/Sofia",43.22438900023895,27.915733000170828,,,,"Unknown Governmental Organization","EEA"
8843,"AMS SOU Angel Kanchev-Varna","o3",96.27,"µg/m³","2026-06-21T18:00:00Z","2026-06-21T21:00:00+03:00","Europe/Sofia",43.22438900023895,27.915733000170828,,,,"Unknown Governmental Organization","EEA"
8843,"AMS SOU Angel Kanchev-Varna","o3",79.05,"µg/m³","2026-06-21T19:00:00Z","2026-06-21T22:00:00+03:00","Europe/Sofia",43.22438900023895,27.915733000170828,,,,"Unknown Governmental Organization","EEA"
8843,"AMS SOU Angel Kanchev-Varna","o3",44.69,"µg/m³","2026-06-21T20:00:00Z","2026-06-21T23:00:00+03:00","Europe/Sofia",43.22438900023895,27.915733000170828,,,,"Unknown Governmental Organization","EEA"
8843,"AMS SOU Angel Kanchev-Varna","o3",27.9,"µg/m³","2026-06-21T21:00:00Z","2026-06-22T00:00:00+03:00","Europe/Sofia",43.22438900023895,27.915733000170828,,,,"Unknown Governmental Organization","EEA"
8843,"AMS SOU Angel Kanchev-Varna","o3",27.09,"µg/m³","2026-06-21T22:00:00Z","2026-06-22T01:00:00+03:00","Europe/Sofia",43.22438900023895,27.915733000170828,,,,"Unknown Governmental Organization","EEA"
8843,"AMS SOU Angel Kanchev-Varna","o3",40.87,"µg/m³","2026-06-21T23:00:00Z","2026-06-22T02:00:00+03:00","Europe/Sofia",43.22438900023895,27.915733000170828,,,,"Unknown Governmental Organization","EEA"
8843,"AMS SOU Angel Kanchev-Varna","o3",24.68,"µg/m³","2026-06-22T00:00:00Z","2026-06-22T03:00:00+03:00","Europe/Sofia",43.22438900023895,27.915733000170828,,,,"Unknown Governmental Organization","EEA"
8843,"AMS SOU Angel Kanchev-Varna","o3",24.97,"µg/m³","2026-06-22T01:00:00Z","2026-06-22T04:00:00+03:00","Europe/Sofia",43.22438900023895,27.915733000170828,,,,"Unknown Governmental Organization","EEA"
8843,"AMS SOU Angel Kanchev-Varna","o3",16.91,"µg/m³","2026-06-22T02:00:00Z","2026-06-22T05:00:00+03:00","Europe/Sofia",43.22438900023895,27.915733000170828,,,,"Unknown Governmental Organization","EEA"
8843,"AMS SOU Angel Kanchev-Varna","o3",30.78,"µg/m³","2026-06-22T03:00:00Z","2026-06-22T06:00:00+03:00","Europe/Sofia",43.22438900023895,27.915733000170828,,,,"Unknown Governmental Organization","EEA"
8843,"AMS SOU Angel Kanchev-Varna","o3",27.36,"µg/m³","2026-06-22T04:00:00Z","2026-06-22T07:00:00+03:00","Europe/Sofia",43.22438900023895,27.915733000170828,,,,"Unknown Governmental Organization","EEA"
8843,"AMS SOU Angel Kanchev-Varna","o3",25.41,"µg/m³","2026-06-22T05:00:00Z","2026-06-22T08:00:00+03:00","Europe/Sofia",43.22438900023895,27.915733000170828,,,,"Unknown Governmental Organization","EEA"
8843,"AMS SOU Angel Kanchev-Varna","o3",10.95,"µg/m³","2026-06-22T06:00:00Z","2026-06-22T09:00:00+03:00","Europe/Sofia",43.22438900023895,27.915733000170828,,,,"Unknown Governmental Organization","EEA"
8843,"AMS SOU Angel Kanchev-Varna","o3",61.3,"µg/m³","2026-06-22T07:00:00Z","2026-06-22T10:00:00+03:00","Europe/Sofia",43.22438900023895,27.915733000170828,,,,"Unknown Governmental Organization","EEA"
8843,"AMS SOU Angel Kanchev-Varna","o3",72.42,"µg/m³","2026-06-22T09:00:00Z","2026-06-22T12:00:00+03:00","Europe/Sofia",43.22438900023895,27.915733000170828,,,,"Unknown Governmental Organization","EEA"
8843,"AMS SOU Angel Kanchev-Varna","o3",-1,"µg/m³","2026-06-22T10:00:00Z","2026-06-22T13:00:00+03:00","Europe/Sofia",43.22438900023895,27.915733000170828,,,,"Unknown Governmental Organization","EEA"
8843,"AMS SOU Angel Kanchev-Varna","o3",81.71,"µg/m³","2026-06-22T11:00:00Z","2026-06-22T14:00:00+03:00","Europe/Sofia",43.22438900023895,27.915733000170828,,,,"Unknown Governmental Organization","EEA"
8843,"AMS SOU Angel Kanchev-Varna","o3",84.6,"µg/m³","2026-06-22T12:00:00Z","2026-06-22T15:00:00+03:00","Europe/Sofia",43.22438900023895,27.915733000170828,,,,"Unknown Governmental Organization","EEA"
8843,"AMS SOU Angel Kanchev-Varna","o3",78.73,"µg/m³","2026-06-22T13:00:00Z","2026-06-22T16:00:00+03:00","Europe/Sofia",43.22438900023895,27.915733000170828,,,,"Unknown Governmental Organization","EEA"
8843,"AMS SOU Angel Kanchev-Varna","o3",86.22,"µg/m³","2026-06-22T14:00:00Z","2026-06-22T17:00:00+03:00","Europe/Sofia",43.22438900023895,27.915733000170828,,,,"Unknown Governmental Organization","EEA"
8843,"AMS SOU Angel Kanchev-Varna","o3",86.31,"µg/m³","2026-06-22T15:00:00Z","2026-06-22T18:00:00+03:00","Europe/Sofia",43.22438900023895,27.915733000170828,,,,"Unknown Governmental Organization","EEA"
8843,"AMS SOU Angel Kanchev-Varna","o3",82,"µg/m³","2026-06-22T16:00:00Z","2026-06-22T19:00:00+03:00","Europe/Sofia",43.22438900023895,27.915733000170828,,,,"Unknown Governmental Organization","EEA"
8843,"AMS SOU Angel Kanchev-Varna","o3",82.46,"µg/m³","2026-06-22T17:00:00Z","2026-06-22T20:00:00+03:00","Europe/Sofia",43.22438900023895,27.915733000170828,,,,"Unknown Governmental Organization","EEA"
8843,"AMS SOU Angel Kanchev-Varna","o3",88.19,"µg/m³","2026-06-22T18:00:00Z","2026-06-22T21:00:00+03:00","Europe/Sofia",43.22438900023895,27.915733000170828,,,,"Unknown Governmental Organization","EEA"
8843,"AMS SOU Angel Kanchev-Varna","o3",86.18,"µg/m³","2026-06-22T19:00:00Z","2026-06-22T22:00:00+03:00","Europe/Sofia",43.22438900023895,27.915733000170828,,,,"Unknown Governmental Organization","EEA"
8843,"AMS SOU Angel Kanchev-Varna","o3",73.91,"µg/m³","2026-06-22T20:00:00Z","2026-06-22T23:00:00+03:00","Europe/Sofia",43.22438900023895,27.915733000170828,,,,"Unknown Governmental Organization","EEA"
8843,"AMS SOU Angel Kanchev-Varna","o3",41.7,"µg/m³","2026-06-22T21:00:00Z","2026-06-23T00:00:00+03:00","Europe/Sofia",43.22438900023895,27.915733000170828,,,,"Unknown Governmental Organization","EEA"
8843,"AMS SOU Angel Kanchev-Varna","o3",46.68,"µg/m³","2026-06-22T22:00:00Z","2026-06-23T01:00:00+03:00","Europe/Sofia",43.22438900023895,27.915733000170828,,,,"Unknown Governmental Organization","EEA"
8843,"AMS SOU Angel Kanchev-Varna","o3",47.23,"µg/m³","2026-06-22T23:00:00Z","2026-06-23T02:00:00+03:00","Europe/Sofia",43.22438900023895,27.915733000170828,,,,"Unknown Governmental Organization","EEA"
8843,"AMS SOU Angel Kanchev-Varna","o3",45.86,"µg/m³","2026-06-23T00:00:00Z","2026-06-23T03:00:00+03:00","Europe/Sofia",43.22438900023895,27.915733000170828,,,,"Unknown Governmental Organization","EEA"
8843,"AMS SOU Angel Kanchev-Varna","o3",41.07,"µg/m³","2026-06-23T01:00:00Z","2026-06-23T04:00:00+03:00","Europe/Sofia",43.22438900023895,27.915733000170828,,,,"Unknown Governmental Organization","EEA"
8843,"AMS SOU Angel Kanchev-Varna","o3",42.06,"µg/m³","2026-06-23T02:00:00Z","2026-06-23T05:00:00+03:00","Europe/Sofia",43.22438900023895,27.915733000170828,,,,"Unknown Governmental Organization","EEA"
8843,"AMS SOU Angel Kanchev-Varna","o3",22.11,"µg/m³","2026-06-23T03:00:00Z","2026-06-23T06:00:00+03:00","Europe/Sofia",43.22438900023895,27.915733000170828,,,,"Unknown Governmental Organization","EEA"
8843,"AMS SOU Angel Kanchev-Varna","o3",15.72,"µg/m³","2026-06-23T04:00:00Z","2026-06-23T07:00:00+03:00","Europe/Sofia",43.22438900023895,27.915733000170828,,,,"Unknown Governmental Organization","EEA"
8843,"AMS SOU Angel Kanchev-Varna","o3",21.11,"µg/m³","2026-06-23T05:00:00Z","2026-06-23T08:00:00+03:00","Europe/Sofia",43.22438900023895,27.915733000170828,,,,"Unknown Governmental Organization","EEA"
8843,"AMS SOU Angel Kanchev-Varna","o3",10.93,"µg/m³","2026-06-23T06:00:00Z","2026-06-23T09:00:00+03:00","Europe/Sofia",43.22438900023895,27.915733000170828,,,,"Unknown Governmental Organization","EEA"
8843,"AMS SOU Angel Kanchev-Varna","o3",13.34,"µg/m³","2026-06-23T07:00:00Z","2026-06-23T10:00:00+03:00","Europe/Sofia",43.22438900023895,27.915733000170828,,,,"Unknown Governmental Organization","EEA"
8843,"AMS SOU Angel Kanchev-Varna","o3",58.14,"µg/m³","2026-06-23T08:00:00Z","2026-06-23T11:00:00+03:00","Europe/Sofia",43.22438900023895,27.915733000170828,,,,"Unknown Governmental Organization","EEA"
8843,"AMS SOU Angel Kanchev-Varna","o3",79.01,"µg/m³","2026-06-23T10:00:00Z","2026-06-23T13:00:00+03:00","Europe/Sofia",43.22438900023895,27.915733000170828,,,,"Unknown Governmental Organization","EEA"
8843,"AMS SOU Angel Kanchev-Varna","o3",79.56,"µg/m³","2026-06-23T11:00:00Z","2026-06-23T14:00:00+03:00","Europe/Sofia",43.22438900023895,27.915733000170828,,,,"Unknown Governmental Organization","EEA"
8843,"AMS SOU Angel Kanchev-Varna","o3",82.16,"µg/m³","2026-06-23T12:00:00Z","2026-06-23T15:00:00+03:00","Europe/Sofia",43.22438900023895,27.915733000170828,,,,"Unknown Governmental Organization","EEA"
8843,"AMS SOU Angel Kanchev-Varna","o3",80.58,"µg/m³","2026-06-23T13:00:00Z","2026-06-23T16:00:00+03:00","Europe/Sofia",43.22438900023895,27.915733000170828,,,,"Unknown Governmental Organization","EEA"
8843,"AMS SOU Angel Kanchev-Varna","o3",88.04,"µg/m³","2026-06-23T14:00:00Z","2026-06-23T17:00:00+03:00","Europe/Sofia",43.22438900023895,27.915733000170828,,,,"Unknown Governmental Organization","EEA"
8843,"AMS SOU Angel Kanchev-Varna","o3",93.28,"µg/m³","2026-06-23T15:00:00Z","2026-06-23T18:00:00+03:00","Europe/Sofia",43.22438900023895,27.915733000170828,,,,"Unknown Governmental Organization","EEA"
8843,"AMS SOU Angel Kanchev-Varna","o3",86.49,"µg/m³","2026-06-23T16:00:00Z","2026-06-23T19:00:00+03:00","Europe/Sofia",43.22438900023895,27.915733000170828,,,,"Unknown Governmental Organization","EEA"
8843,"AMS SOU Angel Kanchev-Varna","o3",82.39,"µg/m³","2026-06-23T17:00:00Z","2026-06-23T20:00:00+03:00","Europe/Sofia",43.22438900023895,27.915733000170828,,,,"Unknown Governmental Organization","EEA"
8843,"AMS SOU Angel Kanchev-Varna","o3",78.99,"µg/m³","2026-06-23T18:00:00Z","2026-06-23T21:00:00+03:00","Europe/Sofia",43.22438900023895,27.915733000170828,,,,"Unknown Governmental Organization","EEA"
8843,"AMS SOU Angel Kanchev-Varna","o3",67.61,"µg/m³","2026-06-23T19:00:00Z","2026-06-23T22:00:00+03:00","Europe/Sofia",43.22438900023895,27.915733000170828,,,,"Unknown Governmental Organization","EEA"
8843,"AMS SOU Angel Kanchev-Varna","o3",53.58,"µg/m³","2026-06-23T20:00:00Z","2026-06-23T23:00:00+03:00","Europe/Sofia",43.22438900023895,27.915733000170828,,,,"Unknown Governmental Organization","EEA"
8843,"AMS SOU Angel Kanchev-Varna","o3",32.68,"µg/m³","2026-06-23T21:00:00Z","2026-06-24T00:00:00+03:00","Europe/Sofia",43.22438900023895,27.915733000170828,,,,"Unknown Governmental Organization","EEA"
8843,"AMS SOU Angel Kanchev-Varna","o3",33.43,"µg/m³","2026-06-23T22:00:00Z","2026-06-24T01:00:00+03:00","Europe/Sofia",43.22438900023895,27.915733000170828,,,,"Unknown Governmental Organization","EEA"
8843,"AMS SOU Angel Kanchev-Varna","o3",41.7,"µg/m³","2026-06-23T23:00:00Z","2026-06-24T02:00:00+03:00","Europe/Sofia",43.22438900023895,27.915733000170828,,,,"Unknown Governmental Organization","EEA"
8843,"AMS SOU Angel Kanchev-Varna","o3",42.98,"µg/m³","2026-06-24T00:00:00Z","2026-06-24T03:00:00+03:00","Europe/Sofia",43.22438900023895,27.915733000170828,,,,"Unknown Governmental Organization","EEA"
8843,"AMS SOU Angel Kanchev-Varna","o3",45.73,"µg/m³","2026-06-24T01:00:00Z","2026-06-24T04:00:00+03:00","Europe/Sofia",43.22438900023895,27.915733000170828,,,,"Unknown Governmental Organization","EEA"
8843,"AMS SOU Angel Kanchev-Varna","o3",40.82,"µg/m³","2026-06-24T02:00:00Z","2026-06-24T05:00:00+03:00","Europe/Sofia",43.22438900023895,27.915733000170828,,,,"Unknown Governmental Organization","EEA"
8843,"AMS SOU Angel Kanchev-Varna","o3",36.98,"µg/m³","2026-06-24T03:00:00Z","2026-06-24T06:00:00+03:00","Europe/Sofia",43.22438900023895,27.915733000170828,,,,"Unknown Governmental Organization","EEA"
8843,"AMS SOU Angel Kanchev-Varna","o3",29.15,"µg/m³","2026-06-24T04:00:00Z","2026-06-24T07:00:00+03:00","Europe/Sofia",43.22438900023895,27.915733000170828,,,,"Unknown Governmental Organization","EEA"
8843,"AMS SOU Angel Kanchev-Varna","o3",12.23,"µg/m³","2026-06-24T05:00:00Z","2026-06-24T08:00:00+03:00","Europe/Sofia",43.22438900023895,27.915733000170828,,,,"Unknown Governmental Organization","EEA"
8843,"AMS SOU Angel Kanchev-Varna","o3",11.48,"µg/m³","2026-06-24T06:00:00Z","2026-06-24T09:00:00+03:00","Europe/Sofia",43.22438900023895,27.915733000170828,,,,"Unknown Governmental Organization","EEA"
8843,"AMS SOU Angel Kanchev-Varna","o3",15.25,"µg/m³","2026-06-24T07:00:00Z","2026-06-24T10:00:00+03:00","Europe/Sofia",43.22438900023895,27.915733000170828,,,,"Unknown Governmental Organization","EEA"
8843,"AMS SOU Angel Kanchev-Varna","o3",43.91,"µg/m³","2026-06-24T09:00:00Z","2026-06-24T12:00:00+03:00","Europe/Sofia",43.22438900023895,27.915733000170828,,,,"Unknown Governmental Organization","EEA"
8843,"AMS SOU Angel Kanchev-Varna","o3",75.46,"µg/m³","2026-06-24T10:00:00Z","2026-06-24T13:00:00+03:00","Europe/Sofia",43.22438900023895,27.915733000170828,,,,"Unknown Governmental Organization","EEA"
8843,"AMS SOU Angel Kanchev-Varna","o3",83.73,"µg/m³","2026-06-24T11:00:00Z","2026-06-24T14:00:00+03:00","Europe/Sofia",43.22438900023895,27.915733000170828,,,,"Unknown Governmental Organization","EEA"
8843,"AMS SOU Angel Kanchev-Varna","o3",93.89,"µg/m³","2026-06-24T12:00:00Z","2026-06-24T15:00:00+03:00","Europe/Sofia",43.22438900023895,27.915733000170828,,,,"Unknown Governmental Organization","EEA"
8843,"AMS SOU Angel Kanchev-Varna","o3",118.47,"µg/m³","2026-06-24T13:00:00Z","2026-06-24T16:00:00+03:00","Europe/Sofia",43.22438900023895,27.915733000170828,,,,"Unknown Governmental Organization","EEA"
8843,"AMS SOU Angel Kanchev-Varna","o3",121.3,"µg/m³","2026-06-24T14:00:00Z","2026-06-24T17:00:00+03:00","Europe/Sofia",43.22438900023895,27.915733000170828,,,,"Unknown Governmental Organization","EEA"
8843,"AMS SOU Angel Kanchev-Varna","o3",108.99,"µg/m³","2026-06-24T16:00:00Z","2026-06-24T19:00:00+03:00","Europe/Sofia",43.22438900023895,27.915733000170828,,,,"Unknown Governmental Organization","EEA"
8843,"AMS SOU Angel Kanchev-Varna","o3",104.71,"µg/m³","2026-06-24T17:00:00Z","2026-06-24T20:00:00+03:00","Europe/Sofia",43.22438900023895,27.915733000170828,,,,"Unknown Governmental Organization","EEA"
8843,"AMS SOU Angel Kanchev-Varna","o3",98.32,"µg/m³","2026-06-24T18:00:00Z","2026-06-24T21:00:00+03:00","Europe/Sofia",43.22438900023895,27.915733000170828,,,,"Unknown Governmental Organization","EEA"
8843,"AMS SOU Angel Kanchev-Varna","o3",91.11,"µg/m³","2026-06-24T19:00:00Z","2026-06-24T22:00:00+03:00","Europe/Sofia",43.22438900023895,27.915733000170828,,,,"Unknown Governmental Organization","EEA"
8843,"AMS SOU Angel Kanchev-Varna","o3",57.78,"µg/m³","2026-06-24T20:00:00Z","2026-06-24T23:00:00+03:00","Europe/Sofia",43.22438900023895,27.915733000170828,,,,"Unknown Governmental Organization","EEA"
8843,"AMS SOU Angel Kanchev-Varna","o3",48.88,"µg/m³","2026-06-24T21:00:00Z","2026-06-25T00:00:00+03:00","Europe/Sofia",43.22438900023895,27.915733000170828,,,,"Unknown Governmental Organization","EEA"
8843,"AMS SOU Angel Kanchev-Varna","o3",48.11,"µg/m³","2026-06-24T22:00:00Z","2026-06-25T01:00:00+03:00","Europe/Sofia",43.22438900023895,27.915733000170828,,,,"Unknown Governmental Organization","EEA"
8843,"AMS SOU Angel Kanchev-Varna","o3",19.75,"µg/m³","2026-06-24T23:00:00Z","2026-06-25T02:00:00+03:00","Europe/Sofia",43.22438900023895,27.915733000170828,,,,"Unknown Governmental Organization","EEA"
8843,"AMS SOU Angel Kanchev-Varna","o3",31.24,"µg/m³","2026-06-25T00:00:00Z","2026-06-25T03:00:00+03:00","Europe/Sofia",43.22438900023895,27.915733000170828,,,,"Unknown Governmental Organization","EEA"
8843,"AMS SOU Angel Kanchev-Varna","o3",44,"µg/m³","2026-06-25T01:00:00Z","2026-06-25T04:00:00+03:00","Europe/Sofia",43.22438900023895,27.915733000170828,,,,"Unknown Governmental Organization","EEA"
8843,"AMS SOU Angel Kanchev-Varna","o3",42.17,"µg/m³","2026-06-25T02:00:00Z","2026-06-25T05:00:00+03:00","Europe/Sofia",43.22438900023895,27.915733000170828,,,,"Unknown Governmental Organization","EEA"
8843,"AMS SOU Angel Kanchev-Varna","o3",44.63,"µg/m³","2026-06-25T03:00:00Z","2026-06-25T06:00:00+03:00","Europe/Sofia",43.22438900023895,27.915733000170828,,,,"Unknown Governmental Organization","EEA"
8843,"AMS SOU Angel Kanchev-Varna","o3",40.45,"µg/m³","2026-06-25T04:00:00Z","2026-06-25T07:00:00+03:00","Europe/Sofia",43.22438900023895,27.915733000170828,,,,"Unknown Governmental Organization","EEA"
8843,"AMS SOU Angel Kanchev-Varna","o3",65.79,"µg/m³","2026-06-25T05:00:00Z","2026-06-25T08:00:00+03:00","Europe/Sofia",43.22438900023895,27.915733000170828,,,,"Unknown Governmental Organization","EEA"
8843,"AMS SOU Angel Kanchev-Varna","o3",60.11,"µg/m³","2026-06-25T06:00:00Z","2026-06-25T09:00:00+03:00","Europe/Sofia",43.22438900023895,27.915733000170828,,,,"Unknown Governmental Organization","EEA"
8843,"AMS SOU Angel Kanchev-Varna","o3",63.96,"µg/m³","2026-06-25T07:00:00Z","2026-06-25T10:00:00+03:00","Europe/Sofia",43.22438900023895,27.915733000170828,,,,"Unknown Governmental Organization","EEA"
8843,"AMS SOU Angel Kanchev-Varna","o3",68.91,"µg/m³","2026-06-25T08:00:00Z","2026-06-25T11:00:00+03:00","Europe/Sofia",43.22438900023895,27.915733000170828,,,,"Unknown Governmental Organization","EEA"
8843,"AMS SOU Angel Kanchev-Varna","o3",74.42,"µg/m³","2026-06-25T09:00:00Z","2026-06-25T12:00:00+03:00","Europe/Sofia",43.22438900023895,27.915733000170828,,,,"Unknown Governmental Organization","EEA"
8843,"AMS SOU Angel Kanchev-Varna","o3",84.96,"µg/m³","2026-06-25T10:00:00Z","2026-06-25T13:00:00+03:00","Europe/Sofia",43.22438900023895,27.915733000170828,,,,"Unknown Governmental Organization","EEA"
8843,"AMS SOU Angel Kanchev-Varna","o3",81.24,"µg/m³","2026-06-25T11:00:00Z","2026-06-25T14:00:00+03:00","Europe/Sofia",43.22438900023895,27.915733000170828,,,,"Unknown Governmental Organization","EEA"
8843,"AMS SOU Angel Kanchev-Varna","o3",84.22,"µg/m³","2026-06-25T12:00:00Z","2026-06-25T15:00:00+03:00","Europe/Sofia",43.22438900023895,27.915733000170828,,,,"Unknown Governmental Organization","EEA"
8843,"AMS SOU Angel Kanchev-Varna","o3",88.73,"µg/m³","2026-06-25T13:00:00Z","2026-06-25T16:00:00+03:00","Europe/Sofia",43.22438900023895,27.915733000170828,,,,"Unknown Governmental Organization","EEA"
8843,"AMS SOU Angel Kanchev-Varna","o3",90.74,"µg/m³","2026-06-25T14:00:00Z","2026-06-25T17:00:00+03:00","Europe/Sofia",43.22438900023895,27.915733000170828,,,,"Unknown Governmental Organization","EEA"
8843,"AMS SOU Angel Kanchev-Varna","o3",94.66,"µg/m³","2026-06-25T15:00:00Z","2026-06-25T18:00:00+03:00","Europe/Sofia",43.22438900023895,27.915733000170828,,,,"Unknown Governmental Organization","EEA"
8843,"AMS SOU Angel Kanchev-Varna","o3",98.48,"µg/m³","2026-06-25T16:00:00Z","2026-06-25T19:00:00+03:00","Europe/Sofia",43.22438900023895,27.915733000170828,,,,"Unknown Governmental Organization","EEA"
8843,"AMS SOU Angel Kanchev-Varna","o3",94.59,"µg/m³","2026-06-25T17:00:00Z","2026-06-25T20:00:00+03:00","Europe/Sofia",43.22438900023895,27.915733000170828,,,,"Unknown Governmental Organization","EEA"
8843,"AMS SOU Angel Kanchev-Varna","o3",91.33,"µg/m³","2026-06-25T18:00:00Z","2026-06-25T21:00:00+03:00","Europe/Sofia",43.22438900023895,27.915733000170828,,,,"Unknown Governmental Organization","EEA"
8843,"AMS SOU Angel Kanchev-Varna","o3",74.75,"µg/m³","2026-06-25T19:00:00Z","2026-06-25T22:00:00+03:00","Europe/Sofia",43.22438900023895,27.915733000170828,,,,"Unknown Governmental Organization","EEA"
8843,"AMS SOU Angel Kanchev-Varna","o3",48.9,"µg/m³","2026-06-25T20:00:00Z","2026-06-25T23:00:00+03:00","Europe/Sofia",43.22438900023895,27.915733000170828,,,,"Unknown Governmental Organization","EEA"
8843,"AMS SOU Angel Kanchev-Varna","o3",40.45,"µg/m³","2026-06-25T21:00:00Z","2026-06-26T00:00:00+03:00","Europe/Sofia",43.22438900023895,27.915733000170828,,,,"Unknown Governmental Organization","EEA"
8843,"AMS SOU Angel Kanchev-Varna","o3",39.25,"µg/m³","2026-06-25T23:00:00Z","2026-06-26T02:00:00+03:00","Europe/Sofia",43.22438900023895,27.915733000170828,,,,"Unknown Governmental Organization","EEA"
8843,"AMS SOU Angel Kanchev-Varna","o3",39.38,"µg/m³","2026-06-26T00:00:00Z","2026-06-26T03:00:00+03:00","Europe/Sofia",43.22438900023895,27.915733000170828,,,,"Unknown Governmental Organization","EEA"
8843,"AMS SOU Angel Kanchev-Varna","o3",34.54,"µg/m³","2026-06-26T01:00:00Z","2026-06-26T04:00:00+03:00","Europe/Sofia",43.22438900023895,27.915733000170828,,,,"Unknown Governmental Organization","EEA"
8843,"AMS SOU Angel Kanchev-Varna","o3",31.43,"µg/m³","2026-06-26T02:00:00Z","2026-06-26T05:00:00+03:00","Europe/Sofia",43.22438900023895,27.915733000170828,,,,"Unknown Governmental Organization","EEA"
8843,"AMS SOU Angel Kanchev-Varna","o3",33.44,"µg/m³","2026-06-26T03:00:00Z","2026-06-26T06:00:00+03:00","Europe/Sofia",43.22438900023895,27.915733000170828,,,,"Unknown Governmental Organization","EEA"
8843,"AMS SOU Angel Kanchev-Varna","o3",37.18,"µg/m³","2026-06-26T04:00:00Z","2026-06-26T07:00:00+03:00","Europe/Sofia",43.22438900023895,27.915733000170828,,,,"Unknown Governmental Organization","EEA"
8843,"AMS SOU Angel Kanchev-Varna","o3",32.99,"µg/m³","2026-06-26T05:00:00Z","2026-06-26T08:00:00+03:00","Europe/Sofia",43.22438900023895,27.915733000170828,,,,"Unknown Governmental Organization","EEA"
8843,"AMS SOU Angel Kanchev-Varna","o3",20.27,"µg/m³","2026-06-26T06:00:00Z","2026-06-26T09:00:00+03:00","Europe/Sofia",43.22438900023895,27.915733000170828,,,,"Unknown Governmental Organization","EEA"
8843,"AMS SOU Angel Kanchev-Varna","o3",97.87,"µg/m³","2026-06-26T09:00:00Z","2026-06-26T12:00:00+03:00","Europe/Sofia",43.22438900023895,27.915733000170828,,,,"Unknown Governmental Organization","EEA"
8843,"AMS SOU Angel Kanchev-Varna","o3",100.24,"µg/m³","2026-06-26T10:00:00Z","2026-06-26T13:00:00+03:00","Europe/Sofia",43.22438900023895,27.915733000170828,,,,"Unknown Governmental Organization","EEA"
8843,"AMS SOU Angel Kanchev-Varna","o3",97.04,"µg/m³","2026-06-26T11:00:00Z","2026-06-26T14:00:00+03:00","Europe/Sofia",43.22438900023895,27.915733000170828,,,,"Unknown Governmental Organization","EEA"
8843,"AMS SOU Angel Kanchev-Varna","o3",97.84,"µg/m³","2026-06-26T12:00:00Z","2026-06-26T15:00:00+03:00","Europe/Sofia",43.22438900023895,27.915733000170828,,,,"Unknown Governmental Organization","EEA"
8843,"AMS SOU Angel Kanchev-Varna","o3",97.06,"µg/m³","2026-06-26T13:00:00Z","2026-06-26T16:00:00+03:00","Europe/Sofia",43.22438900023895,27.915733000170828,,,,"Unknown Governmental Organization","EEA"
8843,"AMS SOU Angel Kanchev-Varna","o3",89.17,"µg/m³","2026-06-26T14:00:00Z","2026-06-26T17:00:00+03:00","Europe/Sofia",43.22438900023895,27.915733000170828,,,,"Unknown Governmental Organization","EEA"
8843,"AMS SOU Angel Kanchev-Varna","o3",91.01,"µg/m³","2026-06-26T15:00:00Z","2026-06-26T18:00:00+03:00","Europe/Sofia",43.22438900023895,27.915733000170828,,,,"Unknown Governmental Organization","EEA"
8843,"AMS SOU Angel Kanchev-Varna","o3",95.35,"µg/m³","2026-06-26T16:00:00Z","2026-06-26T19:00:00+03:00","Europe/Sofia",43.22438900023895,27.915733000170828,,,,"Unknown Governmental Organization","EEA"
8843,"AMS SOU Angel Kanchev-Varna","o3",93.59,"µg/m³","2026-06-26T17:00:00Z","2026-06-26T20:00:00+03:00","Europe/Sofia",43.22438900023895,27.915733000170828,,,,"Unknown Governmental Organization","EEA"
8843,"AMS SOU Angel Kanchev-Varna","o3",90.41,"µg/m³","2026-06-26T18:00:00Z","2026-06-26T21:00:00+03:00","Europe/Sofia",43.22438900023895,27.915733000170828,,,,"Unknown Governmental Organization","EEA"
8843,"AMS SOU Angel Kanchev-Varna","o3",87.2,"µg/m³","2026-06-26T19:00:00Z","2026-06-26T22:00:00+03:00","Europe/Sofia",43.22438900023895,27.915733000170828,,,,"Unknown Governmental Organization","EEA"
8843,"AMS SOU Angel Kanchev-Varna","o3",36.51,"µg/m³","2026-06-26T20:00:00Z","2026-06-26T23:00:00+03:00","Europe/Sofia",43.22438900023895,27.915733000170828,,,,"Unknown Governmental Organization","EEA"
8843,"AMS SOU Angel Kanchev-Varna","o3",40.88,"µg/m³","2026-06-26T21:00:00Z","2026-06-27T00:00:00+03:00","Europe/Sofia",43.22438900023895,27.915733000170828,,,,"Unknown Governmental Organization","EEA"
8843,"AMS SOU Angel Kanchev-Varna","o3",40.89,"µg/m³","2026-06-26T22:00:00Z","2026-06-27T01:00:00+03:00","Europe/Sofia",43.22438900023895,27.915733000170828,,,,"Unknown Governmental Organization","EEA"
8843,"AMS SOU Angel Kanchev-Varna","o3",37.9,"µg/m³","2026-06-26T23:00:00Z","2026-06-27T02:00:00+03:00","Europe/Sofia",43.22438900023895,27.915733000170828,,,,"Unknown Governmental Organization","EEA"
8843,"AMS SOU Angel Kanchev-Varna","o3",37.93,"µg/m³","2026-06-27T00:00:00Z","2026-06-27T03:00:00+03:00","Europe/Sofia",43.22438900023895,27.915733000170828,,,,"Unknown Governmental Organization","EEA"
8843,"AMS SOU Angel Kanchev-Varna","o3",7.27,"µg/m³","2026-06-27T01:00:00Z","2026-06-27T04:00:00+03:00","Europe/Sofia",43.22438900023895,27.915733000170828,,,,"Unknown Governmental Organization","EEA"
8843,"AMS SOU Angel Kanchev-Varna","o3",28.72,"µg/m³","2026-06-27T02:00:00Z","2026-06-27T05:00:00+03:00","Europe/Sofia",43.22438900023895,27.915733000170828,,,,"Unknown Governmental Organization","EEA"
8843,"AMS SOU Angel Kanchev-Varna","o3",30.19,"µg/m³","2026-06-27T03:00:00Z","2026-06-27T06:00:00+03:00","Europe/Sofia",43.22438900023895,27.915733000170828,,,,"Unknown Governmental Organization","EEA"
8843,"AMS SOU Angel Kanchev-Varna","o3",29.08,"µg/m³","2026-06-27T04:00:00Z","2026-06-27T07:00:00+03:00","Europe/Sofia",43.22438900023895,27.915733000170828,,,,"Unknown Governmental Organization","EEA"
8843,"AMS SOU Angel Kanchev-Varna","o3",57.22,"µg/m³","2026-06-27T05:00:00Z","2026-06-27T08:00:00+03:00","Europe/Sofia",43.22438900023895,27.915733000170828,,,,"Unknown Governmental Organization","EEA"
8843,"AMS SOU Angel Kanchev-Varna","o3",62.17,"µg/m³","2026-06-27T06:00:00Z","2026-06-27T09:00:00+03:00","Europe/Sofia",43.22438900023895,27.915733000170828,,,,"Unknown Governmental Organization","EEA"
8843,"AMS SOU Angel Kanchev-Varna","o3",72.86,"µg/m³","2026-06-27T07:00:00Z","2026-06-27T10:00:00+03:00","Europe/Sofia",43.22438900023895,27.915733000170828,,,,"Unknown Governmental Organization","EEA"
8843,"AMS SOU Angel Kanchev-Varna","o3",76.12,"µg/m³","2026-06-27T08:00:00Z","2026-06-27T11:00:00+03:00","Europe/Sofia",43.22438900023895,27.915733000170828,,,,"Unknown Governmental Organization","EEA"
8843,"AMS SOU Angel Kanchev-Varna","o3",88.96,"µg/m³","2026-06-27T09:00:00Z","2026-06-27T12:00:00+03:00","Europe/Sofia",43.22438900023895,27.915733000170828,,,,"Unknown Governmental Organization","EEA"
8843,"AMS SOU Angel Kanchev-Varna","o3",101.18,"µg/m³","2026-06-27T10:00:00Z","2026-06-27T13:00:00+03:00","Europe/Sofia",43.22438900023895,27.915733000170828,,,,"Unknown Governmental Organization","EEA"
8843,"AMS SOU Angel Kanchev-Varna","o3",99.32,"µg/m³","2026-06-27T11:00:00Z","2026-06-27T14:00:00+03:00","Europe/Sofia",43.22438900023895,27.915733000170828,,,,"Unknown Governmental Organization","EEA"
8843,"AMS SOU Angel Kanchev-Varna","o3",96.76,"µg/m³","2026-06-27T12:00:00Z","2026-06-27T15:00:00+03:00","Europe/Sofia",43.22438900023895,27.915733000170828,,,,"Unknown Governmental Organization","EEA"
8843,"AMS SOU Angel Kanchev-Varna","o3",90.46,"µg/m³","2026-06-27T13:00:00Z","2026-06-27T16:00:00+03:00","Europe/Sofia",43.22438900023895,27.915733000170828,,,,"Unknown Governmental Organization","EEA"
8843,"AMS SOU Angel Kanchev-Varna","o3",85.2,"µg/m³","2026-06-27T14:00:00Z","2026-06-27T17:00:00+03:00","Europe/Sofia",43.22438900023895,27.915733000170828,,,,"Unknown Governmental Organization","EEA"
8843,"AMS SOU Angel Kanchev-Varna","o3",86.61,"µg/m³","2026-06-27T15:00:00Z","2026-06-27T18:00:00+03:00","Europe/Sofia",43.22438900023895,27.915733000170828,,,,"Unknown Governmental Organization","EEA"
8843,"AMS SOU Angel Kanchev-Varna","o3",82.77,"µg/m³","2026-06-27T16:00:00Z","2026-06-27T19:00:00+03:00","Europe/Sofia",43.22438900023895,27.915733000170828,,,,"Unknown Governmental Organization","EEA"
8843,"AMS SOU Angel Kanchev-Varna","o3",84.44,"µg/m³","2026-06-27T17:00:00Z","2026-06-27T20:00:00+03:00","Europe/Sofia",43.22438900023895,27.915733000170828,,,,"Unknown Governmental Organization","EEA"
8843,"AMS SOU Angel Kanchev-Varna","o3",87.29,"µg/m³","2026-06-27T18:00:00Z","2026-06-27T21:00:00+03:00","Europe/Sofia",43.22438900023895,27.915733000170828,,,,"Unknown Governmental Organization","EEA"
8843,"AMS SOU Angel Kanchev-Varna","o3",87.16,"µg/m³","2026-06-27T19:00:00Z","2026-06-27T22:00:00+03:00","Europe/Sofia",43.22438900023895,27.915733000170828,,,,"Unknown Governmental Organization","EEA"
8843,"AMS SOU Angel Kanchev-Varna","o3",77.64,"µg/m³","2026-06-27T20:00:00Z","2026-06-27T23:00:00+03:00","Europe/Sofia",43.22438900023895,27.915733000170828,,,,"Unknown Governmental Organization","EEA"
8843,"AMS SOU Angel Kanchev-Varna","o3",66.98,"µg/m³","2026-06-27T21:00:00Z","2026-06-28T00:00:00+03:00","Europe/Sofia",43.22438900023895,27.915733000170828,,,,"Unknown Governmental Organization","EEA"
8843,"AMS SOU Angel Kanchev-Varna","o3",66.85,"µg/m³","2026-06-27T22:00:00Z","2026-06-28T01:00:00+03:00","Europe/Sofia",43.22438900023895,27.915733000170828,,,,"Unknown Governmental Organization","EEA"
8843,"AMS SOU Angel Kanchev-Varna","o3",62.53,"µg/m³","2026-06-27T23:00:00Z","2026-06-28T02:00:00+03:00","Europe/Sofia",43.22438900023895,27.915733000170828,,,,"Unknown Governmental Organization","EEA"
8843,"AMS SOU Angel Kanchev-Varna","o3",53.01,"µg/m³","2026-06-28T00:00:00Z","2026-06-28T03:00:00+03:00","Europe/Sofia",43.22438900023895,27.915733000170828,,,,"Unknown Governmental Organization","EEA"
8843,"AMS SOU Angel Kanchev-Varna","o3",45.7,"µg/m³","2026-06-28T01:00:00Z","2026-06-28T04:00:00+03:00","Europe/Sofia",43.22438900023895,27.915733000170828,,,,"Unknown Governmental Organization","EEA"
8843,"AMS SOU Angel Kanchev-Varna","o3",39.44,"µg/m³","2026-06-28T02:00:00Z","2026-06-28T05:00:00+03:00","Europe/Sofia",43.22438900023895,27.915733000170828,,,,"Unknown Governmental Organization","EEA"
8843,"AMS SOU Angel Kanchev-Varna","o3",39.92,"µg/m³","2026-06-28T03:00:00Z","2026-06-28T06:00:00+03:00","Europe/Sofia",43.22438900023895,27.915733000170828,,,,"Unknown Governmental Organization","EEA"
8843,"AMS SOU Angel Kanchev-Varna","o3",37.34,"µg/m³","2026-06-28T04:00:00Z","2026-06-28T07:00:00+03:00","Europe/Sofia",43.22438900023895,27.915733000170828,,,,"Unknown Governmental Organization","EEA"
8843,"AMS SOU Angel Kanchev-Varna","o3",31.86,"µg/m³","2026-06-28T05:00:00Z","2026-06-28T08:00:00+03:00","Europe/Sofia",43.22438900023895,27.915733000170828,,,,"Unknown Governmental Organization","EEA"
8843,"AMS SOU Angel Kanchev-Varna","o3",48.62,"µg/m³","2026-06-28T06:00:00Z","2026-06-28T09:00:00+03:00","Europe/Sofia",43.22438900023895,27.915733000170828,,,,"Unknown Governmental Organization","EEA"
8843,"AMS SOU Angel Kanchev-Varna","o3",27.87,"µg/m³","2026-06-28T07:00:00Z","2026-06-28T10:00:00+03:00","Europe/Sofia",43.22438900023895,27.915733000170828,,,,"Unknown Governmental Organization","EEA"
8843,"AMS SOU Angel Kanchev-Varna","o3",52.31,"µg/m³","2026-06-28T08:00:00Z","2026-06-28T11:00:00+03:00","Europe/Sofia",43.22438900023895,27.915733000170828,,,,"Unknown Governmental Organization","EEA"
8843,"AMS SOU Angel Kanchev-Varna","o3",81.04,"µg/m³","2026-06-28T09:00:00Z","2026-06-28T12:00:00+03:00","Europe/Sofia",43.22438900023895,27.915733000170828,,,,"Unknown Governmental Organization","EEA"
8843,"AMS SOU Angel Kanchev-Varna","o3",91.7,"µg/m³","2026-06-28T10:00:00Z","2026-06-28T13:00:00+03:00","Europe/Sofia",43.22438900023895,27.915733000170828,,,,"Unknown Governmental Organization","EEA"
8843,"AMS SOU Angel Kanchev-Varna","o3",-1,"µg/m³","2026-06-28T12:00:00Z","2026-06-28T15:00:00+03:00","Europe/Sofia",43.22438900023895,27.915733000170828,,,,"Unknown Governmental Organization","EEA"
8843,"AMS SOU Angel Kanchev-Varna","o3",96.02,"µg/m³","2026-06-28T13:00:00Z","2026-06-28T16:00:00+03:00","Europe/Sofia",43.22438900023895,27.915733000170828,,,,"Unknown Governmental Organization","EEA"
8843,"AMS SOU Angel Kanchev-Varna","o3",-1,"µg/m³","2026-06-28T14:00:00Z","2026-06-28T17:00:00+03:00","Europe/Sofia",43.22438900023895,27.915733000170828,,,,"Unknown Governmental Organization","EEA"
8843,"AMS SOU Angel Kanchev-Varna","o3",-1,"µg/m³","2026-06-28T15:00:00Z","2026-06-28T18:00:00+03:00","Europe/Sofia",43.22438900023895,27.915733000170828,,,,"Unknown Governmental Organization","EEA"
8843,"AMS SOU Angel Kanchev-Varna","o3",-1,"µg/m³","2026-06-28T16:00:00Z","2026-06-28T19:00:00+03:00","Europe/Sofia",43.22438900023895,27.915733000170828,,,,"Unknown Governmental Organization","EEA"
8843,"AMS SOU Angel Kanchev-Varna","o3",89.58,"µg/m³","2026-06-28T17:00:00Z","2026-06-28T20:00:00+03:00","Europe/Sofia",43.22438900023895,27.915733000170828,,,,"Unknown Governmental Organization","EEA"
8843,"AMS SOU Angel Kanchev-Varna","o3",81.65,"µg/m³","2026-06-28T18:00:00Z","2026-06-28T21:00:00+03:00","Europe/Sofia",43.22438900023895,27.915733000170828,,,,"Unknown Governmental Organization","EEA"
8843,"AMS SOU Angel Kanchev-Varna","o3",57.61,"µg/m³","2026-06-28T19:00:00Z","2026-06-28T22:00:00+03:00","Europe/Sofia",43.22438900023895,27.915733000170828,,,,"Unknown Governmental Organization","EEA"
8843,"AMS SOU Angel Kanchev-Varna","o3",18.58,"µg/m³","2026-06-28T20:00:00Z","2026-06-28T23:00:00+03:00","Europe/Sofia",43.22438900023895,27.915733000170828,,,,"Unknown Governmental Organization","EEA"
8843,"AMS SOU Angel Kanchev-Varna","o3",7.7,"µg/m³","2026-06-28T21:00:00Z","2026-06-29T00:00:00+03:00","Europe/Sofia",43.22438900023895,27.915733000170828,,,,"Unknown Governmental Organization","EEA"
8843,"AMS SOU Angel Kanchev-Varna","o3",11.73,"µg/m³","2026-06-28T22:00:00Z","2026-06-29T01:00:00+03:00","Europe/Sofia",43.22438900023895,27.915733000170828,,,,"Unknown Governmental Organization","EEA"
8843,"AMS SOU Angel Kanchev-Varna","o3",6.45,"µg/m³","2026-06-28T23:00:00Z","2026-06-29T02:00:00+03:00","Europe/Sofia",43.22438900023895,27.915733000170828,,,,"Unknown Governmental Organization","EEA"
8843,"AMS SOU Angel Kanchev-Varna","o3",11.81,"µg/m³","2026-06-29T00:00:00Z","2026-06-29T03:00:00+03:00","Europe/Sofia",43.22438900023895,27.915733000170828,,,,"Unknown Governmental Organization","EEA"
8843,"AMS SOU Angel Kanchev-Varna","o3",12.63,"µg/m³","2026-06-29T01:00:00Z","2026-06-29T04:00:00+03:00","Europe/Sofia",43.22438900023895,27.915733000170828,,,,"Unknown Governmental Organization","EEA"
8843,"AMS SOU Angel Kanchev-Varna","o3",23.61,"µg/m³","2026-06-29T02:00:00Z","2026-06-29T05:00:00+03:00","Europe/Sofia",43.22438900023895,27.915733000170828,,,,"Unknown Governmental Organization","EEA"
8843,"AMS SOU Angel Kanchev-Varna","o3",37.82,"µg/m³","2026-06-29T04:00:00Z","2026-06-29T07:00:00+03:00","Europe/Sofia",43.22438900023895,27.915733000170828,,,,"Unknown Governmental Organization","EEA"
8843,"AMS SOU Angel Kanchev-Varna","o3",29.91,"µg/m³","2026-06-29T05:00:00Z","2026-06-29T08:00:00+03:00","Europe/Sofia",43.22438900023895,27.915733000170828,,,,"Unknown Governmental Organization","EEA"
8843,"AMS SOU Angel Kanchev-Varna","o3",21.65,"µg/m³","2026-06-29T06:00:00Z","2026-06-29T09:00:00+03:00","Europe/Sofia",43.22438900023895,27.915733000170828,,,,"Unknown Governmental Organization","EEA"
8843,"AMS SOU Angel Kanchev-Varna","o3",26.02,"µg/m³","2026-06-29T07:00:00Z","2026-06-29T10:00:00+03:00","Europe/Sofia",43.22438900023895,27.915733000170828,,,,"Unknown Governmental Organization","EEA"
8843,"AMS SOU Angel Kanchev-Varna","o3",-1,"µg/m³","2026-06-29T08:00:00Z","2026-06-29T11:00:00+03:00","Europe/Sofia",43.22438900023895,27.915733000170828,,,,"Unknown Governmental Organization","EEA"
8843,"AMS SOU Angel Kanchev-Varna","o3",-1,"µg/m³","2026-06-29T12:00:00Z","2026-06-29T15:00:00+03:00","Europe/Sofia",43.22438900023895,27.915733000170828,,,,"Unknown Governmental Organization","EEA"
8843,"AMS SOU Angel Kanchev-Varna","o3",-1,"µg/m³","2026-06-29T13:00:00Z","2026-06-29T16:00:00+03:00","Europe/Sofia",43.22438900023895,27.915733000170828,,,,"Unknown Governmental Organization","EEA"
8843,"AMS SOU Angel Kanchev-Varna","o3",-1,"µg/m³","2026-06-29T14:00:00Z","2026-06-29T17:00:00+03:00","Europe/Sofia",43.22438900023895,27.915733000170828,,,,"Unknown Governmental Organization","EEA"
8843,"AMS SOU Angel Kanchev-Varna","o3",98.99,"µg/m³","2026-06-29T15:00:00Z","2026-06-29T18:00:00+03:00","Europe/Sofia",43.22438900023895,27.915733000170828,,,,"Unknown Governmental Organization","EEA"
8843,"AMS SOU Angel Kanchev-Varna","o3",98.06,"µg/m³","2026-06-29T16:00:00Z","2026-06-29T19:00:00+03:00","Europe/Sofia",43.22438900023895,27.915733000170828,,,,"Unknown Governmental Organization","EEA"
8843,"AMS SOU Angel Kanchev-Varna","o3",94.82,"µg/m³","2026-06-29T17:00:00Z","2026-06-29T20:00:00+03:00","Europe/Sofia",43.22438900023895,27.915733000170828,,,,"Unknown Governmental Organization","EEA"
8843,"AMS SOU Angel Kanchev-Varna","o3",94.01,"µg/m³","2026-06-29T18:00:00Z","2026-06-29T21:00:00+03:00","Europe/Sofia",43.22438900023895,27.915733000170828,,,,"Unknown Governmental Organization","EEA"
8843,"AMS SOU Angel Kanchev-Varna","o3",86.25,"µg/m³","2026-06-29T19:00:00Z","2026-06-29T22:00:00+03:00","Europe/Sofia",43.22438900023895,27.915733000170828,,,,"Unknown Governmental Organization","EEA"
8843,"AMS SOU Angel Kanchev-Varna","o3",67.82,"µg/m³","2026-06-29T20:00:00Z","2026-06-29T23:00:00+03:00","Europe/Sofia",43.22438900023895,27.915733000170828,,,,"Unknown Governmental Organization","EEA"
8843,"AMS SOU Angel Kanchev-Varna","o3",41.48,"µg/m³","2026-06-29T21:00:00Z","2026-06-30T00:00:00+03:00","Europe/Sofia",43.22438900023895,27.915733000170828,,,,"Unknown Governmental Organization","EEA"
8843,"AMS SOU Angel Kanchev-Varna","o3",40.77,"µg/m³","2026-06-29T22:00:00Z","2026-06-30T01:00:00+03:00","Europe/Sofia",43.22438900023895,27.915733000170828,,,,"Unknown Governmental Organization","EEA"
8843,"AMS SOU Angel Kanchev-Varna","o3",50.86,"µg/m³","2026-06-29T23:00:00Z","2026-06-30T02:00:00+03:00","Europe/Sofia",43.22438900023895,27.915733000170828,,,,"Unknown Governmental Organization","EEA"
8843,"AMS SOU Angel Kanchev-Varna","o3",53.56,"µg/m³","2026-06-30T00:00:00Z","2026-06-30T03:00:00+03:00","Europe/Sofia",43.22438900023895,27.915733000170828,,,,"Unknown Governmental Organization","EEA"
8843,"AMS SOU Angel Kanchev-Varna","o3",48.29,"µg/m³","2026-06-30T01:00:00Z","2026-06-30T04:00:00+03:00","Europe/Sofia",43.22438900023895,27.915733000170828,,,,"Unknown Governmental Organization","EEA"
8843,"AMS SOU Angel Kanchev-Varna","o3",45.6,"µg/m³","2026-06-30T02:00:00Z","2026-06-30T05:00:00+03:00","Europe/Sofia",43.22438900023895,27.915733000170828,,,,"Unknown Governmental Organization","EEA"
8843,"AMS SOU Angel Kanchev-Varna","o3",18.53,"µg/m³","2026-06-30T03:00:00Z","2026-06-30T06:00:00+03:00","Europe/Sofia",43.22438900023895,27.915733000170828,,,,"Unknown Governmental Organization","EEA"
8843,"AMS SOU Angel Kanchev-Varna","o3",20.03,"µg/m³","2026-06-30T04:00:00Z","2026-06-30T07:00:00+03:00","Europe/Sofia",43.22438900023895,27.915733000170828,,,,"Unknown Governmental Organization","EEA"
8843,"AMS SOU Angel Kanchev-Varna","o3",12.62,"µg/m³","2026-06-30T05:00:00Z","2026-06-30T08:00:00+03:00","Europe/Sofia",43.22438900023895,27.915733000170828,,,,"Unknown Governmental Organization","EEA"
8843,"AMS SOU Angel Kanchev-Varna","o3",54.58,"µg/m³","2026-06-30T06:00:00Z","2026-06-30T09:00:00+03:00","Europe/Sofia",43.22438900023895,27.915733000170828,,,,"Unknown Governmental Organization","EEA"
8843,"AMS SOU Angel Kanchev-Varna","o3",70.59,"µg/m³","2026-06-30T07:00:00Z","2026-06-30T10:00:00+03:00","Europe/Sofia",43.22438900023895,27.915733000170828,,,,"Unknown Governmental Organization","EEA"
8843,"AMS SOU Angel Kanchev-Varna","o3",78.62,"µg/m³","2026-06-30T08:00:00Z","2026-06-30T11:00:00+03:00","Europe/Sofia",43.22438900023895,27.915733000170828,,,,"Unknown Governmental Organization","EEA"
8843,"AMS SOU Angel Kanchev-Varna","o3",88.23,"µg/m³","2026-06-30T09:00:00Z","2026-06-30T12:00:00+03:00","Europe/Sofia",43.22438900023895,27.915733000170828,,,,"Unknown Governmental Organization","EEA"
8843,"AMS SOU Angel Kanchev-Varna","o3",89.77,"µg/m³","2026-06-30T10:00:00Z","2026-06-30T13:00:00+03:00","Europe/Sofia",43.22438900023895,27.915733000170828,,,,"Unknown Governmental Organization","EEA"
8843,"AMS SOU Angel Kanchev-Varna","o3",91.74,"µg/m³","2026-06-30T11:00:00Z","2026-06-30T14:00:00+03:00","Europe/Sofia",43.22438900023895,27.915733000170828,,,,"Unknown Governmental Organization","EEA"
8843,"AMS SOU Angel Kanchev-Varna","o3",93.16,"µg/m³","2026-06-30T12:00:00Z","2026-06-30T15:00:00+03:00","Europe/Sofia",43.22438900023895,27.915733000170828,,,,"Unknown Governmental Organization","EEA"
8843,"AMS SOU Angel Kanchev-Varna","o3",94.19,"µg/m³","2026-06-30T13:00:00Z","2026-06-30T16:00:00+03:00","Europe/Sofia",43.22438900023895,27.915733000170828,,,,"Unknown Governmental Organization","EEA"
8843,"AMS SOU Angel Kanchev-Varna","o3",90.53,"µg/m³","2026-06-30T14:00:00Z","2026-06-30T17:00:00+03:00","Europe/Sofia",43.22438900023895,27.915733000170828,,,,"Unknown Governmental Organization","EEA"
8843,"AMS SOU Angel Kanchev-Varna","o3",95.69,"µg/m³","2026-06-30T15:00:00Z","2026-06-30T18:00:00+03:00","Europe/Sofia",43.22438900023895,27.915733000170828,,,,"Unknown Governmental Organization","EEA"
8843,"AMS SOU Angel Kanchev-Varna","o3",92.14,"µg/m³","2026-06-30T16:00:00Z","2026-06-30T19:00:00+03:00","Europe/Sofia",43.22438900023895,27.915733000170828,,,,"Unknown Governmental Organization","EEA"
8843,"AMS SOU Angel Kanchev-Varna","o3",91.08,"µg/m³","2026-06-30T17:00:00Z","2026-06-30T20:00:00+03:00","Europe/Sofia",43.22438900023895,27.915733000170828,,,,"Unknown Governmental Organization","EEA"
8843,"AMS SOU Angel Kanchev-Varna","o3",87.25,"µg/m³","2026-06-30T18:00:00Z","2026-06-30T21:00:00+03:00","Europe/Sofia",43.22438900023895,27.915733000170828,,,,"Unknown Governmental Organization","EEA"
8843,"AMS SOU Angel Kanchev-Varna","o3",70.42,"µg/m³","2026-06-30T19:00:00Z","2026-06-30T22:00:00+03:00","Europe/Sofia",43.22438900023895,27.915733000170828,,,,"Unknown Governmental Organization","EEA"
8843,"AMS SOU Angel Kanchev-Varna","o3",52.26,"µg/m³","2026-06-30T20:00:00Z","2026-06-30T23:00:00+03:00","Europe/Sofia",43.22438900023895,27.915733000170828,,,,"Unknown Governmental Organization","EEA"
8843,"AMS SOU Angel Kanchev-Varna","o3",57.31,"µg/m³","2026-06-30T21:00:00Z","2026-07-01T00:00:00+03:00","Europe/Sofia",43.22438900023895,27.915733000170828,,,,"Unknown Governmental Organization","EEA"
8843,"AMS SOU Angel Kanchev-Varna","o3",45.95,"µg/m³","2026-06-30T22:00:00Z","2026-07-01T01:00:00+03:00","Europe/Sofia",43.22438900023895,27.915733000170828,,,,"Unknown Governmental Organization","EEA"
8843,"AMS SOU Angel Kanchev-Varna","o3",41.75,"µg/m³","2026-07-01T00:00:00Z","2026-07-01T03:00:00+03:00","Europe/Sofia",43.22438900023895,27.915733000170828,,,,"Unknown Governmental Organization","EEA"
8843,"AMS SOU Angel Kanchev-Varna","o3",26.61,"µg/m³","2026-07-01T01:00:00Z","2026-07-01T04:00:00+03:00","Europe/Sofia",43.22438900023895,27.915733000170828,,,,"Unknown Governmental Organization","EEA"
8843,"AMS SOU Angel Kanchev-Varna","o3",30.31,"µg/m³","2026-07-01T02:00:00Z","2026-07-01T05:00:00+03:00","Europe/Sofia",43.22438900023895,27.915733000170828,,,,"Unknown Governmental Organization","EEA"
8843,"AMS SOU Angel Kanchev-Varna","o3",34.54,"µg/m³","2026-07-01T03:00:00Z","2026-07-01T06:00:00+03:00","Europe/Sofia",43.22438900023895,27.915733000170828,,,,"Unknown Governmental Organization","EEA"
8843,"AMS SOU Angel Kanchev-Varna","o3",51.56,"µg/m³","2026-07-01T04:00:00Z","2026-07-01T07:00:00+03:00","Europe/Sofia",43.22438900023895,27.915733000170828,,,,"Unknown Governmental Organization","EEA"
8843,"AMS SOU Angel Kanchev-Varna","o3",81.44,"µg/m³","2026-07-01T05:00:00Z","2026-07-01T08:00:00+03:00","Europe/Sofia",43.22438900023895,27.915733000170828,,,,"Unknown Governmental Organization","EEA"
8843,"AMS SOU Angel Kanchev-Varna","o3",81.28,"µg/m³","2026-07-01T06:00:00Z","2026-07-01T09:00:00+03:00","Europe/Sofia",43.22438900023895,27.915733000170828,,,,"Unknown Governmental Organization","EEA"
8843,"AMS SOU Angel Kanchev-Varna","o3",79.74,"µg/m³","2026-07-01T07:00:00Z","2026-07-01T10:00:00+03:00","Europe/Sofia",43.22438900023895,27.915733000170828,,,,"Unknown Governmental Organization","EEA"
8843,"AMS SOU Angel Kanchev-Varna","o3",80.29,"µg/m³","2026-07-01T08:00:00Z","2026-07-01T11:00:00+03:00","Europe/Sofia",43.22438900023895,27.915733000170828,,,,"Unknown Governmental Organization","EEA"
8843,"AMS SOU Angel Kanchev-Varna","o3",85.36,"µg/m³","2026-07-01T09:00:00Z","2026-07-01T12:00:00+03:00","Europe/Sofia",43.22438900023895,27.915733000170828,,,,"Unknown Governmental Organization","EEA"
8843,"AMS SOU Angel Kanchev-Varna","o3",114.07,"µg/m³","2026-07-01T10:00:00Z","2026-07-01T13:00:00+03:00","Europe/Sofia",43.22438900023895,27.915733000170828,,,,"Unknown Governmental Organization","EEA"
8843,"AMS SOU Angel Kanchev-Varna","o3",117.72,"µg/m³","2026-07-01T11:00:00Z","2026-07-01T14:00:00+03:00","Europe/Sofia",43.22438900023895,27.915733000170828,,,,"Unknown Governmental Organization","EEA"
8843,"AMS SOU Angel Kanchev-Varna","o3",103.54,"µg/m³","2026-07-01T12:00:00Z","2026-07-01T15:00:00+03:00","Europe/Sofia",43.22438900023895,27.915733000170828,,,,"Unknown Governmental Organization","EEA"
8843,"AMS SOU Angel Kanchev-Varna","o3",103.1,"µg/m³","2026-07-01T13:00:00Z","2026-07-01T16:00:00+03:00","Europe/Sofia",43.22438900023895,27.915733000170828,,,,"Unknown Governmental Organization","EEA"
8843,"AMS SOU Angel Kanchev-Varna","o3",101.29,"µg/m³","2026-07-01T15:00:00Z","2026-07-01T18:00:00+03:00","Europe/Sofia",43.22438900023895,27.915733000170828,,,,"Unknown Governmental Organization","EEA"
8843,"AMS SOU Angel Kanchev-Varna","o3",101.22,"µg/m³","2026-07-01T16:00:00Z","2026-07-01T19:00:00+03:00","Europe/Sofia",43.22438900023895,27.915733000170828,,,,"Unknown Governmental Organization","EEA"
8843,"AMS SOU Angel Kanchev-Varna","o3",94.63,"µg/m³","2026-07-01T17:00:00Z","2026-07-01T20:00:00+03:00","Europe/Sofia",43.22438900023895,27.915733000170828,,,,"Unknown Governmental Organization","EEA"
8843,"AMS SOU Angel Kanchev-Varna","o3",93.93,"µg/m³","2026-07-01T18:00:00Z","2026-07-01T21:00:00+03:00","Europe/Sofia",43.22438900023895,27.915733000170828,,,,"Unknown Governmental Organization","EEA"
8843,"AMS SOU Angel Kanchev-Varna","o3",-1,"µg/m³","2026-07-01T19:00:00Z","2026-07-01T22:00:00+03:00","Europe/Sofia",43.22438900023895,27.915733000170828,,,,"Unknown Governmental Organization","EEA"
8843,"AMS SOU Angel Kanchev-Varna","o3",83.82,"µg/m³","2026-07-01T20:00:00Z","2026-07-01T23:00:00+03:00","Europe/Sofia",43.22438900023895,27.915733000170828,,,,"Unknown Governmental Organization","EEA"
8843,"AMS SOU Angel Kanchev-Varna","o3",53.7,"µg/m³","2026-07-01T21:00:00Z","2026-07-02T00:00:00+03:00","Europe/Sofia",43.22438900023895,27.915733000170828,,,,"Unknown Governmental Organization","EEA"
8843,"AMS SOU Angel Kanchev-Varna","o3",62.73,"µg/m³","2026-07-01T22:00:00Z","2026-07-02T01:00:00+03:00","Europe/Sofia",43.22438900023895,27.915733000170828,,,,"Unknown Governmental Organization","EEA"
8843,"AMS SOU Angel Kanchev-Varna","o3",64.83,"µg/m³","2026-07-01T23:00:00Z","2026-07-02T02:00:00+03:00","Europe/Sofia",43.22438900023895,27.915733000170828,,,,"Unknown Governmental Organization","EEA"
8843,"AMS SOU Angel Kanchev-Varna","o3",62.91,"µg/m³","2026-07-02T00:00:00Z","2026-07-02T03:00:00+03:00","Europe/Sofia",43.22438900023895,27.915733000170828,,,,"Unknown Governmental Organization","EEA"
8843,"AMS SOU Angel Kanchev-Varna","pm10",17.77,"µg/m³","2026-06-01T01:00:00Z","2026-06-01T04:00:00+03:00","Europe/Sofia",43.22438900023895,27.915733000170828,,,,"Unknown Governmental Organization","EEA"
8843,"AMS SOU Angel Kanchev-Varna","pm10",26,"µg/m³","2026-06-01T02:00:00Z","2026-06-01T05:00:00+03:00","Europe/Sofia",43.22438900023895,27.915733000170828,,,,"Unknown Governmental Organization","EEA"
8843,"AMS SOU Angel Kanchev-Varna","pm10",18.75,"µg/m³","2026-06-01T03:00:00Z","2026-06-01T06:00:00+03:00","Europe/Sofia",43.22438900023895,27.915733000170828,,,,"Unknown Governmental Organization","EEA"
8843,"AMS SOU Angel Kanchev-Varna","pm10",15.89,"µg/m³","2026-06-01T04:00:00Z","2026-06-01T07:00:00+03:00","Europe/Sofia",43.22438900023895,27.915733000170828,,,,"Unknown Governmental Organization","EEA"
8843,"AMS SOU Angel Kanchev-Varna","pm10",19.09,"µg/m³","2026-06-01T06:00:00Z","2026-06-01T09:00:00+03:00","Europe/Sofia",43.22438900023895,27.915733000170828,,,,"Unknown Governmental Organization","EEA"
8843,"AMS SOU Angel Kanchev-Varna","pm10",32.53,"µg/m³","2026-06-01T07:00:00Z","2026-06-01T10:00:00+03:00","Europe/Sofia",43.22438900023895,27.915733000170828,,,,"Unknown Governmental Organization","EEA"
8843,"AMS SOU Angel Kanchev-Varna","pm10",39.04,"µg/m³","2026-06-01T08:00:00Z","2026-06-01T11:00:00+03:00","Europe/Sofia",43.22438900023895,27.915733000170828,,,,"Unknown Governmental Organization","EEA"
8843,"AMS SOU Angel Kanchev-Varna","pm10",36.34,"µg/m³","2026-06-01T09:00:00Z","2026-06-01T12:00:00+03:00","Europe/Sofia",43.22438900023895,27.915733000170828,,,,"Unknown Governmental Organization","EEA"
8843,"AMS SOU Angel Kanchev-Varna","pm10",28.03,"µg/m³","2026-06-01T10:00:00Z","2026-06-01T13:00:00+03:00","Europe/Sofia",43.22438900023895,27.915733000170828,,,,"Unknown Governmental Organization","EEA"
8843,"AMS SOU Angel Kanchev-Varna","pm10",20.82,"µg/m³","2026-06-01T11:00:00Z","2026-06-01T14:00:00+03:00","Europe/Sofia",43.22438900023895,27.915733000170828,,,,"Unknown Governmental Organization","EEA"
8843,"AMS SOU Angel Kanchev-Varna","pm10",19.76,"µg/m³","2026-06-01T12:00:00Z","2026-06-01T15:00:00+03:00","Europe/Sofia",43.22438900023895,27.915733000170828,,,,"Unknown Governmental Organization","EEA"
8843,"AMS SOU Angel Kanchev-Varna","pm10",14.66,"µg/m³","2026-06-01T13:00:00Z","2026-06-01T16:00:00+03:00","Europe/Sofia",43.22438900023895,27.915733000170828,,,,"Unknown Governmental Organization","EEA"
8843,"AMS SOU Angel Kanchev-Varna","pm10",13.71,"µg/m³","2026-06-01T14:00:00Z","2026-06-01T17:00:00+03:00","Europe/Sofia",43.22438900023895,27.915733000170828,,,,"Unknown Governmental Organization","EEA"
8843,"AMS SOU Angel Kanchev-Varna","pm10",8.73,"µg/m³","2026-06-01T16:00:00Z","2026-06-01T19:00:00+03:00","Europe/Sofia",43.22438900023895,27.915733000170828,,,,"Unknown Governmental Organization","EEA"
8843,"AMS SOU Angel Kanchev-Varna","pm10",11.06,"µg/m³","2026-06-01T17:00:00Z","2026-06-01T20:00:00+03:00","Europe/Sofia",43.22438900023895,27.915733000170828,,,,"Unknown Governmental Organization","EEA"
8843,"AMS SOU Angel Kanchev-Varna","pm10",12.81,"µg/m³","2026-06-01T18:00:00Z","2026-06-01T21:00:00+03:00","Europe/Sofia",43.22438900023895,27.915733000170828,,,,"Unknown Governmental Organization","EEA"
8843,"AMS SOU Angel Kanchev-Varna","pm10",11.7,"µg/m³","2026-06-01T19:00:00Z","2026-06-01T22:00:00+03:00","Europe/Sofia",43.22438900023895,27.915733000170828,,,,"Unknown Governmental Organization","EEA"
8843,"AMS SOU Angel Kanchev-Varna","pm10",12.52,"µg/m³","2026-06-01T20:00:00Z","2026-06-01T23:00:00+03:00","Europe/Sofia",43.22438900023895,27.915733000170828,,,,"Unknown Governmental Organization","EEA"
8843,"AMS SOU Angel Kanchev-Varna","pm10",18.81,"µg/m³","2026-06-01T21:00:00Z","2026-06-02T00:00:00+03:00","Europe/Sofia",43.22438900023895,27.915733000170828,,,,"Unknown Governmental Organization","EEA"
8843,"AMS SOU Angel Kanchev-Varna","pm10",20.1,"µg/m³","2026-06-01T22:00:00Z","2026-06-02T01:00:00+03:00","Europe/Sofia",43.22438900023895,27.915733000170828,,,,"Unknown Governmental Organization","EEA"
8843,"AMS SOU Angel Kanchev-Varna","pm10",15.08,"µg/m³","2026-06-01T23:00:00Z","2026-06-02T02:00:00+03:00","Europe/Sofia",43.22438900023895,27.915733000170828,,,,"Unknown Governmental Organization","EEA"
8843,"AMS SOU Angel Kanchev-Varna","pm10",14.85,"µg/m³","2026-06-02T00:00:00Z","2026-06-02T03:00:00+03:00","Europe/Sofia",43.22438900023895,27.915733000170828,,,,"Unknown Governmental Organization","EEA"
8843,"AMS SOU Angel Kanchev-Varna","pm10",12.21,"µg/m³","2026-06-02T01:00:00Z","2026-06-02T04:00:00+03:00","Europe/Sofia",43.22438900023895,27.915733000170828,,,,"Unknown Governmental Organization","EEA"
8843,"AMS SOU Angel Kanchev-Varna","pm10",16.57,"µg/m³","2026-06-02T02:00:00Z","2026-06-02T05:00:00+03:00","Europe/Sofia",43.22438900023895,27.915733000170828,,,,"Unknown Governmental Organization","EEA"
8843,"AMS SOU Angel Kanchev-Varna","pm10",13.1,"µg/m³","2026-06-02T03:00:00Z","2026-06-02T06:00:00+03:00","Europe/Sofia",43.22438900023895,27.915733000170828,,,,"Unknown Governmental Organization","EEA"
8843,"AMS SOU Angel Kanchev-Varna","pm10",17.22,"µg/m³","2026-06-02T04:00:00Z","2026-06-02T07:00:00+03:00","Europe/Sofia",43.22438900023895,27.915733000170828,,,,"Unknown Governmental Organization","EEA"
8843,"AMS SOU Angel Kanchev-Varna","pm10",19.07,"µg/m³","2026-06-02T05:00:00Z","2026-06-02T08:00:00+03:00","Europe/Sofia",43.22438900023895,27.915733000170828,,,,"Unknown Governmental Organization","EEA"
8843,"AMS SOU Angel Kanchev-Varna","pm10",15.41,"µg/m³","2026-06-02T06:00:00Z","2026-06-02T09:00:00+03:00","Europe/Sofia",43.22438900023895,27.915733000170828,,,,"Unknown Governmental Organization","EEA"
8843,"AMS SOU Angel Kanchev-Varna","pm10",17.85,"µg/m³","2026-06-02T07:00:00Z","2026-06-02T10:00:00+03:00","Europe/Sofia",43.22438900023895,27.915733000170828,,,,"Unknown Governmental Organization","EEA"
8843,"AMS SOU Angel Kanchev-Varna","pm10",13.66,"µg/m³","2026-06-02T08:00:00Z","2026-06-02T11:00:00+03:00","Europe/Sofia",43.22438900023895,27.915733000170828,,,,"Unknown Governmental Organization","EEA"
8843,"AMS SOU Angel Kanchev-Varna","pm10",16.55,"µg/m³","2026-06-02T09:00:00Z","2026-06-02T12:00:00+03:00","Europe/Sofia",43.22438900023895,27.915733000170828,,,,"Unknown Governmental Organization","EEA"
8843,"AMS SOU Angel Kanchev-Varna","pm10",21.53,"µg/m³","2026-06-02T10:00:00Z","2026-06-02T13:00:00+03:00","Europe/Sofia",43.22438900023895,27.915733000170828,,,,"Unknown Governmental Organization","EEA"
8843,"AMS SOU Angel Kanchev-Varna","pm10",19.4,"µg/m³","2026-06-02T11:00:00Z","2026-06-02T14:00:00+03:00","Europe/Sofia",43.22438900023895,27.915733000170828,,,,"Unknown Governmental Organization","EEA"
8843,"AMS SOU Angel Kanchev-Varna","pm10",14.56,"µg/m³","2026-06-02T12:00:00Z","2026-06-02T15:00:00+03:00","Europe/Sofia",43.22438900023895,27.915733000170828,,,,"Unknown Governmental Organization","EEA"
8843,"AMS SOU Angel Kanchev-Varna","pm10",13.7,"µg/m³","2026-06-02T13:00:00Z","2026-06-02T16:00:00+03:00","Europe/Sofia",43.22438900023895,27.915733000170828,,,,"Unknown Governmental Organization","EEA"
8843,"AMS SOU Angel Kanchev-Varna","pm10",18.86,"µg/m³","2026-06-02T14:00:00Z","2026-06-02T17:00:00+03:00","Europe/Sofia",43.22438900023895,27.915733000170828,,,,"Unknown Governmental Organization","EEA"
8843,"AMS SOU Angel Kanchev-Varna","pm10",18.57,"µg/m³","2026-06-02T15:00:00Z","2026-06-02T18:00:00+03:00","Europe/Sofia",43.22438900023895,27.915733000170828,,,,"Unknown Governmental Organization","EEA"
8843,"AMS SOU Angel Kanchev-Varna","pm10",19.11,"µg/m³","2026-06-02T16:00:00Z","2026-06-02T19:00:00+03:00","Europe/Sofia",43.22438900023895,27.915733000170828,,,,"Unknown Governmental Organization","EEA"
8843,"AMS SOU Angel Kanchev-Varna","pm10",21.92,"µg/m³","2026-06-02T17:00:00Z","2026-06-02T20:00:00+03:00","Europe/Sofia",43.22438900023895,27.915733000170828,,,,"Unknown Governmental Organization","EEA"
8843,"AMS SOU Angel Kanchev-Varna","pm10",17.8,"µg/m³","2026-06-02T18:00:00Z","2026-06-02T21:00:00+03:00","Europe/Sofia",43.22438900023895,27.915733000170828,,,,"Unknown Governmental Organization","EEA"
8843,"AMS SOU Angel Kanchev-Varna","pm10",14.02,"µg/m³","2026-06-02T19:00:00Z","2026-06-02T22:00:00+03:00","Europe/Sofia",43.22438900023895,27.915733000170828,,,,"Unknown Governmental Organization","EEA"
8843,"AMS SOU Angel Kanchev-Varna","pm10",16.16,"µg/m³","2026-06-02T20:00:00Z","2026-06-02T23:00:00+03:00","Europe/Sofia",43.22438900023895,27.915733000170828,,,,"Unknown Governmental Organization","EEA"
8843,"AMS SOU Angel Kanchev-Varna","pm10",14.32,"µg/m³","2026-06-02T21:00:00Z","2026-06-03T00:00:00+03:00","Europe/Sofia",43.22438900023895,27.915733000170828,,,,"Unknown Governmental Organization","EEA"
8843,"AMS SOU Angel Kanchev-Varna","pm10",21.94,"µg/m³","2026-06-02T22:00:00Z","2026-06-03T01:00:00+03:00","Europe/Sofia",43.22438900023895,27.915733000170828,,,,"Unknown Governmental Organization","EEA"
8843,"AMS SOU Angel Kanchev-Varna","pm10",15.79,"µg/m³","2026-06-02T23:00:00Z","2026-06-03T02:00:00+03:00","Europe/Sofia",43.22438900023895,27.915733000170828,,,,"Unknown Governmental Organization","EEA"
8843,"AMS SOU Angel Kanchev-Varna","pm10",13.75,"µg/m³","2026-06-03T00:00:00Z","2026-06-03T03:00:00+03:00","Europe/Sofia",43.22438900023895,27.915733000170828,,,,"Unknown Governmental Organization","EEA"
8843,"AMS SOU Angel Kanchev-Varna","pm10",14.76,"µg/m³","2026-06-03T01:00:00Z","2026-06-03T04:00:00+03:00","Europe/Sofia",43.22438900023895,27.915733000170828,,,,"Unknown Governmental Organization","EEA"
8843,"AMS SOU Angel Kanchev-Varna","pm10",12.4,"µg/m³","2026-06-03T02:00:00Z","2026-06-03T05:00:00+03:00","Europe/Sofia",43.22438900023895,27.915733000170828,,,,"Unknown Governmental Organization","EEA"
8843,"AMS SOU Angel Kanchev-Varna","pm10",19.26,"µg/m³","2026-06-03T03:00:00Z","2026-06-03T06:00:00+03:00","Europe/Sofia",43.22438900023895,27.915733000170828,,,,"Unknown Governmental Organization","EEA"
8843,"AMS SOU Angel Kanchev-Varna","pm10",20.26,"µg/m³","2026-06-03T04:00:00Z","2026-06-03T07:00:00+03:00","Europe/Sofia",43.22438900023895,27.915733000170828,,,,"Unknown Governmental Organization","EEA"
8843,"AMS SOU Angel Kanchev-Varna","pm10",14.31,"µg/m³","2026-06-03T05:00:00Z","2026-06-03T08:00:00+03:00","Europe/Sofia",43.22438900023895,27.915733000170828,,,,"Unknown Governmental Organization","EEA"
8843,"AMS SOU Angel Kanchev-Varna","pm10",24.58,"µg/m³","2026-06-03T07:00:00Z","2026-06-03T10:00:00+03:00","Europe/Sofia",43.22438900023895,27.915733000170828,,,,"Unknown Governmental Organization","EEA"
8843,"AMS SOU Angel Kanchev-Varna","pm10",36.32,"µg/m³","2026-06-03T08:00:00Z","2026-06-03T11:00:00+03:00","Europe/Sofia",43.22438900023895,27.915733000170828,,,,"Unknown Governmental Organization","EEA"
8843,"AMS SOU Angel Kanchev-Varna","pm10",37.66,"µg/m³","2026-06-03T09:00:00Z","2026-06-03T12:00:00+03:00","Europe/Sofia",43.22438900023895,27.915733000170828,,,,"Unknown Governmental Organization","EEA"
8843,"AMS SOU Angel Kanchev-Varna","pm10",39.25,"µg/m³","2026-06-03T10:00:00Z","2026-06-03T13:00:00+03:00","Europe/Sofia",43.22438900023895,27.915733000170828,,,,"Unknown Governmental Organization","EEA"
8843,"AMS SOU Angel Kanchev-Varna","pm10",34.34,"µg/m³","2026-06-03T11:00:00Z","2026-06-03T14:00:00+03:00","Europe/Sofia",43.22438900023895,27.915733000170828,,,,"Unknown Governmental Organization","EEA"
8843,"AMS SOU Angel Kanchev-Varna","pm10",26.41,"µg/m³","2026-06-03T12:00:00Z","2026-06-03T15:00:00+03:00","Europe/Sofia",43.22438900023895,27.915733000170828,,,,"Unknown Governmental Organization","EEA"
8843,"AMS SOU Angel Kanchev-Varna","pm10",27.52,"µg/m³","2026-06-03T13:00:00Z","2026-06-03T16:00:00+03:00","Europe/Sofia",43.22438900023895,27.915733000170828,,,,"Unknown Governmental Organization","EEA"
8843,"AMS SOU Angel Kanchev-Varna","pm10",13.67,"µg/m³","2026-06-03T15:00:00Z","2026-06-03T18:00:00+03:00","Europe/Sofia",43.22438900023895,27.915733000170828,,,,"Unknown Governmental Organization","EEA"
8843,"AMS SOU Angel Kanchev-Varna","pm10",9.67,"µg/m³","2026-06-03T16:00:00Z","2026-06-03T19:00:00+03:00","Europe/Sofia",43.22438900023895,27.915733000170828,,,,"Unknown Governmental Organization","EEA"
8843,"AMS SOU Angel Kanchev-Varna","pm10",7.44,"µg/m³","2026-06-03T17:00:00Z","2026-06-03T20:00:00+03:00","Europe/Sofia",43.22438900023895,27.915733000170828,,,,"Unknown Governmental Organization","EEA"
8843,"AMS SOU Angel Kanchev-Varna","pm10",8.76,"µg/m³","2026-06-03T18:00:00Z","2026-06-03T21:00:00+03:00","Europe/Sofia",43.22438900023895,27.915733000170828,,,,"Unknown Governmental Organization","EEA"
8843,"AMS SOU Angel Kanchev-Varna","pm10",10.59,"µg/m³","2026-06-03T19:00:00Z","2026-06-03T22:00:00+03:00","Europe/Sofia",43.22438900023895,27.915733000170828,,,,"Unknown Governmental Organization","EEA"
8843,"AMS SOU Angel Kanchev-Varna","pm10",18.6,"µg/m³","2026-06-03T21:00:00Z","2026-06-04T00:00:00+03:00","Europe/Sofia",43.22438900023895,27.915733000170828,,,,"Unknown Governmental Organization","EEA"
8843,"AMS SOU Angel Kanchev-Varna","pm10",28.84,"µg/m³","2026-06-03T22:00:00Z","2026-06-04T01:00:00+03:00","Europe/Sofia",43.22438900023895,27.915733000170828,,,,"Unknown Governmental Organization","EEA"
8843,"AMS SOU Angel Kanchev-Varna","pm10",22.44,"µg/m³","2026-06-03T23:00:00Z","2026-06-04T02:00:00+03:00","Europe/Sofia",43.22438900023895,27.915733000170828,,,,"Unknown Governmental Organization","EEA"
8843,"AMS SOU Angel Kanchev-Varna","pm10",17.89,"µg/m³","2026-06-04T00:00:00Z","2026-06-04T03:00:00+03:00","Europe/Sofia",43.22438900023895,27.915733000170828,,,,"Unknown Governmental Organization","EEA"
8843,"AMS SOU Angel Kanchev-Varna","pm10",24.47,"µg/m³","2026-06-04T01:00:00Z","2026-06-04T04:00:00+03:00","Europe/Sofia",43.22438900023895,27.915733000170828,,,,"Unknown Governmental Organization","EEA"
8843,"AMS SOU Angel Kanchev-Varna","pm10",28.25,"µg/m³","2026-06-04T02:00:00Z","2026-06-04T05:00:00+03:00","Europe/Sofia",43.22438900023895,27.915733000170828,,,,"Unknown Governmental Organization","EEA"
8843,"AMS SOU Angel Kanchev-Varna","pm10",20.35,"µg/m³","2026-06-04T03:00:00Z","2026-06-04T06:00:00+03:00","Europe/Sofia",43.22438900023895,27.915733000170828,,,,"Unknown Governmental Organization","EEA"
8843,"AMS SOU Angel Kanchev-Varna","pm10",18.17,"µg/m³","2026-06-04T04:00:00Z","2026-06-04T07:00:00+03:00","Europe/Sofia",43.22438900023895,27.915733000170828,,,,"Unknown Governmental Organization","EEA"
8843,"AMS SOU Angel Kanchev-Varna","pm10",27.2,"µg/m³","2026-06-04T05:00:00Z","2026-06-04T08:00:00+03:00","Europe/Sofia",43.22438900023895,27.915733000170828,,,,"Unknown Governmental Organization","EEA"
8843,"AMS SOU Angel Kanchev-Varna","pm10",34.66,"µg/m³","2026-06-04T06:00:00Z","2026-06-04T09:00:00+03:00","Europe/Sofia",43.22438900023895,27.915733000170828,,,,"Unknown Governmental Organization","EEA"
8843,"AMS SOU Angel Kanchev-Varna","pm10",36.68,"µg/m³","2026-06-04T07:00:00Z","2026-06-04T10:00:00+03:00","Europe/Sofia",43.22438900023895,27.915733000170828,,,,"Unknown Governmental Organization","EEA"
8843,"AMS SOU Angel Kanchev-Varna","pm10",35.49,"µg/m³","2026-06-04T08:00:00Z","2026-06-04T11:00:00+03:00","Europe/Sofia",43.22438900023895,27.915733000170828,,,,"Unknown Governmental Organization","EEA"
8843,"AMS SOU Angel Kanchev-Varna","pm10",28.81,"µg/m³","2026-06-04T09:00:00Z","2026-06-04T12:00:00+03:00","Europe/Sofia",43.22438900023895,27.915733000170828,,,,"Unknown Governmental Organization","EEA"
8843,"AMS SOU Angel Kanchev-Varna","pm10",23.41,"µg/m³","2026-06-04T10:00:00Z","2026-06-04T13:00:00+03:00","Europe/Sofia",43.22438900023895,27.915733000170828,,,,"Unknown Governmental Organization","EEA"
8843,"AMS SOU Angel Kanchev-Varna","pm10",26.09,"µg/m³","2026-06-04T11:00:00Z","2026-06-04T14:00:00+03:00","Europe/Sofia",43.22438900023895,27.915733000170828,,,,"Unknown Governmental Organization","EEA"
8843,"AMS SOU Angel Kanchev-Varna","pm10",23.96,"µg/m³","2026-06-04T13:00:00Z","2026-06-04T16:00:00+03:00","Europe/Sofia",43.22438900023895,27.915733000170828,,,,"Unknown Governmental Organization","EEA"
8843,"AMS SOU Angel Kanchev-Varna","pm10",19.21,"µg/m³","2026-06-04T14:00:00Z","2026-06-04T17:00:00+03:00","Europe/Sofia",43.22438900023895,27.915733000170828,,,,"Unknown Governmental Organization","EEA"
8843,"AMS SOU Angel Kanchev-Varna","pm10",20.22,"µg/m³","2026-06-04T15:00:00Z","2026-06-04T18:00:00+03:00","Europe/Sofia",43.22438900023895,27.915733000170828,,,,"Unknown Governmental Organization","EEA"
8843,"AMS SOU Angel Kanchev-Varna","pm10",20.82,"µg/m³","2026-06-04T16:00:00Z","2026-06-04T19:00:00+03:00","Europe/Sofia",43.22438900023895,27.915733000170828,,,,"Unknown Governmental Organization","EEA"
8843,"AMS SOU Angel Kanchev-Varna","pm10",18.46,"µg/m³","2026-06-04T17:00:00Z","2026-06-04T20:00:00+03:00","Europe/Sofia",43.22438900023895,27.915733000170828,,,,"Unknown Governmental Organization","EEA"
8843,"AMS SOU Angel Kanchev-Varna","pm10",24.36,"µg/m³","2026-06-04T18:00:00Z","2026-06-04T21:00:00+03:00","Europe/Sofia",43.22438900023895,27.915733000170828,,,,"Unknown Governmental Organization","EEA"
8843,"AMS SOU Angel Kanchev-Varna","pm10",17.79,"µg/m³","2026-06-04T19:00:00Z","2026-06-04T22:00:00+03:00","Europe/Sofia",43.22438900023895,27.915733000170828,,,,"Unknown Governmental Organization","EEA"
8843,"AMS SOU Angel Kanchev-Varna","pm10",16.22,"µg/m³","2026-06-04T20:00:00Z","2026-06-04T23:00:00+03:00","Europe/Sofia",43.22438900023895,27.915733000170828,,,,"Unknown Governmental Organization","EEA"
8843,"AMS SOU Angel Kanchev-Varna","pm10",15.82,"µg/m³","2026-06-04T21:00:00Z","2026-06-05T00:00:00+03:00","Europe/Sofia",43.22438900023895,27.915733000170828,,,,"Unknown Governmental Organization","EEA"
8843,"AMS SOU Angel Kanchev-Varna","pm10",14.51,"µg/m³","2026-06-04T22:00:00Z","2026-06-05T01:00:00+03:00","Europe/Sofia",43.22438900023895,27.915733000170828,,,,"Unknown Governmental Organization","EEA"
8843,"AMS SOU Angel Kanchev-Varna","pm10",12.93,"µg/m³","2026-06-04T23:00:00Z","2026-06-05T02:00:00+03:00","Europe/Sofia",43.22438900023895,27.915733000170828,,,,"Unknown Governmental Organization","EEA"
8843,"AMS SOU Angel Kanchev-Varna","pm10",17.87,"µg/m³","2026-06-05T00:00:00Z","2026-06-05T03:00:00+03:00","Europe/Sofia",43.22438900023895,27.915733000170828,,,,"Unknown Governmental Organization","EEA"
8843,"AMS SOU Angel Kanchev-Varna","pm10",16.56,"µg/m³","2026-06-05T02:00:00Z","2026-06-05T05:00:00+03:00","Europe/Sofia",43.22438900023895,27.915733000170828,,,,"Unknown Governmental Organization","EEA"
8843,"AMS SOU Angel Kanchev-Varna","pm10",22.91,"µg/m³","2026-06-05T04:00:00Z","2026-06-05T07:00:00+03:00","Europe/Sofia",43.22438900023895,27.915733000170828,,,,"Unknown Governmental Organization","EEA"
8843,"AMS SOU Angel Kanchev-Varna","pm10",25.41,"µg/m³","2026-06-05T05:00:00Z","2026-06-05T08:00:00+03:00","Europe/Sofia",43.22438900023895,27.915733000170828,,,,"Unknown Governmental Organization","EEA"
8843,"AMS SOU Angel Kanchev-Varna","pm10",20.96,"µg/m³","2026-06-05T06:00:00Z","2026-06-05T09:00:00+03:00","Europe/Sofia",43.22438900023895,27.915733000170828,,,,"Unknown Governmental Organization","EEA"
8843,"AMS SOU Angel Kanchev-Varna","pm10",26.7,"µg/m³","2026-06-05T07:00:00Z","2026-06-05T10:00:00+03:00","Europe/Sofia",43.22438900023895,27.915733000170828,,,,"Unknown Governmental Organization","EEA"
8843,"AMS SOU Angel Kanchev-Varna","pm10",35.74,"µg/m³","2026-06-05T08:00:00Z","2026-06-05T11:00:00+03:00","Europe/Sofia",43.22438900023895,27.915733000170828,,,,"Unknown Governmental Organization","EEA"
8843,"AMS SOU Angel Kanchev-Varna","pm10",28.65,"µg/m³","2026-06-05T09:00:00Z","2026-06-05T12:00:00+03:00","Europe/Sofia",43.22438900023895,27.915733000170828,,,,"Unknown Governmental Organization","EEA"
8843,"AMS SOU Angel Kanchev-Varna","pm10",24.64,"µg/m³","2026-06-05T10:00:00Z","2026-06-05T13:00:00+03:00","Europe/Sofia",43.22438900023895,27.915733000170828,,,,"Unknown Governmental Organization","EEA"
8843,"AMS SOU Angel Kanchev-Varna","pm10",34.06,"µg/m³","2026-06-05T11:00:00Z","2026-06-05T14:00:00+03:00","Europe/Sofia",43.22438900023895,27.915733000170828,,,,"Unknown Governmental Organization","EEA"
8843,"AMS SOU Angel Kanchev-Varna","pm10",16.36,"µg/m³","2026-06-05T14:00:00Z","2026-06-05T17:00:00+03:00","Europe/Sofia",43.22438900023895,27.915733000170828,,,,"Unknown Governmental Organization","EEA"
8843,"AMS SOU Angel Kanchev-Varna","pm10",18.41,"µg/m³","2026-06-05T15:00:00Z","2026-06-05T18:00:00+03:00","Europe/Sofia",43.22438900023895,27.915733000170828,,,,"Unknown Governmental Organization","EEA"
8843,"AMS SOU Angel Kanchev-Varna","pm10",18.65,"µg/m³","2026-06-05T18:00:00Z","2026-06-05T21:00:00+03:00","Europe/Sofia",43.22438900023895,27.915733000170828,,,,"Unknown Governmental Organization","EEA"
8843,"AMS SOU Angel Kanchev-Varna","pm10",17.26,"µg/m³","2026-06-05T19:00:00Z","2026-06-05T22:00:00+03:00","Europe/Sofia",43.22438900023895,27.915733000170828,,,,"Unknown Governmental Organization","EEA"
8843,"AMS SOU Angel Kanchev-Varna","pm10",22.17,"µg/m³","2026-06-05T20:00:00Z","2026-06-05T23:00:00+03:00","Europe/Sofia",43.22438900023895,27.915733000170828,,,,"Unknown Governmental Organization","EEA"
8843,"AMS SOU Angel Kanchev-Varna","pm10",16.02,"µg/m³","2026-06-05T21:00:00Z","2026-06-06T00:00:00+03:00","Europe/Sofia",43.22438900023895,27.915733000170828,,,,"Unknown Governmental Organization","EEA"
8843,"AMS SOU Angel Kanchev-Varna","pm10",13.66,"µg/m³","2026-06-05T22:00:00Z","2026-06-06T01:00:00+03:00","Europe/Sofia",43.22438900023895,27.915733000170828,,,,"Unknown Governmental Organization","EEA"
8843,"AMS SOU Angel Kanchev-Varna","pm10",13.08,"µg/m³","2026-06-05T23:00:00Z","2026-06-06T02:00:00+03:00","Europe/Sofia",43.22438900023895,27.915733000170828,,,,"Unknown Governmental Organization","EEA"
8843,"AMS SOU Angel Kanchev-Varna","pm10",14.88,"µg/m³","2026-06-06T00:00:00Z","2026-06-06T03:00:00+03:00","Europe/Sofia",43.22438900023895,27.915733000170828,,,,"Unknown Governmental Organization","EEA"
8843,"AMS SOU Angel Kanchev-Varna","pm10",16.4,"µg/m³","2026-06-06T01:00:00Z","2026-06-06T04:00:00+03:00","Europe/Sofia",43.22438900023895,27.915733000170828,,,,"Unknown Governmental Organization","EEA"
8843,"AMS SOU Angel Kanchev-Varna","pm10",16.55,"µg/m³","2026-06-06T02:00:00Z","2026-06-06T05:00:00+03:00","Europe/Sofia",43.22438900023895,27.915733000170828,,,,"Unknown Governmental Organization","EEA"
8843,"AMS SOU Angel Kanchev-Varna","pm10",11.14,"µg/m³","2026-06-06T15:00:00Z","2026-06-06T18:00:00+03:00","Europe/Sofia",43.22438900023895,27.915733000170828,,,,"Unknown Governmental Organization","EEA"
8843,"AMS SOU Angel Kanchev-Varna","pm10",15.54,"µg/m³","2026-06-06T16:00:00Z","2026-06-06T19:00:00+03:00","Europe/Sofia",43.22438900023895,27.915733000170828,,,,"Unknown Governmental Organization","EEA"
8843,"AMS SOU Angel Kanchev-Varna","pm10",8.72,"µg/m³","2026-06-06T18:00:00Z","2026-06-06T21:00:00+03:00","Europe/Sofia",43.22438900023895,27.915733000170828,,,,"Unknown Governmental Organization","EEA"
8843,"AMS SOU Angel Kanchev-Varna","pm10",6.13,"µg/m³","2026-06-06T20:00:00Z","2026-06-06T23:00:00+03:00","Europe/Sofia",43.22438900023895,27.915733000170828,,,,"Unknown Governmental Organization","EEA"
8843,"AMS SOU Angel Kanchev-Varna","pm10",18.37,"µg/m³","2026-06-07T03:00:00Z","2026-06-07T06:00:00+03:00","Europe/Sofia",43.22438900023895,27.915733000170828,,,,"Unknown Governmental Organization","EEA"
8843,"AMS SOU Angel Kanchev-Varna","pm10",23.01,"µg/m³","2026-06-07T04:00:00Z","2026-06-07T07:00:00+03:00","Europe/Sofia",43.22438900023895,27.915733000170828,,,,"Unknown Governmental Organization","EEA"
8843,"AMS SOU Angel Kanchev-Varna","pm10",21.14,"µg/m³","2026-06-07T07:00:00Z","2026-06-07T10:00:00+03:00","Europe/Sofia",43.22438900023895,27.915733000170828,,,,"Unknown Governmental Organization","EEA"
8843,"AMS SOU Angel Kanchev-Varna","pm10",25.62,"µg/m³","2026-06-07T09:00:00Z","2026-06-07T12:00:00+03:00","Europe/Sofia",43.22438900023895,27.915733000170828,,,,"Unknown Governmental Organization","EEA"
8843,"AMS SOU Angel Kanchev-Varna","pm10",14.48,"µg/m³","2026-06-07T16:00:00Z","2026-06-07T19:00:00+03:00","Europe/Sofia",43.22438900023895,27.915733000170828,,,,"Unknown Governmental Organization","EEA"
8843,"AMS SOU Angel Kanchev-Varna","pm10",14.83,"µg/m³","2026-06-08T00:00:00Z","2026-06-08T03:00:00+03:00","Europe/Sofia",43.22438900023895,27.915733000170828,,,,"Unknown Governmental Organization","EEA"
8843,"AMS SOU Angel Kanchev-Varna","pm10",12.16,"µg/m³","2026-06-08T02:00:00Z","2026-06-08T05:00:00+03:00","Europe/Sofia",43.22438900023895,27.915733000170828,,,,"Unknown Governmental Organization","EEA"
8843,"AMS SOU Angel Kanchev-Varna","pm10",9.16,"µg/m³","2026-06-08T03:00:00Z","2026-06-08T06:00:00+03:00","Europe/Sofia",43.22438900023895,27.915733000170828,,,,"Unknown Governmental Organization","EEA"
8843,"AMS SOU Angel Kanchev-Varna","pm10",12.41,"µg/m³","2026-06-08T05:00:00Z","2026-06-08T08:00:00+03:00","Europe/Sofia",43.22438900023895,27.915733000170828,,,,"Unknown Governmental Organization","EEA"
8843,"AMS SOU Angel Kanchev-Varna","pm10",21.78,"µg/m³","2026-06-08T07:00:00Z","2026-06-08T10:00:00+03:00","Europe/Sofia",43.22438900023895,27.915733000170828,,,,"Unknown Governmental Organization","EEA"
8843,"AMS SOU Angel Kanchev-Varna","pm10",10.42,"µg/m³","2026-06-08T15:00:00Z","2026-06-08T18:00:00+03:00","Europe/Sofia",43.22438900023895,27.915733000170828,,,,"Unknown Governmental Organization","EEA"
8843,"AMS SOU Angel Kanchev-Varna","pm10",12.08,"µg/m³","2026-06-08T16:00:00Z","2026-06-08T19:00:00+03:00","Europe/Sofia",43.22438900023895,27.915733000170828,,,,"Unknown Governmental Organization","EEA"
8843,"AMS SOU Angel Kanchev-Varna","pm10",15.88,"µg/m³","2026-06-08T17:00:00Z","2026-06-08T20:00:00+03:00","Europe/Sofia",43.22438900023895,27.915733000170828,,,,"Unknown Governmental Organization","EEA"
8843,"AMS SOU Angel Kanchev-Varna","pm10",11.22,"µg/m³","2026-06-08T18:00:00Z","2026-06-08T21:00:00+03:00","Europe/Sofia",43.22438900023895,27.915733000170828,,,,"Unknown Governmental Organization","EEA"
8843,"AMS SOU Angel Kanchev-Varna","pm10",7.21,"µg/m³","2026-06-08T20:00:00Z","2026-06-08T23:00:00+03:00","Europe/Sofia",43.22438900023895,27.915733000170828,,,,"Unknown Governmental Organization","EEA"
8843,"AMS SOU Angel Kanchev-Varna","pm10",9.65,"µg/m³","2026-06-08T21:00:00Z","2026-06-09T00:00:00+03:00","Europe/Sofia",43.22438900023895,27.915733000170828,,,,"Unknown Governmental Organization","EEA"
8843,"AMS SOU Angel Kanchev-Varna","pm10",12.88,"µg/m³","2026-06-08T23:00:00Z","2026-06-09T02:00:00+03:00","Europe/Sofia",43.22438900023895,27.915733000170828,,,,"Unknown Governmental Organization","EEA"
8843,"AMS SOU Angel Kanchev-Varna","pm10",20.35,"µg/m³","2026-06-09T02:00:00Z","2026-06-09T05:00:00+03:00","Europe/Sofia",43.22438900023895,27.915733000170828,,,,"Unknown Governmental Organization","EEA"
8843,"AMS SOU Angel Kanchev-Varna","pm10",15.94,"µg/m³","2026-06-09T05:00:00Z","2026-06-09T08:00:00+03:00","Europe/Sofia",43.22438900023895,27.915733000170828,,,,"Unknown Governmental Organization","EEA"
8843,"AMS SOU Angel Kanchev-Varna","pm10",21.24,"µg/m³","2026-06-09T06:00:00Z","2026-06-09T09:00:00+03:00","Europe/Sofia",43.22438900023895,27.915733000170828,,,,"Unknown Governmental Organization","EEA"
8843,"AMS SOU Angel Kanchev-Varna","pm10",26.58,"µg/m³","2026-06-09T09:00:00Z","2026-06-09T12:00:00+03:00","Europe/Sofia",43.22438900023895,27.915733000170828,,,,"Unknown Governmental Organization","EEA"
8843,"AMS SOU Angel Kanchev-Varna","pm10",29.91,"µg/m³","2026-06-09T11:00:00Z","2026-06-09T14:00:00+03:00","Europe/Sofia",43.22438900023895,27.915733000170828,,,,"Unknown Governmental Organization","EEA"
8843,"AMS SOU Angel Kanchev-Varna","pm10",17.27,"µg/m³","2026-06-09T13:00:00Z","2026-06-09T16:00:00+03:00","Europe/Sofia",43.22438900023895,27.915733000170828,,,,"Unknown Governmental Organization","EEA"
8843,"AMS SOU Angel Kanchev-Varna","pm10",13.73,"µg/m³","2026-06-09T15:00:00Z","2026-06-09T18:00:00+03:00","Europe/Sofia",43.22438900023895,27.915733000170828,,,,"Unknown Governmental Organization","EEA"
8843,"AMS SOU Angel Kanchev-Varna","pm10",7.04,"µg/m³","2026-06-09T17:00:00Z","2026-06-09T20:00:00+03:00","Europe/Sofia",43.22438900023895,27.915733000170828,,,,"Unknown Governmental Organization","EEA"
8843,"AMS SOU Angel Kanchev-Varna","pm10",13.37,"µg/m³","2026-06-10T02:00:00Z","2026-06-10T05:00:00+03:00","Europe/Sofia",43.22438900023895,27.915733000170828,,,,"Unknown Governmental Organization","EEA"
8843,"AMS SOU Angel Kanchev-Varna","pm10",18.25,"µg/m³","2026-06-10T06:00:00Z","2026-06-10T09:00:00+03:00","Europe/Sofia",43.22438900023895,27.915733000170828,,,,"Unknown Governmental Organization","EEA"
8843,"AMS SOU Angel Kanchev-Varna","pm10",36.45,"µg/m³","2026-06-10T07:00:00Z","2026-06-10T10:00:00+03:00","Europe/Sofia",43.22438900023895,27.915733000170828,,,,"Unknown Governmental Organization","EEA"
8843,"AMS SOU Angel Kanchev-Varna","pm10",16.19,"µg/m³","2026-06-10T13:00:00Z","2026-06-10T16:00:00+03:00","Europe/Sofia",43.22438900023895,27.915733000170828,,,,"Unknown Governmental Organization","EEA"
8843,"AMS SOU Angel Kanchev-Varna","pm10",6.97,"µg/m³","2026-06-10T16:00:00Z","2026-06-10T19:00:00+03:00","Europe/Sofia",43.22438900023895,27.915733000170828,,,,"Unknown Governmental Organization","EEA"
8843,"AMS SOU Angel Kanchev-Varna","pm10",10.23,"µg/m³","2026-06-10T20:00:00Z","2026-06-10T23:00:00+03:00","Europe/Sofia",43.22438900023895,27.915733000170828,,,,"Unknown Governmental Organization","EEA"
8843,"AMS SOU Angel Kanchev-Varna","pm10",13.39,"µg/m³","2026-06-10T22:00:00Z","2026-06-11T01:00:00+03:00","Europe/Sofia",43.22438900023895,27.915733000170828,,,,"Unknown Governmental Organization","EEA"
8843,"AMS SOU Angel Kanchev-Varna","pm10",13.7,"µg/m³","2026-06-11T00:00:00Z","2026-06-11T03:00:00+03:00","Europe/Sofia",43.22438900023895,27.915733000170828,,,,"Unknown Governmental Organization","EEA"
8843,"AMS SOU Angel Kanchev-Varna","pm10",26.67,"µg/m³","2026-06-11T09:00:00Z","2026-06-11T12:00:00+03:00","Europe/Sofia",43.22438900023895,27.915733000170828,,,,"Unknown Governmental Organization","EEA"
8843,"AMS SOU Angel Kanchev-Varna","pm10",27.1,"µg/m³","2026-06-11T10:00:00Z","2026-06-11T13:00:00+03:00","Europe/Sofia",43.22438900023895,27.915733000170828,,,,"Unknown Governmental Organization","EEA"
8843,"AMS SOU Angel Kanchev-Varna","pm10",22.88,"µg/m³","2026-06-11T11:00:00Z","2026-06-11T14:00:00+03:00","Europe/Sofia",43.22438900023895,27.915733000170828,,,,"Unknown Governmental Organization","EEA"
8843,"AMS SOU Angel Kanchev-Varna","pm10",16.55,"µg/m³","2026-06-11T12:00:00Z","2026-06-11T15:00:00+03:00","Europe/Sofia",43.22438900023895,27.915733000170828,,,,"Unknown Governmental Organization","EEA"
8843,"AMS SOU Angel Kanchev-Varna","pm10",12.52,"µg/m³","2026-06-11T13:00:00Z","2026-06-11T16:00:00+03:00","Europe/Sofia",43.22438900023895,27.915733000170828,,,,"Unknown Governmental Organization","EEA"
8843,"AMS SOU Angel Kanchev-Varna","pm10",11.85,"µg/m³","2026-06-11T14:00:00Z","2026-06-11T17:00:00+03:00","Europe/Sofia",43.22438900023895,27.915733000170828,,,,"Unknown Governmental Organization","EEA"
8843,"AMS SOU Angel Kanchev-Varna","pm10",10.78,"µg/m³","2026-06-11T15:00:00Z","2026-06-11T18:00:00+03:00","Europe/Sofia",43.22438900023895,27.915733000170828,,,,"Unknown Governmental Organization","EEA"
8843,"AMS SOU Angel Kanchev-Varna","pm10",17.86,"µg/m³","2026-06-11T16:00:00Z","2026-06-11T19:00:00+03:00","Europe/Sofia",43.22438900023895,27.915733000170828,,,,"Unknown Governmental Organization","EEA"
8843,"AMS SOU Angel Kanchev-Varna","pm10",12.61,"µg/m³","2026-06-11T17:00:00Z","2026-06-11T20:00:00+03:00","Europe/Sofia",43.22438900023895,27.915733000170828,,,,"Unknown Governmental Organization","EEA"
8843,"AMS SOU Angel Kanchev-Varna","pm10",9.67,"µg/m³","2026-06-11T18:00:00Z","2026-06-11T21:00:00+03:00","Europe/Sofia",43.22438900023895,27.915733000170828,,,,"Unknown Governmental Organization","EEA"
8843,"AMS SOU Angel Kanchev-Varna","pm10",10.97,"µg/m³","2026-06-11T19:00:00Z","2026-06-11T22:00:00+03:00","Europe/Sofia",43.22438900023895,27.915733000170828,,,,"Unknown Governmental Organization","EEA"
8843,"AMS SOU Angel Kanchev-Varna","pm10",12.83,"µg/m³","2026-06-11T20:00:00Z","2026-06-11T23:00:00+03:00","Europe/Sofia",43.22438900023895,27.915733000170828,,,,"Unknown Governmental Organization","EEA"
8843,"AMS SOU Angel Kanchev-Varna","pm10",13.12,"µg/m³","2026-06-11T21:00:00Z","2026-06-12T00:00:00+03:00","Europe/Sofia",43.22438900023895,27.915733000170828,,,,"Unknown Governmental Organization","EEA"
8843,"AMS SOU Angel Kanchev-Varna","pm10",10.07,"µg/m³","2026-06-11T22:00:00Z","2026-06-12T01:00:00+03:00","Europe/Sofia",43.22438900023895,27.915733000170828,,,,"Unknown Governmental Organization","EEA"
8843,"AMS SOU Angel Kanchev-Varna","pm10",11.11,"µg/m³","2026-06-11T23:00:00Z","2026-06-12T02:00:00+03:00","Europe/Sofia",43.22438900023895,27.915733000170828,,,,"Unknown Governmental Organization","EEA"
8843,"AMS SOU Angel Kanchev-Varna","pm10",12.64,"µg/m³","2026-06-12T00:00:00Z","2026-06-12T03:00:00+03:00","Europe/Sofia",43.22438900023895,27.915733000170828,,,,"Unknown Governmental Organization","EEA"
8843,"AMS SOU Angel Kanchev-Varna","pm10",17.53,"µg/m³","2026-06-12T01:00:00Z","2026-06-12T04:00:00+03:00","Europe/Sofia",43.22438900023895,27.915733000170828,,,,"Unknown Governmental Organization","EEA"
8843,"AMS SOU Angel Kanchev-Varna","pm10",12.9,"µg/m³","2026-06-12T02:00:00Z","2026-06-12T05:00:00+03:00","Europe/Sofia",43.22438900023895,27.915733000170828,,,,"Unknown Governmental Organization","EEA"
8843,"AMS SOU Angel Kanchev-Varna","pm10",12.64,"µg/m³","2026-06-12T03:00:00Z","2026-06-12T06:00:00+03:00","Europe/Sofia",43.22438900023895,27.915733000170828,,,,"Unknown Governmental Organization","EEA"
8843,"AMS SOU Angel Kanchev-Varna","pm10",15.28,"µg/m³","2026-06-12T04:00:00Z","2026-06-12T07:00:00+03:00","Europe/Sofia",43.22438900023895,27.915733000170828,,,,"Unknown Governmental Organization","EEA"
8843,"AMS SOU Angel Kanchev-Varna","pm10",17.88,"µg/m³","2026-06-12T05:00:00Z","2026-06-12T08:00:00+03:00","Europe/Sofia",43.22438900023895,27.915733000170828,,,,"Unknown Governmental Organization","EEA"
8843,"AMS SOU Angel Kanchev-Varna","pm10",26.63,"µg/m³","2026-06-12T06:00:00Z","2026-06-12T09:00:00+03:00","Europe/Sofia",43.22438900023895,27.915733000170828,,,,"Unknown Governmental Organization","EEA"
8843,"AMS SOU Angel Kanchev-Varna","pm10",23.56,"µg/m³","2026-06-12T07:00:00Z","2026-06-12T10:00:00+03:00","Europe/Sofia",43.22438900023895,27.915733000170828,,,,"Unknown Governmental Organization","EEA"
8843,"AMS SOU Angel Kanchev-Varna","pm10",25.4,"µg/m³","2026-06-12T08:00:00Z","2026-06-12T11:00:00+03:00","Europe/Sofia",43.22438900023895,27.915733000170828,,,,"Unknown Governmental Organization","EEA"
8843,"AMS SOU Angel Kanchev-Varna","pm10",24.5,"µg/m³","2026-06-12T09:00:00Z","2026-06-12T12:00:00+03:00","Europe/Sofia",43.22438900023895,27.915733000170828,,,,"Unknown Governmental Organization","EEA"
8843,"AMS SOU Angel Kanchev-Varna","pm10",19.9,"µg/m³","2026-06-12T10:00:00Z","2026-06-12T13:00:00+03:00","Europe/Sofia",43.22438900023895,27.915733000170828,,,,"Unknown Governmental Organization","EEA"
8843,"AMS SOU Angel Kanchev-Varna","pm10",20.49,"µg/m³","2026-06-12T11:00:00Z","2026-06-12T14:00:00+03:00","Europe/Sofia",43.22438900023895,27.915733000170828,,,,"Unknown Governmental Organization","EEA"
8843,"AMS SOU Angel Kanchev-Varna","pm10",14.51,"µg/m³","2026-06-12T12:00:00Z","2026-06-12T15:00:00+03:00","Europe/Sofia",43.22438900023895,27.915733000170828,,,,"Unknown Governmental Organization","EEA"
8843,"AMS SOU Angel Kanchev-Varna","pm10",11.29,"µg/m³","2026-06-12T13:00:00Z","2026-06-12T16:00:00+03:00","Europe/Sofia",43.22438900023895,27.915733000170828,,,,"Unknown Governmental Organization","EEA"
8843,"AMS SOU Angel Kanchev-Varna","pm10",14.03,"µg/m³","2026-06-12T15:00:00Z","2026-06-12T18:00:00+03:00","Europe/Sofia",43.22438900023895,27.915733000170828,,,,"Unknown Governmental Organization","EEA"
8843,"AMS SOU Angel Kanchev-Varna","pm10",10.38,"µg/m³","2026-06-12T16:00:00Z","2026-06-12T19:00:00+03:00","Europe/Sofia",43.22438900023895,27.915733000170828,,,,"Unknown Governmental Organization","EEA"
8843,"AMS SOU Angel Kanchev-Varna","pm10",8.31,"µg/m³","2026-06-12T18:00:00Z","2026-06-12T21:00:00+03:00","Europe/Sofia",43.22438900023895,27.915733000170828,,,,"Unknown Governmental Organization","EEA"
8843,"AMS SOU Angel Kanchev-Varna","pm10",4.36,"µg/m³","2026-06-13T06:00:00Z","2026-06-13T09:00:00+03:00","Europe/Sofia",43.22438900023895,27.915733000170828,,,,"Unknown Governmental Organization","EEA"
8843,"AMS SOU Angel Kanchev-Varna","pm10",8.04,"µg/m³","2026-06-13T10:00:00Z","2026-06-13T13:00:00+03:00","Europe/Sofia",43.22438900023895,27.915733000170828,,,,"Unknown Governmental Organization","EEA"
8843,"AMS SOU Angel Kanchev-Varna","pm10",6.62,"µg/m³","2026-06-13T11:00:00Z","2026-06-13T14:00:00+03:00","Europe/Sofia",43.22438900023895,27.915733000170828,,,,"Unknown Governmental Organization","EEA"
8843,"AMS SOU Angel Kanchev-Varna","pm10",5,"µg/m³","2026-06-13T13:00:00Z","2026-06-13T16:00:00+03:00","Europe/Sofia",43.22438900023895,27.915733000170828,,,,"Unknown Governmental Organization","EEA"
8843,"AMS SOU Angel Kanchev-Varna","pm10",5.36,"µg/m³","2026-06-13T14:00:00Z","2026-06-13T17:00:00+03:00","Europe/Sofia",43.22438900023895,27.915733000170828,,,,"Unknown Governmental Organization","EEA"
8843,"AMS SOU Angel Kanchev-Varna","pm10",6.03,"µg/m³","2026-06-13T15:00:00Z","2026-06-13T18:00:00+03:00","Europe/Sofia",43.22438900023895,27.915733000170828,,,,"Unknown Governmental Organization","EEA"
8843,"AMS SOU Angel Kanchev-Varna","pm10",7.52,"µg/m³","2026-06-13T16:00:00Z","2026-06-13T19:00:00+03:00","Europe/Sofia",43.22438900023895,27.915733000170828,,,,"Unknown Governmental Organization","EEA"
8843,"AMS SOU Angel Kanchev-Varna","pm10",7.69,"µg/m³","2026-06-13T17:00:00Z","2026-06-13T20:00:00+03:00","Europe/Sofia",43.22438900023895,27.915733000170828,,,,"Unknown Governmental Organization","EEA"
8843,"AMS SOU Angel Kanchev-Varna","pm10",6.55,"µg/m³","2026-06-13T18:00:00Z","2026-06-13T21:00:00+03:00","Europe/Sofia",43.22438900023895,27.915733000170828,,,,"Unknown Governmental Organization","EEA"
8843,"AMS SOU Angel Kanchev-Varna","pm10",7.36,"µg/m³","2026-06-13T19:00:00Z","2026-06-13T22:00:00+03:00","Europe/Sofia",43.22438900023895,27.915733000170828,,,,"Unknown Governmental Organization","EEA"
8843,"AMS SOU Angel Kanchev-Varna","pm10",9.34,"µg/m³","2026-06-13T20:00:00Z","2026-06-13T23:00:00+03:00","Europe/Sofia",43.22438900023895,27.915733000170828,,,,"Unknown Governmental Organization","EEA"
8843,"AMS SOU Angel Kanchev-Varna","pm10",10.2,"µg/m³","2026-06-13T21:00:00Z","2026-06-14T00:00:00+03:00","Europe/Sofia",43.22438900023895,27.915733000170828,,,,"Unknown Governmental Organization","EEA"
8843,"AMS SOU Angel Kanchev-Varna","pm10",10.64,"µg/m³","2026-06-13T22:00:00Z","2026-06-14T01:00:00+03:00","Europe/Sofia",43.22438900023895,27.915733000170828,,,,"Unknown Governmental Organization","EEA"
8843,"AMS SOU Angel Kanchev-Varna","pm10",12.95,"µg/m³","2026-06-13T23:00:00Z","2026-06-14T02:00:00+03:00","Europe/Sofia",43.22438900023895,27.915733000170828,,,,"Unknown Governmental Organization","EEA"
8843,"AMS SOU Angel Kanchev-Varna","pm10",16,"µg/m³","2026-06-14T00:00:00Z","2026-06-14T03:00:00+03:00","Europe/Sofia",43.22438900023895,27.915733000170828,,,,"Unknown Governmental Organization","EEA"
8843,"AMS SOU Angel Kanchev-Varna","pm10",17.75,"µg/m³","2026-06-14T01:00:00Z","2026-06-14T04:00:00+03:00","Europe/Sofia",43.22438900023895,27.915733000170828,,,,"Unknown Governmental Organization","EEA"
8843,"AMS SOU Angel Kanchev-Varna","pm10",14.99,"µg/m³","2026-06-14T02:00:00Z","2026-06-14T05:00:00+03:00","Europe/Sofia",43.22438900023895,27.915733000170828,,,,"Unknown Governmental Organization","EEA"
8843,"AMS SOU Angel Kanchev-Varna","pm10",19.97,"µg/m³","2026-06-14T03:00:00Z","2026-06-14T06:00:00+03:00","Europe/Sofia",43.22438900023895,27.915733000170828,,,,"Unknown Governmental Organization","EEA"
8843,"AMS SOU Angel Kanchev-Varna","pm10",14.27,"µg/m³","2026-06-14T04:00:00Z","2026-06-14T07:00:00+03:00","Europe/Sofia",43.22438900023895,27.915733000170828,,,,"Unknown Governmental Organization","EEA"
8843,"AMS SOU Angel Kanchev-Varna","pm10",13.1,"µg/m³","2026-06-14T05:00:00Z","2026-06-14T08:00:00+03:00","Europe/Sofia",43.22438900023895,27.915733000170828,,,,"Unknown Governmental Organization","EEA"
8843,"AMS SOU Angel Kanchev-Varna","pm10",20.01,"µg/m³","2026-06-14T06:00:00Z","2026-06-14T09:00:00+03:00","Europe/Sofia",43.22438900023895,27.915733000170828,,,,"Unknown Governmental Organization","EEA"
8843,"AMS SOU Angel Kanchev-Varna","pm10",19.84,"µg/m³","2026-06-14T07:00:00Z","2026-06-14T10:00:00+03:00","Europe/Sofia",43.22438900023895,27.915733000170828,,,,"Unknown Governmental Organization","EEA"
8843,"AMS SOU Angel Kanchev-Varna","pm10",22.38,"µg/m³","2026-06-14T09:00:00Z","2026-06-14T12:00:00+03:00","Europe/Sofia",43.22438900023895,27.915733000170828,,,,"Unknown Governmental Organization","EEA"
8843,"AMS SOU Angel Kanchev-Varna","pm10",19.98,"µg/m³","2026-06-14T10:00:00Z","2026-06-14T13:00:00+03:00","Europe/Sofia",43.22438900023895,27.915733000170828,,,,"Unknown Governmental Organization","EEA"
8843,"AMS SOU Angel Kanchev-Varna","pm10",14.21,"µg/m³","2026-06-14T11:00:00Z","2026-06-14T14:00:00+03:00","Europe/Sofia",43.22438900023895,27.915733000170828,,,,"Unknown Governmental Organization","EEA"
8843,"AMS SOU Angel Kanchev-Varna","pm10",11.68,"µg/m³","2026-06-14T12:00:00Z","2026-06-14T15:00:00+03:00","Europe/Sofia",43.22438900023895,27.915733000170828,,,,"Unknown Governmental Organization","EEA"
8843,"AMS SOU Angel Kanchev-Varna","pm10",13.08,"µg/m³","2026-06-14T13:00:00Z","2026-06-14T16:00:00+03:00","Europe/Sofia",43.22438900023895,27.915733000170828,,,,"Unknown Governmental Organization","EEA"
8843,"AMS SOU Angel Kanchev-Varna","pm10",9.89,"µg/m³","2026-06-14T14:00:00Z","2026-06-14T17:00:00+03:00","Europe/Sofia",43.22438900023895,27.915733000170828,,,,"Unknown Governmental Organization","EEA"
8843,"AMS SOU Angel Kanchev-Varna","pm10",9.82,"µg/m³","2026-06-14T15:00:00Z","2026-06-14T18:00:00+03:00","Europe/Sofia",43.22438900023895,27.915733000170828,,,,"Unknown Governmental Organization","EEA"
8843,"AMS SOU Angel Kanchev-Varna","pm10",8.66,"µg/m³","2026-06-14T16:00:00Z","2026-06-14T19:00:00+03:00","Europe/Sofia",43.22438900023895,27.915733000170828,,,,"Unknown Governmental Organization","EEA"
8843,"AMS SOU Angel Kanchev-Varna","pm10",10.11,"µg/m³","2026-06-14T17:00:00Z","2026-06-14T20:00:00+03:00","Europe/Sofia",43.22438900023895,27.915733000170828,,,,"Unknown Governmental Organization","EEA"
8843,"AMS SOU Angel Kanchev-Varna","pm10",8.3,"µg/m³","2026-06-14T18:00:00Z","2026-06-14T21:00:00+03:00","Europe/Sofia",43.22438900023895,27.915733000170828,,,,"Unknown Governmental Organization","EEA"
8843,"AMS SOU Angel Kanchev-Varna","pm10",6.71,"µg/m³","2026-06-14T19:00:00Z","2026-06-14T22:00:00+03:00","Europe/Sofia",43.22438900023895,27.915733000170828,,,,"Unknown Governmental Organization","EEA"
8843,"AMS SOU Angel Kanchev-Varna","pm10",6.95,"µg/m³","2026-06-14T20:00:00Z","2026-06-14T23:00:00+03:00","Europe/Sofia",43.22438900023895,27.915733000170828,,,,"Unknown Governmental Organization","EEA"
8843,"AMS SOU Angel Kanchev-Varna","pm10",13.95,"µg/m³","2026-06-14T21:00:00Z","2026-06-15T00:00:00+03:00","Europe/Sofia",43.22438900023895,27.915733000170828,,,,"Unknown Governmental Organization","EEA"
8843,"AMS SOU Angel Kanchev-Varna","pm10",20.83,"µg/m³","2026-06-14T22:00:00Z","2026-06-15T01:00:00+03:00","Europe/Sofia",43.22438900023895,27.915733000170828,,,,"Unknown Governmental Organization","EEA"
8843,"AMS SOU Angel Kanchev-Varna","pm10",21.08,"µg/m³","2026-06-14T23:00:00Z","2026-06-15T02:00:00+03:00","Europe/Sofia",43.22438900023895,27.915733000170828,,,,"Unknown Governmental Organization","EEA"
8843,"AMS SOU Angel Kanchev-Varna","pm10",15.88,"µg/m³","2026-06-15T00:00:00Z","2026-06-15T03:00:00+03:00","Europe/Sofia",43.22438900023895,27.915733000170828,,,,"Unknown Governmental Organization","EEA"
8843,"AMS SOU Angel Kanchev-Varna","pm10",16.45,"µg/m³","2026-06-15T01:00:00Z","2026-06-15T04:00:00+03:00","Europe/Sofia",43.22438900023895,27.915733000170828,,,,"Unknown Governmental Organization","EEA"
8843,"AMS SOU Angel Kanchev-Varna","pm10",17.76,"µg/m³","2026-06-15T02:00:00Z","2026-06-15T05:00:00+03:00","Europe/Sofia",43.22438900023895,27.915733000170828,,,,"Unknown Governmental Organization","EEA"
8843,"AMS SOU Angel Kanchev-Varna","pm10",20.92,"µg/m³","2026-06-15T03:00:00Z","2026-06-15T06:00:00+03:00","Europe/Sofia",43.22438900023895,27.915733000170828,,,,"Unknown Governmental Organization","EEA"
8843,"AMS SOU Angel Kanchev-Varna","pm10",17.02,"µg/m³","2026-06-15T04:00:00Z","2026-06-15T07:00:00+03:00","Europe/Sofia",43.22438900023895,27.915733000170828,,,,"Unknown Governmental Organization","EEA"
8843,"AMS SOU Angel Kanchev-Varna","pm10",31.42,"µg/m³","2026-06-15T07:00:00Z","2026-06-15T10:00:00+03:00","Europe/Sofia",43.22438900023895,27.915733000170828,,,,"Unknown Governmental Organization","EEA"
8843,"AMS SOU Angel Kanchev-Varna","pm10",48.28,"µg/m³","2026-06-15T08:00:00Z","2026-06-15T11:00:00+03:00","Europe/Sofia",43.22438900023895,27.915733000170828,,,,"Unknown Governmental Organization","EEA"
8843,"AMS SOU Angel Kanchev-Varna","pm10",48.38,"µg/m³","2026-06-15T09:00:00Z","2026-06-15T12:00:00+03:00","Europe/Sofia",43.22438900023895,27.915733000170828,,,,"Unknown Governmental Organization","EEA"
8843,"AMS SOU Angel Kanchev-Varna","pm10",29.82,"µg/m³","2026-06-15T11:00:00Z","2026-06-15T14:00:00+03:00","Europe/Sofia",43.22438900023895,27.915733000170828,,,,"Unknown Governmental Organization","EEA"
8843,"AMS SOU Angel Kanchev-Varna","pm10",23.11,"µg/m³","2026-06-15T12:00:00Z","2026-06-15T15:00:00+03:00","Europe/Sofia",43.22438900023895,27.915733000170828,,,,"Unknown Governmental Organization","EEA"
8843,"AMS SOU Angel Kanchev-Varna","pm10",19.93,"µg/m³","2026-06-15T13:00:00Z","2026-06-15T16:00:00+03:00","Europe/Sofia",43.22438900023895,27.915733000170828,,,,"Unknown Governmental Organization","EEA"
8843,"AMS SOU Angel Kanchev-Varna","pm10",17.54,"µg/m³","2026-06-15T14:00:00Z","2026-06-15T17:00:00+03:00","Europe/Sofia",43.22438900023895,27.915733000170828,,,,"Unknown Governmental Organization","EEA"
8843,"AMS SOU Angel Kanchev-Varna","pm10",15.76,"µg/m³","2026-06-15T15:00:00Z","2026-06-15T18:00:00+03:00","Europe/Sofia",43.22438900023895,27.915733000170828,,,,"Unknown Governmental Organization","EEA"
8843,"AMS SOU Angel Kanchev-Varna","pm10",12.6,"µg/m³","2026-06-15T16:00:00Z","2026-06-15T19:00:00+03:00","Europe/Sofia",43.22438900023895,27.915733000170828,,,,"Unknown Governmental Organization","EEA"
8843,"AMS SOU Angel Kanchev-Varna","pm10",13.35,"µg/m³","2026-06-15T17:00:00Z","2026-06-15T20:00:00+03:00","Europe/Sofia",43.22438900023895,27.915733000170828,,,,"Unknown Governmental Organization","EEA"
8843,"AMS SOU Angel Kanchev-Varna","pm10",9.64,"µg/m³","2026-06-15T18:00:00Z","2026-06-15T21:00:00+03:00","Europe/Sofia",43.22438900023895,27.915733000170828,,,,"Unknown Governmental Organization","EEA"
8843,"AMS SOU Angel Kanchev-Varna","pm10",8.06,"µg/m³","2026-06-15T19:00:00Z","2026-06-15T22:00:00+03:00","Europe/Sofia",43.22438900023895,27.915733000170828,,,,"Unknown Governmental Organization","EEA"
8843,"AMS SOU Angel Kanchev-Varna","pm10",-1,"µg/m³","2026-06-15T20:00:00Z","2026-06-15T23:00:00+03:00","Europe/Sofia",43.22438900023895,27.915733000170828,,,,"Unknown Governmental Organization","EEA"
8843,"AMS SOU Angel Kanchev-Varna","pm10",-1,"µg/m³","2026-06-15T21:00:00Z","2026-06-16T00:00:00+03:00","Europe/Sofia",43.22438900023895,27.915733000170828,,,,"Unknown Governmental Organization","EEA"
8843,"AMS SOU Angel Kanchev-Varna","pm10",-1,"µg/m³","2026-06-15T22:00:00Z","2026-06-16T01:00:00+03:00","Europe/Sofia",43.22438900023895,27.915733000170828,,,,"Unknown Governmental Organization","EEA"
8843,"AMS SOU Angel Kanchev-Varna","pm10",-1,"µg/m³","2026-06-15T23:00:00Z","2026-06-16T02:00:00+03:00","Europe/Sofia",43.22438900023895,27.915733000170828,,,,"Unknown Governmental Organization","EEA"
8843,"AMS SOU Angel Kanchev-Varna","pm10",-1,"µg/m³","2026-06-16T00:00:00Z","2026-06-16T03:00:00+03:00","Europe/Sofia",43.22438900023895,27.915733000170828,,,,"Unknown Governmental Organization","EEA"
8843,"AMS SOU Angel Kanchev-Varna","pm10",-1,"µg/m³","2026-06-16T01:00:00Z","2026-06-16T04:00:00+03:00","Europe/Sofia",43.22438900023895,27.915733000170828,,,,"Unknown Governmental Organization","EEA"
8843,"AMS SOU Angel Kanchev-Varna","pm10",-1,"µg/m³","2026-06-16T02:00:00Z","2026-06-16T05:00:00+03:00","Europe/Sofia",43.22438900023895,27.915733000170828,,,,"Unknown Governmental Organization","EEA"
8843,"AMS SOU Angel Kanchev-Varna","pm10",-1,"µg/m³","2026-06-16T03:00:00Z","2026-06-16T06:00:00+03:00","Europe/Sofia",43.22438900023895,27.915733000170828,,,,"Unknown Governmental Organization","EEA"
8843,"AMS SOU Angel Kanchev-Varna","pm10",-1,"µg/m³","2026-06-16T04:00:00Z","2026-06-16T07:00:00+03:00","Europe/Sofia",43.22438900023895,27.915733000170828,,,,"Unknown Governmental Organization","EEA"
8843,"AMS SOU Angel Kanchev-Varna","pm10",-1,"µg/m³","2026-06-16T05:00:00Z","2026-06-16T08:00:00+03:00","Europe/Sofia",43.22438900023895,27.915733000170828,,,,"Unknown Governmental Organization","EEA"
8843,"AMS SOU Angel Kanchev-Varna","pm10",15.49,"µg/m³","2026-06-16T06:00:00Z","2026-06-16T09:00:00+03:00","Europe/Sofia",43.22438900023895,27.915733000170828,,,,"Unknown Governmental Organization","EEA"
8843,"AMS SOU Angel Kanchev-Varna","pm10",14.27,"µg/m³","2026-06-16T07:00:00Z","2026-06-16T10:00:00+03:00","Europe/Sofia",43.22438900023895,27.915733000170828,,,,"Unknown Governmental Organization","EEA"
8843,"AMS SOU Angel Kanchev-Varna","pm10",12.75,"µg/m³","2026-06-16T08:00:00Z","2026-06-16T11:00:00+03:00","Europe/Sofia",43.22438900023895,27.915733000170828,,,,"Unknown Governmental Organization","EEA"
8843,"AMS SOU Angel Kanchev-Varna","pm10",-1,"µg/m³","2026-06-16T09:00:00Z","2026-06-16T12:00:00+03:00","Europe/Sofia",43.22438900023895,27.915733000170828,,,,"Unknown Governmental Organization","EEA"
8843,"AMS SOU Angel Kanchev-Varna","pm10",25.88,"µg/m³","2026-06-16T10:00:00Z","2026-06-16T13:00:00+03:00","Europe/Sofia",43.22438900023895,27.915733000170828,,,,"Unknown Governmental Organization","EEA"
8843,"AMS SOU Angel Kanchev-Varna","pm10",19.15,"µg/m³","2026-06-16T11:00:00Z","2026-06-16T14:00:00+03:00","Europe/Sofia",43.22438900023895,27.915733000170828,,,,"Unknown Governmental Organization","EEA"
8843,"AMS SOU Angel Kanchev-Varna","pm10",19.39,"µg/m³","2026-06-16T12:00:00Z","2026-06-16T15:00:00+03:00","Europe/Sofia",43.22438900023895,27.915733000170828,,,,"Unknown Governmental Organization","EEA"
8843,"AMS SOU Angel Kanchev-Varna","pm10",22.18,"µg/m³","2026-06-16T13:00:00Z","2026-06-16T16:00:00+03:00","Europe/Sofia",43.22438900023895,27.915733000170828,,,,"Unknown Governmental Organization","EEA"
8843,"AMS SOU Angel Kanchev-Varna","pm10",15.67,"µg/m³","2026-06-16T14:00:00Z","2026-06-16T17:00:00+03:00","Europe/Sofia",43.22438900023895,27.915733000170828,,,,"Unknown Governmental Organization","EEA"
8843,"AMS SOU Angel Kanchev-Varna","pm10",12.2,"µg/m³","2026-06-16T15:00:00Z","2026-06-16T18:00:00+03:00","Europe/Sofia",43.22438900023895,27.915733000170828,,,,"Unknown Governmental Organization","EEA"
8843,"AMS SOU Angel Kanchev-Varna","pm10",14.21,"µg/m³","2026-06-16T16:00:00Z","2026-06-16T19:00:00+03:00","Europe/Sofia",43.22438900023895,27.915733000170828,,,,"Unknown Governmental Organization","EEA"
8843,"AMS SOU Angel Kanchev-Varna","pm10",16.64,"µg/m³","2026-06-16T17:00:00Z","2026-06-16T20:00:00+03:00","Europe/Sofia",43.22438900023895,27.915733000170828,,,,"Unknown Governmental Organization","EEA"
8843,"AMS SOU Angel Kanchev-Varna","pm10",11.92,"µg/m³","2026-06-16T18:00:00Z","2026-06-16T21:00:00+03:00","Europe/Sofia",43.22438900023895,27.915733000170828,,,,"Unknown Governmental Organization","EEA"
8843,"AMS SOU Angel Kanchev-Varna","pm10",9.56,"µg/m³","2026-06-16T19:00:00Z","2026-06-16T22:00:00+03:00","Europe/Sofia",43.22438900023895,27.915733000170828,,,,"Unknown Governmental Organization","EEA"
8843,"AMS SOU Angel Kanchev-Varna","pm10",9.42,"µg/m³","2026-06-16T20:00:00Z","2026-06-16T23:00:00+03:00","Europe/Sofia",43.22438900023895,27.915733000170828,,,,"Unknown Governmental Organization","EEA"
8843,"AMS SOU Angel Kanchev-Varna","pm10",11.3,"µg/m³","2026-06-16T21:00:00Z","2026-06-17T00:00:00+03:00","Europe/Sofia",43.22438900023895,27.915733000170828,,,,"Unknown Governmental Organization","EEA"
8843,"AMS SOU Angel Kanchev-Varna","pm10",13.59,"µg/m³","2026-06-16T22:00:00Z","2026-06-17T01:00:00+03:00","Europe/Sofia",43.22438900023895,27.915733000170828,,,,"Unknown Governmental Organization","EEA"
8843,"AMS SOU Angel Kanchev-Varna","pm10",16.7,"µg/m³","2026-06-16T23:00:00Z","2026-06-17T02:00:00+03:00","Europe/Sofia",43.22438900023895,27.915733000170828,,,,"Unknown Governmental Organization","EEA"
8843,"AMS SOU Angel Kanchev-Varna","pm10",21.36,"µg/m³","2026-06-17T00:00:00Z","2026-06-17T03:00:00+03:00","Europe/Sofia",43.22438900023895,27.915733000170828,,,,"Unknown Governmental Organization","EEA"
8843,"AMS SOU Angel Kanchev-Varna","pm10",22.06,"µg/m³","2026-06-17T01:00:00Z","2026-06-17T04:00:00+03:00","Europe/Sofia",43.22438900023895,27.915733000170828,,,,"Unknown Governmental Organization","EEA"
8843,"AMS SOU Angel Kanchev-Varna","pm10",25.54,"µg/m³","2026-06-17T02:00:00Z","2026-06-17T05:00:00+03:00","Europe/Sofia",43.22438900023895,27.915733000170828,,,,"Unknown Governmental Organization","EEA"
8843,"AMS SOU Angel Kanchev-Varna","pm10",19.32,"µg/m³","2026-06-17T03:00:00Z","2026-06-17T06:00:00+03:00","Europe/Sofia",43.22438900023895,27.915733000170828,,,,"Unknown Governmental Organization","EEA"
8843,"AMS SOU Angel Kanchev-Varna","pm10",21.04,"µg/m³","2026-06-17T04:00:00Z","2026-06-17T07:00:00+03:00","Europe/Sofia",43.22438900023895,27.915733000170828,,,,"Unknown Governmental Organization","EEA"
8843,"AMS SOU Angel Kanchev-Varna","pm10",24.65,"µg/m³","2026-06-17T05:00:00Z","2026-06-17T08:00:00+03:00","Europe/Sofia",43.22438900023895,27.915733000170828,,,,"Unknown Governmental Organization","EEA"
8843,"AMS SOU Angel Kanchev-Varna","pm10",27.31,"µg/m³","2026-06-17T06:00:00Z","2026-06-17T09:00:00+03:00","Europe/Sofia",43.22438900023895,27.915733000170828,,,,"Unknown Governmental Organization","EEA"
8843,"AMS SOU Angel Kanchev-Varna","pm10",32.25,"µg/m³","2026-06-17T07:00:00Z","2026-06-17T10:00:00+03:00","Europe/Sofia",43.22438900023895,27.915733000170828,,,,"Unknown Governmental Organization","EEA"
8843,"AMS SOU Angel Kanchev-Varna","pm10",33.93,"µg/m³","2026-06-17T08:00:00Z","2026-06-17T11:00:00+03:00","Europe/Sofia",43.22438900023895,27.915733000170828,,,,"Unknown Governmental Organization","EEA"
8843,"AMS SOU Angel Kanchev-Varna","pm10",32.35,"µg/m³","2026-06-17T09:00:00Z","2026-06-17T12:00:00+03:00","Europe/Sofia",43.22438900023895,27.915733000170828,,,,"Unknown Governmental Organization","EEA"
8843,"AMS SOU Angel Kanchev-Varna","pm10",30.81,"µg/m³","2026-06-17T10:00:00Z","2026-06-17T13:00:00+03:00","Europe/Sofia",43.22438900023895,27.915733000170828,,,,"Unknown Governmental Organization","EEA"
8843,"AMS SOU Angel Kanchev-Varna","pm10",26.3,"µg/m³","2026-06-17T12:00:00Z","2026-06-17T15:00:00+03:00","Europe/Sofia",43.22438900023895,27.915733000170828,,,,"Unknown Governmental Organization","EEA"
8843,"AMS SOU Angel Kanchev-Varna","pm10",18.87,"µg/m³","2026-06-17T13:00:00Z","2026-06-17T16:00:00+03:00","Europe/Sofia",43.22438900023895,27.915733000170828,,,,"Unknown Governmental Organization","EEA"
8843,"AMS SOU Angel Kanchev-Varna","pm10",16.46,"µg/m³","2026-06-17T14:00:00Z","2026-06-17T17:00:00+03:00","Europe/Sofia",43.22438900023895,27.915733000170828,,,,"Unknown Governmental Organization","EEA"
8843,"AMS SOU Angel Kanchev-Varna","pm10",11.37,"µg/m³","2026-06-17T19:00:00Z","2026-06-17T22:00:00+03:00","Europe/Sofia",43.22438900023895,27.915733000170828,,,,"Unknown Governmental Organization","EEA"
8843,"AMS SOU Angel Kanchev-Varna","pm10",10.36,"µg/m³","2026-06-17T20:00:00Z","2026-06-17T23:00:00+03:00","Europe/Sofia",43.22438900023895,27.915733000170828,,,,"Unknown Governmental Organization","EEA"
8843,"AMS SOU Angel Kanchev-Varna","pm10",18.05,"µg/m³","2026-06-17T21:00:00Z","2026-06-18T00:00:00+03:00","Europe/Sofia",43.22438900023895,27.915733000170828,,,,"Unknown Governmental Organization","EEA"
8843,"AMS SOU Angel Kanchev-Varna","pm10",21.19,"µg/m³","2026-06-17T22:00:00Z","2026-06-18T01:00:00+03:00","Europe/Sofia",43.22438900023895,27.915733000170828,,,,"Unknown Governmental Organization","EEA"
8843,"AMS SOU Angel Kanchev-Varna","pm10",28.53,"µg/m³","2026-06-17T23:00:00Z","2026-06-18T02:00:00+03:00","Europe/Sofia",43.22438900023895,27.915733000170828,,,,"Unknown Governmental Organization","EEA"
8843,"AMS SOU Angel Kanchev-Varna","pm10",27.79,"µg/m³","2026-06-18T00:00:00Z","2026-06-18T03:00:00+03:00","Europe/Sofia",43.22438900023895,27.915733000170828,,,,"Unknown Governmental Organization","EEA"
8843,"AMS SOU Angel Kanchev-Varna","pm10",29.13,"µg/m³","2026-06-18T01:00:00Z","2026-06-18T04:00:00+03:00","Europe/Sofia",43.22438900023895,27.915733000170828,,,,"Unknown Governmental Organization","EEA"
8843,"AMS SOU Angel Kanchev-Varna","pm10",28.61,"µg/m³","2026-06-18T02:00:00Z","2026-06-18T05:00:00+03:00","Europe/Sofia",43.22438900023895,27.915733000170828,,,,"Unknown Governmental Organization","EEA"
8843,"AMS SOU Angel Kanchev-Varna","pm10",21.13,"µg/m³","2026-06-18T03:00:00Z","2026-06-18T06:00:00+03:00","Europe/Sofia",43.22438900023895,27.915733000170828,,,,"Unknown Governmental Organization","EEA"
8843,"AMS SOU Angel Kanchev-Varna","pm10",18.9,"µg/m³","2026-06-18T04:00:00Z","2026-06-18T07:00:00+03:00","Europe/Sofia",43.22438900023895,27.915733000170828,,,,"Unknown Governmental Organization","EEA"
8843,"AMS SOU Angel Kanchev-Varna","pm10",15.16,"µg/m³","2026-06-18T05:00:00Z","2026-06-18T08:00:00+03:00","Europe/Sofia",43.22438900023895,27.915733000170828,,,,"Unknown Governmental Organization","EEA"
8843,"AMS SOU Angel Kanchev-Varna","pm10",22.53,"µg/m³","2026-06-18T06:00:00Z","2026-06-18T09:00:00+03:00","Europe/Sofia",43.22438900023895,27.915733000170828,,,,"Unknown Governmental Organization","EEA"
8843,"AMS SOU Angel Kanchev-Varna","pm10",38.08,"µg/m³","2026-06-18T07:00:00Z","2026-06-18T10:00:00+03:00","Europe/Sofia",43.22438900023895,27.915733000170828,,,,"Unknown Governmental Organization","EEA"
8843,"AMS SOU Angel Kanchev-Varna","pm10",46.6,"µg/m³","2026-06-18T08:00:00Z","2026-06-18T11:00:00+03:00","Europe/Sofia",43.22438900023895,27.915733000170828,,,,"Unknown Governmental Organization","EEA"
8843,"AMS SOU Angel Kanchev-Varna","pm10",41.41,"µg/m³","2026-06-18T09:00:00Z","2026-06-18T12:00:00+03:00","Europe/Sofia",43.22438900023895,27.915733000170828,,,,"Unknown Governmental Organization","EEA"
8843,"AMS SOU Angel Kanchev-Varna","pm10",-1,"µg/m³","2026-06-18T10:00:00Z","2026-06-18T13:00:00+03:00","Europe/Sofia",43.22438900023895,27.915733000170828,,,,"Unknown Governmental Organization","EEA"
8843,"AMS SOU Angel Kanchev-Varna","pm10",38.18,"µg/m³","2026-06-18T11:00:00Z","2026-06-18T14:00:00+03:00","Europe/Sofia",43.22438900023895,27.915733000170828,,,,"Unknown Governmental Organization","EEA"
8843,"AMS SOU Angel Kanchev-Varna","pm10",34.76,"µg/m³","2026-06-18T12:00:00Z","2026-06-18T15:00:00+03:00","Europe/Sofia",43.22438900023895,27.915733000170828,,,,"Unknown Governmental Organization","EEA"
8843,"AMS SOU Angel Kanchev-Varna","pm10",43.11,"µg/m³","2026-06-18T13:00:00Z","2026-06-18T16:00:00+03:00","Europe/Sofia",43.22438900023895,27.915733000170828,,,,"Unknown Governmental Organization","EEA"
8843,"AMS SOU Angel Kanchev-Varna","pm10",30.49,"µg/m³","2026-06-18T14:00:00Z","2026-06-18T17:00:00+03:00","Europe/Sofia",43.22438900023895,27.915733000170828,,,,"Unknown Governmental Organization","EEA"
8843,"AMS SOU Angel Kanchev-Varna","pm10",29.85,"µg/m³","2026-06-18T15:00:00Z","2026-06-18T18:00:00+03:00","Europe/Sofia",43.22438900023895,27.915733000170828,,,,"Unknown Governmental Organization","EEA"
8843,"AMS SOU Angel Kanchev-Varna","pm10",33.44,"µg/m³","2026-06-18T16:00:00Z","2026-06-18T19:00:00+03:00","Europe/Sofia",43.22438900023895,27.915733000170828,,,,"Unknown Governmental Organization","EEA"
8843,"AMS SOU Angel Kanchev-Varna","pm10",32.39,"µg/m³","2026-06-18T17:00:00Z","2026-06-18T20:00:00+03:00","Europe/Sofia",43.22438900023895,27.915733000170828,,,,"Unknown Governmental Organization","EEA"
8843,"AMS SOU Angel Kanchev-Varna","pm10",33.22,"µg/m³","2026-06-18T18:00:00Z","2026-06-18T21:00:00+03:00","Europe/Sofia",43.22438900023895,27.915733000170828,,,,"Unknown Governmental Organization","EEA"
8843,"AMS SOU Angel Kanchev-Varna","pm10",25.42,"µg/m³","2026-06-18T19:00:00Z","2026-06-18T22:00:00+03:00","Europe/Sofia",43.22438900023895,27.915733000170828,,,,"Unknown Governmental Organization","EEA"
8843,"AMS SOU Angel Kanchev-Varna","pm10",25.37,"µg/m³","2026-06-18T20:00:00Z","2026-06-18T23:00:00+03:00","Europe/Sofia",43.22438900023895,27.915733000170828,,,,"Unknown Governmental Organization","EEA"
8843,"AMS SOU Angel Kanchev-Varna","pm10",18,"µg/m³","2026-06-18T21:00:00Z","2026-06-19T00:00:00+03:00","Europe/Sofia",43.22438900023895,27.915733000170828,,,,"Unknown Governmental Organization","EEA"
8843,"AMS SOU Angel Kanchev-Varna","pm10",17.95,"µg/m³","2026-06-18T22:00:00Z","2026-06-19T01:00:00+03:00","Europe/Sofia",43.22438900023895,27.915733000170828,,,,"Unknown Governmental Organization","EEA"
8843,"AMS SOU Angel Kanchev-Varna","pm10",20.27,"µg/m³","2026-06-18T23:00:00Z","2026-06-19T02:00:00+03:00","Europe/Sofia",43.22438900023895,27.915733000170828,,,,"Unknown Governmental Organization","EEA"
8843,"AMS SOU Angel Kanchev-Varna","pm10",20.48,"µg/m³","2026-06-19T00:00:00Z","2026-06-19T03:00:00+03:00","Europe/Sofia",43.22438900023895,27.915733000170828,,,,"Unknown Governmental Organization","EEA"
8843,"AMS SOU Angel Kanchev-Varna","pm10",17.69,"µg/m³","2026-06-19T01:00:00Z","2026-06-19T04:00:00+03:00","Europe/Sofia",43.22438900023895,27.915733000170828,,,,"Unknown Governmental Organization","EEA"
8843,"AMS SOU Angel Kanchev-Varna","pm10",25.12,"µg/m³","2026-06-19T02:00:00Z","2026-06-19T05:00:00+03:00","Europe/Sofia",43.22438900023895,27.915733000170828,,,,"Unknown Governmental Organization","EEA"
8843,"AMS SOU Angel Kanchev-Varna","pm10",23.52,"µg/m³","2026-06-19T03:00:00Z","2026-06-19T06:00:00+03:00","Europe/Sofia",43.22438900023895,27.915733000170828,,,,"Unknown Governmental Organization","EEA"
8843,"AMS SOU Angel Kanchev-Varna","pm10",16.69,"µg/m³","2026-06-19T04:00:00Z","2026-06-19T07:00:00+03:00","Europe/Sofia",43.22438900023895,27.915733000170828,,,,"Unknown Governmental Organization","EEA"
8843,"AMS SOU Angel Kanchev-Varna","pm10",11.98,"µg/m³","2026-06-19T06:00:00Z","2026-06-19T09:00:00+03:00","Europe/Sofia",43.22438900023895,27.915733000170828,,,,"Unknown Governmental Organization","EEA"
8843,"AMS SOU Angel Kanchev-Varna","pm10",16.07,"µg/m³","2026-06-19T07:00:00Z","2026-06-19T10:00:00+03:00","Europe/Sofia",43.22438900023895,27.915733000170828,,,,"Unknown Governmental Organization","EEA"
8843,"AMS SOU Angel Kanchev-Varna","pm10",21.37,"µg/m³","2026-06-19T08:00:00Z","2026-06-19T11:00:00+03:00","Europe/Sofia",43.22438900023895,27.915733000170828,,,,"Unknown Governmental Organization","EEA"
8843,"AMS SOU Angel Kanchev-Varna","pm10",20.87,"µg/m³","2026-06-19T09:00:00Z","2026-06-19T12:00:00+03:00","Europe/Sofia",43.22438900023895,27.915733000170828,,,,"Unknown Governmental Organization","EEA"
8843,"AMS SOU Angel Kanchev-Varna","pm10",21.69,"µg/m³","2026-06-19T10:00:00Z","2026-06-19T13:00:00+03:00","Europe/Sofia",43.22438900023895,27.915733000170828,,,,"Unknown Governmental Organization","EEA"
8843,"AMS SOU Angel Kanchev-Varna","pm10",15.31,"µg/m³","2026-06-19T11:00:00Z","2026-06-19T14:00:00+03:00","Europe/Sofia",43.22438900023895,27.915733000170828,,,,"Unknown Governmental Organization","EEA"
8843,"AMS SOU Angel Kanchev-Varna","pm10",11.25,"µg/m³","2026-06-19T12:00:00Z","2026-06-19T15:00:00+03:00","Europe/Sofia",43.22438900023895,27.915733000170828,,,,"Unknown Governmental Organization","EEA"
8843,"AMS SOU Angel Kanchev-Varna","pm10",18.76,"µg/m³","2026-06-19T14:00:00Z","2026-06-19T17:00:00+03:00","Europe/Sofia",43.22438900023895,27.915733000170828,,,,"Unknown Governmental Organization","EEA"
8843,"AMS SOU Angel Kanchev-Varna","pm10",23.16,"µg/m³","2026-06-19T15:00:00Z","2026-06-19T18:00:00+03:00","Europe/Sofia",43.22438900023895,27.915733000170828,,,,"Unknown Governmental Organization","EEA"
8843,"AMS SOU Angel Kanchev-Varna","pm10",30.34,"µg/m³","2026-06-19T16:00:00Z","2026-06-19T19:00:00+03:00","Europe/Sofia",43.22438900023895,27.915733000170828,,,,"Unknown Governmental Organization","EEA"
8843,"AMS SOU Angel Kanchev-Varna","pm10",21.67,"µg/m³","2026-06-19T17:00:00Z","2026-06-19T20:00:00+03:00","Europe/Sofia",43.22438900023895,27.915733000170828,,,,"Unknown Governmental Organization","EEA"
8843,"AMS SOU Angel Kanchev-Varna","pm10",27.04,"µg/m³","2026-06-19T18:00:00Z","2026-06-19T21:00:00+03:00","Europe/Sofia",43.22438900023895,27.915733000170828,,,,"Unknown Governmental Organization","EEA"
8843,"AMS SOU Angel Kanchev-Varna","pm10",23.77,"µg/m³","2026-06-19T19:00:00Z","2026-06-19T22:00:00+03:00","Europe/Sofia",43.22438900023895,27.915733000170828,,,,"Unknown Governmental Organization","EEA"
8843,"AMS SOU Angel Kanchev-Varna","pm10",17.52,"µg/m³","2026-06-19T20:00:00Z","2026-06-19T23:00:00+03:00","Europe/Sofia",43.22438900023895,27.915733000170828,,,,"Unknown Governmental Organization","EEA"
8843,"AMS SOU Angel Kanchev-Varna","pm10",21.97,"µg/m³","2026-06-19T21:00:00Z","2026-06-20T00:00:00+03:00","Europe/Sofia",43.22438900023895,27.915733000170828,,,,"Unknown Governmental Organization","EEA"
8843,"AMS SOU Angel Kanchev-Varna","pm10",23.73,"µg/m³","2026-06-19T22:00:00Z","2026-06-20T01:00:00+03:00","Europe/Sofia",43.22438900023895,27.915733000170828,,,,"Unknown Governmental Organization","EEA"
8843,"AMS SOU Angel Kanchev-Varna","pm10",25.15,"µg/m³","2026-06-19T23:00:00Z","2026-06-20T02:00:00+03:00","Europe/Sofia",43.22438900023895,27.915733000170828,,,,"Unknown Governmental Organization","EEA"
8843,"AMS SOU Angel Kanchev-Varna","pm10",25.54,"µg/m³","2026-06-20T00:00:00Z","2026-06-20T03:00:00+03:00","Europe/Sofia",43.22438900023895,27.915733000170828,,,,"Unknown Governmental Organization","EEA"
8843,"AMS SOU Angel Kanchev-Varna","pm10",18.19,"µg/m³","2026-06-20T01:00:00Z","2026-06-20T04:00:00+03:00","Europe/Sofia",43.22438900023895,27.915733000170828,,,,"Unknown Governmental Organization","EEA"
8843,"AMS SOU Angel Kanchev-Varna","pm10",19.86,"µg/m³","2026-06-20T02:00:00Z","2026-06-20T05:00:00+03:00","Europe/Sofia",43.22438900023895,27.915733000170828,,,,"Unknown Governmental Organization","EEA"
8843,"AMS SOU Angel Kanchev-Varna","pm10",20.9,"µg/m³","2026-06-20T03:00:00Z","2026-06-20T06:00:00+03:00","Europe/Sofia",43.22438900023895,27.915733000170828,,,,"Unknown Governmental Organization","EEA"
8843,"AMS SOU Angel Kanchev-Varna","pm10",18.74,"µg/m³","2026-06-20T05:00:00Z","2026-06-20T08:00:00+03:00","Europe/Sofia",43.22438900023895,27.915733000170828,,,,"Unknown Governmental Organization","EEA"
8843,"AMS SOU Angel Kanchev-Varna","pm10",15.92,"µg/m³","2026-06-20T06:00:00Z","2026-06-20T09:00:00+03:00","Europe/Sofia",43.22438900023895,27.915733000170828,,,,"Unknown Governmental Organization","EEA"
8843,"AMS SOU Angel Kanchev-Varna","pm10",28.25,"µg/m³","2026-06-20T07:00:00Z","2026-06-20T10:00:00+03:00","Europe/Sofia",43.22438900023895,27.915733000170828,,,,"Unknown Governmental Organization","EEA"
8843,"AMS SOU Angel Kanchev-Varna","pm10",25.22,"µg/m³","2026-06-20T08:00:00Z","2026-06-20T11:00:00+03:00","Europe/Sofia",43.22438900023895,27.915733000170828,,,,"Unknown Governmental Organization","EEA"
8843,"AMS SOU Angel Kanchev-Varna","pm10",31.35,"µg/m³","2026-06-20T09:00:00Z","2026-06-20T12:00:00+03:00","Europe/Sofia",43.22438900023895,27.915733000170828,,,,"Unknown Governmental Organization","EEA"
8843,"AMS SOU Angel Kanchev-Varna","pm10",31.82,"µg/m³","2026-06-20T10:00:00Z","2026-06-20T13:00:00+03:00","Europe/Sofia",43.22438900023895,27.915733000170828,,,,"Unknown Governmental Organization","EEA"
8843,"AMS SOU Angel Kanchev-Varna","pm10",24.47,"µg/m³","2026-06-20T11:00:00Z","2026-06-20T14:00:00+03:00","Europe/Sofia",43.22438900023895,27.915733000170828,,,,"Unknown Governmental Organization","EEA"
8843,"AMS SOU Angel Kanchev-Varna","pm10",19.29,"µg/m³","2026-06-20T12:00:00Z","2026-06-20T15:00:00+03:00","Europe/Sofia",43.22438900023895,27.915733000170828,,,,"Unknown Governmental Organization","EEA"
8843,"AMS SOU Angel Kanchev-Varna","pm10",18.94,"µg/m³","2026-06-20T13:00:00Z","2026-06-20T16:00:00+03:00","Europe/Sofia",43.22438900023895,27.915733000170828,,,,"Unknown Governmental Organization","EEA"
8843,"AMS SOU Angel Kanchev-Varna","pm10",25.68,"µg/m³","2026-06-20T14:00:00Z","2026-06-20T17:00:00+03:00","Europe/Sofia",43.22438900023895,27.915733000170828,,,,"Unknown Governmental Organization","EEA"
8843,"AMS SOU Angel Kanchev-Varna","pm10",18.09,"µg/m³","2026-06-20T15:00:00Z","2026-06-20T18:00:00+03:00","Europe/Sofia",43.22438900023895,27.915733000170828,,,,"Unknown Governmental Organization","EEA"
8843,"AMS SOU Angel Kanchev-Varna","pm10",12.77,"µg/m³","2026-06-20T16:00:00Z","2026-06-20T19:00:00+03:00","Europe/Sofia",43.22438900023895,27.915733000170828,,,,"Unknown Governmental Organization","EEA"
8843,"AMS SOU Angel Kanchev-Varna","pm10",9.16,"µg/m³","2026-06-20T17:00:00Z","2026-06-20T20:00:00+03:00","Europe/Sofia",43.22438900023895,27.915733000170828,,,,"Unknown Governmental Organization","EEA"
8843,"AMS SOU Angel Kanchev-Varna","pm10",10.37,"µg/m³","2026-06-20T18:00:00Z","2026-06-20T21:00:00+03:00","Europe/Sofia",43.22438900023895,27.915733000170828,,,,"Unknown Governmental Organization","EEA"
8843,"AMS SOU Angel Kanchev-Varna","pm10",8.73,"µg/m³","2026-06-20T19:00:00Z","2026-06-20T22:00:00+03:00","Europe/Sofia",43.22438900023895,27.915733000170828,,,,"Unknown Governmental Organization","EEA"
8843,"AMS SOU Angel Kanchev-Varna","pm10",10.97,"µg/m³","2026-06-20T20:00:00Z","2026-06-20T23:00:00+03:00","Europe/Sofia",43.22438900023895,27.915733000170828,,,,"Unknown Governmental Organization","EEA"
8843,"AMS SOU Angel Kanchev-Varna","pm10",20.62,"µg/m³","2026-06-20T21:00:00Z","2026-06-21T00:00:00+03:00","Europe/Sofia",43.22438900023895,27.915733000170828,,,,"Unknown Governmental Organization","EEA"
8843,"AMS SOU Angel Kanchev-Varna","pm10",28.77,"µg/m³","2026-06-20T22:00:00Z","2026-06-21T01:00:00+03:00","Europe/Sofia",43.22438900023895,27.915733000170828,,,,"Unknown Governmental Organization","EEA"
8843,"AMS SOU Angel Kanchev-Varna","pm10",26.32,"µg/m³","2026-06-20T23:00:00Z","2026-06-21T02:00:00+03:00","Europe/Sofia",43.22438900023895,27.915733000170828,,,,"Unknown Governmental Organization","EEA"
8843,"AMS SOU Angel Kanchev-Varna","pm10",26.52,"µg/m³","2026-06-21T00:00:00Z","2026-06-21T03:00:00+03:00","Europe/Sofia",43.22438900023895,27.915733000170828,,,,"Unknown Governmental Organization","EEA"
8843,"AMS SOU Angel Kanchev-Varna","pm10",28.29,"µg/m³","2026-06-21T01:00:00Z","2026-06-21T04:00:00+03:00","Europe/Sofia",43.22438900023895,27.915733000170828,,,,"Unknown Governmental Organization","EEA"
8843,"AMS SOU Angel Kanchev-Varna","pm10",26.22,"µg/m³","2026-06-21T02:00:00Z","2026-06-21T05:00:00+03:00","Europe/Sofia",43.22438900023895,27.915733000170828,,,,"Unknown Governmental Organization","EEA"
8843,"AMS SOU Angel Kanchev-Varna","pm10",33.01,"µg/m³","2026-06-21T03:00:00Z","2026-06-21T06:00:00+03:00","Europe/Sofia",43.22438900023895,27.915733000170828,,,,"Unknown Governmental Organization","EEA"
8843,"AMS SOU Angel Kanchev-Varna","pm10",27.96,"µg/m³","2026-06-21T04:00:00Z","2026-06-21T07:00:00+03:00","Europe/Sofia",43.22438900023895,27.915733000170828,,,,"Unknown Governmental Organization","EEA"
8843,"AMS SOU Angel Kanchev-Varna","pm10",39.23,"µg/m³","2026-06-21T05:00:00Z","2026-06-21T08:00:00+03:00","Europe/Sofia",43.22438900023895,27.915733000170828,,,,"Unknown Governmental Organization","EEA"
8843,"AMS SOU Angel Kanchev-Varna","pm10",45.46,"µg/m³","2026-06-21T06:00:00Z","2026-06-21T09:00:00+03:00","Europe/Sofia",43.22438900023895,27.915733000170828,,,,"Unknown Governmental Organization","EEA"
8843,"AMS SOU Angel Kanchev-Varna","pm10",53.5,"µg/m³","2026-06-21T07:00:00Z","2026-06-21T10:00:00+03:00","Europe/Sofia",43.22438900023895,27.915733000170828,,,,"Unknown Governmental Organization","EEA"
8843,"AMS SOU Angel Kanchev-Varna","pm10",46.71,"µg/m³","2026-06-21T08:00:00Z","2026-06-21T11:00:00+03:00","Europe/Sofia",43.22438900023895,27.915733000170828,,,,"Unknown Governmental Organization","EEA"
8843,"AMS SOU Angel Kanchev-Varna","pm10",37.03,"µg/m³","2026-06-21T09:00:00Z","2026-06-21T12:00:00+03:00","Europe/Sofia",43.22438900023895,27.915733000170828,,,,"Unknown Governmental Organization","EEA"
8843,"AMS SOU Angel Kanchev-Varna","pm10",29.59,"µg/m³","2026-06-21T10:00:00Z","2026-06-21T13:00:00+03:00","Europe/Sofia",43.22438900023895,27.915733000170828,,,,"Unknown Governmental Organization","EEA"
8843,"AMS SOU Angel Kanchev-Varna","pm10",22.99,"µg/m³","2026-06-21T11:00:00Z","2026-06-21T14:00:00+03:00","Europe/Sofia",43.22438900023895,27.915733000170828,,,,"Unknown Governmental Organization","EEA"
8843,"AMS SOU Angel Kanchev-Varna","pm10",16.79,"µg/m³","2026-06-21T12:00:00Z","2026-06-21T15:00:00+03:00","Europe/Sofia",43.22438900023895,27.915733000170828,,,,"Unknown Governmental Organization","EEA"
8843,"AMS SOU Angel Kanchev-Varna","pm10",17.43,"µg/m³","2026-06-21T13:00:00Z","2026-06-21T16:00:00+03:00","Europe/Sofia",43.22438900023895,27.915733000170828,,,,"Unknown Governmental Organization","EEA"
8843,"AMS SOU Angel Kanchev-Varna","pm10",16.92,"µg/m³","2026-06-21T14:00:00Z","2026-06-21T17:00:00+03:00","Europe/Sofia",43.22438900023895,27.915733000170828,,,,"Unknown Governmental Organization","EEA"
8843,"AMS SOU Angel Kanchev-Varna","pm10",12.01,"µg/m³","2026-06-21T15:00:00Z","2026-06-21T18:00:00+03:00","Europe/Sofia",43.22438900023895,27.915733000170828,,,,"Unknown Governmental Organization","EEA"
8843,"AMS SOU Angel Kanchev-Varna","pm10",10.39,"µg/m³","2026-06-21T16:00:00Z","2026-06-21T19:00:00+03:00","Europe/Sofia",43.22438900023895,27.915733000170828,,,,"Unknown Governmental Organization","EEA"
8843,"AMS SOU Angel Kanchev-Varna","pm10",11.19,"µg/m³","2026-06-21T17:00:00Z","2026-06-21T20:00:00+03:00","Europe/Sofia",43.22438900023895,27.915733000170828,,,,"Unknown Governmental Organization","EEA"
8843,"AMS SOU Angel Kanchev-Varna","pm10",10.4,"µg/m³","2026-06-21T18:00:00Z","2026-06-21T21:00:00+03:00","Europe/Sofia",43.22438900023895,27.915733000170828,,,,"Unknown Governmental Organization","EEA"
8843,"AMS SOU Angel Kanchev-Varna","pm10",8.53,"µg/m³","2026-06-21T19:00:00Z","2026-06-21T22:00:00+03:00","Europe/Sofia",43.22438900023895,27.915733000170828,,,,"Unknown Governmental Organization","EEA"
8843,"AMS SOU Angel Kanchev-Varna","pm10",11.8,"µg/m³","2026-06-21T20:00:00Z","2026-06-21T23:00:00+03:00","Europe/Sofia",43.22438900023895,27.915733000170828,,,,"Unknown Governmental Organization","EEA"
8843,"AMS SOU Angel Kanchev-Varna","pm10",15.17,"µg/m³","2026-06-21T21:00:00Z","2026-06-22T00:00:00+03:00","Europe/Sofia",43.22438900023895,27.915733000170828,,,,"Unknown Governmental Organization","EEA"
8843,"AMS SOU Angel Kanchev-Varna","pm10",17.32,"µg/m³","2026-06-21T22:00:00Z","2026-06-22T01:00:00+03:00","Europe/Sofia",43.22438900023895,27.915733000170828,,,,"Unknown Governmental Organization","EEA"
8843,"AMS SOU Angel Kanchev-Varna","pm10",30.02,"µg/m³","2026-06-21T23:00:00Z","2026-06-22T02:00:00+03:00","Europe/Sofia",43.22438900023895,27.915733000170828,,,,"Unknown Governmental Organization","EEA"
8843,"AMS SOU Angel Kanchev-Varna","pm10",21.28,"µg/m³","2026-06-22T00:00:00Z","2026-06-22T03:00:00+03:00","Europe/Sofia",43.22438900023895,27.915733000170828,,,,"Unknown Governmental Organization","EEA"
8843,"AMS SOU Angel Kanchev-Varna","pm10",20.55,"µg/m³","2026-06-22T01:00:00Z","2026-06-22T04:00:00+03:00","Europe/Sofia",43.22438900023895,27.915733000170828,,,,"Unknown Governmental Organization","EEA"
8843,"AMS SOU Angel Kanchev-Varna","pm10",26.37,"µg/m³","2026-06-22T02:00:00Z","2026-06-22T05:00:00+03:00","Europe/Sofia",43.22438900023895,27.915733000170828,,,,"Unknown Governmental Organization","EEA"
8843,"AMS SOU Angel Kanchev-Varna","pm10",22.4,"µg/m³","2026-06-22T03:00:00Z","2026-06-22T06:00:00+03:00","Europe/Sofia",43.22438900023895,27.915733000170828,,,,"Unknown Governmental Organization","EEA"
8843,"AMS SOU Angel Kanchev-Varna","pm10",18.16,"µg/m³","2026-06-22T04:00:00Z","2026-06-22T07:00:00+03:00","Europe/Sofia",43.22438900023895,27.915733000170828,,,,"Unknown Governmental Organization","EEA"
8843,"AMS SOU Angel Kanchev-Varna","pm10",24.33,"µg/m³","2026-06-22T05:00:00Z","2026-06-22T08:00:00+03:00","Europe/Sofia",43.22438900023895,27.915733000170828,,,,"Unknown Governmental Organization","EEA"
8843,"AMS SOU Angel Kanchev-Varna","pm10",37.11,"µg/m³","2026-06-22T06:00:00Z","2026-06-22T09:00:00+03:00","Europe/Sofia",43.22438900023895,27.915733000170828,,,,"Unknown Governmental Organization","EEA"
8843,"AMS SOU Angel Kanchev-Varna","pm10",48.34,"µg/m³","2026-06-22T07:00:00Z","2026-06-22T10:00:00+03:00","Europe/Sofia",43.22438900023895,27.915733000170828,,,,"Unknown Governmental Organization","EEA"
8843,"AMS SOU Angel Kanchev-Varna","pm10",37.29,"µg/m³","2026-06-22T09:00:00Z","2026-06-22T12:00:00+03:00","Europe/Sofia",43.22438900023895,27.915733000170828,,,,"Unknown Governmental Organization","EEA"
8843,"AMS SOU Angel Kanchev-Varna","pm10",-1,"µg/m³","2026-06-22T10:00:00Z","2026-06-22T13:00:00+03:00","Europe/Sofia",43.22438900023895,27.915733000170828,,,,"Unknown Governmental Organization","EEA"
8843,"AMS SOU Angel Kanchev-Varna","pm10",30.92,"µg/m³","2026-06-22T11:00:00Z","2026-06-22T14:00:00+03:00","Europe/Sofia",43.22438900023895,27.915733000170828,,,,"Unknown Governmental Organization","EEA"
8843,"AMS SOU Angel Kanchev-Varna","pm10",30.31,"µg/m³","2026-06-22T12:00:00Z","2026-06-22T15:00:00+03:00","Europe/Sofia",43.22438900023895,27.915733000170828,,,,"Unknown Governmental Organization","EEA"
8843,"AMS SOU Angel Kanchev-Varna","pm10",25.66,"µg/m³","2026-06-22T13:00:00Z","2026-06-22T16:00:00+03:00","Europe/Sofia",43.22438900023895,27.915733000170828,,,,"Unknown Governmental Organization","EEA"
8843,"AMS SOU Angel Kanchev-Varna","pm10",29.32,"µg/m³","2026-06-22T14:00:00Z","2026-06-22T17:00:00+03:00","Europe/Sofia",43.22438900023895,27.915733000170828,,,,"Unknown Governmental Organization","EEA"
8843,"AMS SOU Angel Kanchev-Varna","pm10",33.92,"µg/m³","2026-06-22T15:00:00Z","2026-06-22T18:00:00+03:00","Europe/Sofia",43.22438900023895,27.915733000170828,,,,"Unknown Governmental Organization","EEA"
8843,"AMS SOU Angel Kanchev-Varna","pm10",24.57,"µg/m³","2026-06-22T16:00:00Z","2026-06-22T19:00:00+03:00","Europe/Sofia",43.22438900023895,27.915733000170828,,,,"Unknown Governmental Organization","EEA"
8843,"AMS SOU Angel Kanchev-Varna","pm10",27.88,"µg/m³","2026-06-22T17:00:00Z","2026-06-22T20:00:00+03:00","Europe/Sofia",43.22438900023895,27.915733000170828,,,,"Unknown Governmental Organization","EEA"
8843,"AMS SOU Angel Kanchev-Varna","pm10",29.2,"µg/m³","2026-06-22T18:00:00Z","2026-06-22T21:00:00+03:00","Europe/Sofia",43.22438900023895,27.915733000170828,,,,"Unknown Governmental Organization","EEA"
8843,"AMS SOU Angel Kanchev-Varna","pm10",20.59,"µg/m³","2026-06-22T19:00:00Z","2026-06-22T22:00:00+03:00","Europe/Sofia",43.22438900023895,27.915733000170828,,,,"Unknown Governmental Organization","EEA"
8843,"AMS SOU Angel Kanchev-Varna","pm10",16.82,"µg/m³","2026-06-22T20:00:00Z","2026-06-22T23:00:00+03:00","Europe/Sofia",43.22438900023895,27.915733000170828,,,,"Unknown Governmental Organization","EEA"
8843,"AMS SOU Angel Kanchev-Varna","pm10",17.27,"µg/m³","2026-06-22T21:00:00Z","2026-06-23T00:00:00+03:00","Europe/Sofia",43.22438900023895,27.915733000170828,,,,"Unknown Governmental Organization","EEA"
8843,"AMS SOU Angel Kanchev-Varna","pm10",20.18,"µg/m³","2026-06-22T22:00:00Z","2026-06-23T01:00:00+03:00","Europe/Sofia",43.22438900023895,27.915733000170828,,,,"Unknown Governmental Organization","EEA"
8843,"AMS SOU Angel Kanchev-Varna","pm10",26.36,"µg/m³","2026-06-22T23:00:00Z","2026-06-23T02:00:00+03:00","Europe/Sofia",43.22438900023895,27.915733000170828,,,,"Unknown Governmental Organization","EEA"
8843,"AMS SOU Angel Kanchev-Varna","pm10",21.58,"µg/m³","2026-06-23T00:00:00Z","2026-06-23T03:00:00+03:00","Europe/Sofia",43.22438900023895,27.915733000170828,,,,"Unknown Governmental Organization","EEA"
8843,"AMS SOU Angel Kanchev-Varna","pm10",18.73,"µg/m³","2026-06-23T01:00:00Z","2026-06-23T04:00:00+03:00","Europe/Sofia",43.22438900023895,27.915733000170828,,,,"Unknown Governmental Organization","EEA"
8843,"AMS SOU Angel Kanchev-Varna","pm10",16.17,"µg/m³","2026-06-23T02:00:00Z","2026-06-23T05:00:00+03:00","Europe/Sofia",43.22438900023895,27.915733000170828,,,,"Unknown Governmental Organization","EEA"
8843,"AMS SOU Angel Kanchev-Varna","pm10",20.42,"µg/m³","2026-06-23T03:00:00Z","2026-06-23T06:00:00+03:00","Europe/Sofia",43.22438900023895,27.915733000170828,,,,"Unknown Governmental Organization","EEA"
8843,"AMS SOU Angel Kanchev-Varna","pm10",30.99,"µg/m³","2026-06-23T04:00:00Z","2026-06-23T07:00:00+03:00","Europe/Sofia",43.22438900023895,27.915733000170828,,,,"Unknown Governmental Organization","EEA"
8843,"AMS SOU Angel Kanchev-Varna","pm10",27.18,"µg/m³","2026-06-23T05:00:00Z","2026-06-23T08:00:00+03:00","Europe/Sofia",43.22438900023895,27.915733000170828,,,,"Unknown Governmental Organization","EEA"
8843,"AMS SOU Angel Kanchev-Varna","pm10",31.97,"µg/m³","2026-06-23T06:00:00Z","2026-06-23T09:00:00+03:00","Europe/Sofia",43.22438900023895,27.915733000170828,,,,"Unknown Governmental Organization","EEA"
8843,"AMS SOU Angel Kanchev-Varna","pm10",43.47,"µg/m³","2026-06-23T07:00:00Z","2026-06-23T10:00:00+03:00","Europe/Sofia",43.22438900023895,27.915733000170828,,,,"Unknown Governmental Organization","EEA"
8843,"AMS SOU Angel Kanchev-Varna","pm10",53.09,"µg/m³","2026-06-23T08:00:00Z","2026-06-23T11:00:00+03:00","Europe/Sofia",43.22438900023895,27.915733000170828,,,,"Unknown Governmental Organization","EEA"
8843,"AMS SOU Angel Kanchev-Varna","pm10",38.83,"µg/m³","2026-06-23T10:00:00Z","2026-06-23T13:00:00+03:00","Europe/Sofia",43.22438900023895,27.915733000170828,,,,"Unknown Governmental Organization","EEA"
8843,"AMS SOU Angel Kanchev-Varna","pm10",31.64,"µg/m³","2026-06-23T11:00:00Z","2026-06-23T14:00:00+03:00","Europe/Sofia",43.22438900023895,27.915733000170828,,,,"Unknown Governmental Organization","EEA"
8843,"AMS SOU Angel Kanchev-Varna","pm10",35.47,"µg/m³","2026-06-23T12:00:00Z","2026-06-23T15:00:00+03:00","Europe/Sofia",43.22438900023895,27.915733000170828,,,,"Unknown Governmental Organization","EEA"
8843,"AMS SOU Angel Kanchev-Varna","pm10",27.02,"µg/m³","2026-06-23T13:00:00Z","2026-06-23T16:00:00+03:00","Europe/Sofia",43.22438900023895,27.915733000170828,,,,"Unknown Governmental Organization","EEA"
8843,"AMS SOU Angel Kanchev-Varna","pm10",20.99,"µg/m³","2026-06-23T14:00:00Z","2026-06-23T17:00:00+03:00","Europe/Sofia",43.22438900023895,27.915733000170828,,,,"Unknown Governmental Organization","EEA"
8843,"AMS SOU Angel Kanchev-Varna","pm10",19.01,"µg/m³","2026-06-23T15:00:00Z","2026-06-23T18:00:00+03:00","Europe/Sofia",43.22438900023895,27.915733000170828,,,,"Unknown Governmental Organization","EEA"
8843,"AMS SOU Angel Kanchev-Varna","pm10",25.28,"µg/m³","2026-06-23T16:00:00Z","2026-06-23T19:00:00+03:00","Europe/Sofia",43.22438900023895,27.915733000170828,,,,"Unknown Governmental Organization","EEA"
8843,"AMS SOU Angel Kanchev-Varna","pm10",19.72,"µg/m³","2026-06-23T17:00:00Z","2026-06-23T20:00:00+03:00","Europe/Sofia",43.22438900023895,27.915733000170828,,,,"Unknown Governmental Organization","EEA"
8843,"AMS SOU Angel Kanchev-Varna","pm10",13.95,"µg/m³","2026-06-23T18:00:00Z","2026-06-23T21:00:00+03:00","Europe/Sofia",43.22438900023895,27.915733000170828,,,,"Unknown Governmental Organization","EEA"
8843,"AMS SOU Angel Kanchev-Varna","pm10",11.8,"µg/m³","2026-06-23T19:00:00Z","2026-06-23T22:00:00+03:00","Europe/Sofia",43.22438900023895,27.915733000170828,,,,"Unknown Governmental Organization","EEA"
8843,"AMS SOU Angel Kanchev-Varna","pm10",13.11,"µg/m³","2026-06-23T20:00:00Z","2026-06-23T23:00:00+03:00","Europe/Sofia",43.22438900023895,27.915733000170828,,,,"Unknown Governmental Organization","EEA"
8843,"AMS SOU Angel Kanchev-Varna","pm10",9.68,"µg/m³","2026-06-23T21:00:00Z","2026-06-24T00:00:00+03:00","Europe/Sofia",43.22438900023895,27.915733000170828,,,,"Unknown Governmental Organization","EEA"
8843,"AMS SOU Angel Kanchev-Varna","pm10",23.1,"µg/m³","2026-06-23T22:00:00Z","2026-06-24T01:00:00+03:00","Europe/Sofia",43.22438900023895,27.915733000170828,,,,"Unknown Governmental Organization","EEA"
8843,"AMS SOU Angel Kanchev-Varna","pm10",17.28,"µg/m³","2026-06-23T23:00:00Z","2026-06-24T02:00:00+03:00","Europe/Sofia",43.22438900023895,27.915733000170828,,,,"Unknown Governmental Organization","EEA"
8843,"AMS SOU Angel Kanchev-Varna","pm10",12.2,"µg/m³","2026-06-24T00:00:00Z","2026-06-24T03:00:00+03:00","Europe/Sofia",43.22438900023895,27.915733000170828,,,,"Unknown Governmental Organization","EEA"
8843,"AMS SOU Angel Kanchev-Varna","pm10",8.82,"µg/m³","2026-06-24T01:00:00Z","2026-06-24T04:00:00+03:00","Europe/Sofia",43.22438900023895,27.915733000170828,,,,"Unknown Governmental Organization","EEA"
8843,"AMS SOU Angel Kanchev-Varna","pm10",10.46,"µg/m³","2026-06-24T02:00:00Z","2026-06-24T05:00:00+03:00","Europe/Sofia",43.22438900023895,27.915733000170828,,,,"Unknown Governmental Organization","EEA"
8843,"AMS SOU Angel Kanchev-Varna","pm10",10.37,"µg/m³","2026-06-24T03:00:00Z","2026-06-24T06:00:00+03:00","Europe/Sofia",43.22438900023895,27.915733000170828,,,,"Unknown Governmental Organization","EEA"
8843,"AMS SOU Angel Kanchev-Varna","pm10",10.54,"µg/m³","2026-06-24T04:00:00Z","2026-06-24T07:00:00+03:00","Europe/Sofia",43.22438900023895,27.915733000170828,,,,"Unknown Governmental Organization","EEA"
8843,"AMS SOU Angel Kanchev-Varna","pm10",11.07,"µg/m³","2026-06-24T05:00:00Z","2026-06-24T08:00:00+03:00","Europe/Sofia",43.22438900023895,27.915733000170828,,,,"Unknown Governmental Organization","EEA"
8843,"AMS SOU Angel Kanchev-Varna","pm10",30.77,"µg/m³","2026-06-24T06:00:00Z","2026-06-24T09:00:00+03:00","Europe/Sofia",43.22438900023895,27.915733000170828,,,,"Unknown Governmental Organization","EEA"
8843,"AMS SOU Angel Kanchev-Varna","pm10",45.69,"µg/m³","2026-06-24T07:00:00Z","2026-06-24T10:00:00+03:00","Europe/Sofia",43.22438900023895,27.915733000170828,,,,"Unknown Governmental Organization","EEA"
8843,"AMS SOU Angel Kanchev-Varna","pm10",59.15,"µg/m³","2026-06-24T09:00:00Z","2026-06-24T12:00:00+03:00","Europe/Sofia",43.22438900023895,27.915733000170828,,,,"Unknown Governmental Organization","EEA"
8843,"AMS SOU Angel Kanchev-Varna","pm10",53.91,"µg/m³","2026-06-24T10:00:00Z","2026-06-24T13:00:00+03:00","Europe/Sofia",43.22438900023895,27.915733000170828,,,,"Unknown Governmental Organization","EEA"
8843,"AMS SOU Angel Kanchev-Varna","pm10",38.03,"µg/m³","2026-06-24T11:00:00Z","2026-06-24T14:00:00+03:00","Europe/Sofia",43.22438900023895,27.915733000170828,,,,"Unknown Governmental Organization","EEA"
8843,"AMS SOU Angel Kanchev-Varna","pm10",34.44,"µg/m³","2026-06-24T12:00:00Z","2026-06-24T15:00:00+03:00","Europe/Sofia",43.22438900023895,27.915733000170828,,,,"Unknown Governmental Organization","EEA"
8843,"AMS SOU Angel Kanchev-Varna","pm10",37.9,"µg/m³","2026-06-24T13:00:00Z","2026-06-24T16:00:00+03:00","Europe/Sofia",43.22438900023895,27.915733000170828,,,,"Unknown Governmental Organization","EEA"
8843,"AMS SOU Angel Kanchev-Varna","pm10",26.84,"µg/m³","2026-06-24T14:00:00Z","2026-06-24T17:00:00+03:00","Europe/Sofia",43.22438900023895,27.915733000170828,,,,"Unknown Governmental Organization","EEA"
8843,"AMS SOU Angel Kanchev-Varna","pm10",29.24,"µg/m³","2026-06-24T16:00:00Z","2026-06-24T19:00:00+03:00","Europe/Sofia",43.22438900023895,27.915733000170828,,,,"Unknown Governmental Organization","EEA"
8843,"AMS SOU Angel Kanchev-Varna","pm10",30.01,"µg/m³","2026-06-24T17:00:00Z","2026-06-24T20:00:00+03:00","Europe/Sofia",43.22438900023895,27.915733000170828,,,,"Unknown Governmental Organization","EEA"
8843,"AMS SOU Angel Kanchev-Varna","pm10",28.3,"µg/m³","2026-06-24T18:00:00Z","2026-06-24T21:00:00+03:00","Europe/Sofia",43.22438900023895,27.915733000170828,,,,"Unknown Governmental Organization","EEA"
8843,"AMS SOU Angel Kanchev-Varna","pm10",19.99,"µg/m³","2026-06-24T19:00:00Z","2026-06-24T22:00:00+03:00","Europe/Sofia",43.22438900023895,27.915733000170828,,,,"Unknown Governmental Organization","EEA"
8843,"AMS SOU Angel Kanchev-Varna","pm10",17.46,"µg/m³","2026-06-24T20:00:00Z","2026-06-24T23:00:00+03:00","Europe/Sofia",43.22438900023895,27.915733000170828,,,,"Unknown Governmental Organization","EEA"
8843,"AMS SOU Angel Kanchev-Varna","pm10",23.83,"µg/m³","2026-06-24T21:00:00Z","2026-06-25T00:00:00+03:00","Europe/Sofia",43.22438900023895,27.915733000170828,,,,"Unknown Governmental Organization","EEA"
8843,"AMS SOU Angel Kanchev-Varna","pm10",30.04,"µg/m³","2026-06-24T22:00:00Z","2026-06-25T01:00:00+03:00","Europe/Sofia",43.22438900023895,27.915733000170828,,,,"Unknown Governmental Organization","EEA"
8843,"AMS SOU Angel Kanchev-Varna","pm10",23.85,"µg/m³","2026-06-24T23:00:00Z","2026-06-25T02:00:00+03:00","Europe/Sofia",43.22438900023895,27.915733000170828,,,,"Unknown Governmental Organization","EEA"
8843,"AMS SOU Angel Kanchev-Varna","pm10",26.49,"µg/m³","2026-06-25T00:00:00Z","2026-06-25T03:00:00+03:00","Europe/Sofia",43.22438900023895,27.915733000170828,,,,"Unknown Governmental Organization","EEA"
8843,"AMS SOU Angel Kanchev-Varna","pm10",31.16,"µg/m³","2026-06-25T01:00:00Z","2026-06-25T04:00:00+03:00","Europe/Sofia",43.22438900023895,27.915733000170828,,,,"Unknown Governmental Organization","EEA"
8843,"AMS SOU Angel Kanchev-Varna","pm10",24.18,"µg/m³","2026-06-25T02:00:00Z","2026-06-25T05:00:00+03:00","Europe/Sofia",43.22438900023895,27.915733000170828,,,,"Unknown Governmental Organization","EEA"
8843,"AMS SOU Angel Kanchev-Varna","pm10",24.13,"µg/m³","2026-06-25T03:00:00Z","2026-06-25T06:00:00+03:00","Europe/Sofia",43.22438900023895,27.915733000170828,,,,"Unknown Governmental Organization","EEA"
8843,"AMS SOU Angel Kanchev-Varna","pm10",22,"µg/m³","2026-06-25T04:00:00Z","2026-06-25T07:00:00+03:00","Europe/Sofia",43.22438900023895,27.915733000170828,,,,"Unknown Governmental Organization","EEA"
8843,"AMS SOU Angel Kanchev-Varna","pm10",31.75,"µg/m³","2026-06-25T05:00:00Z","2026-06-25T08:00:00+03:00","Europe/Sofia",43.22438900023895,27.915733000170828,,,,"Unknown Governmental Organization","EEA"
8843,"AMS SOU Angel Kanchev-Varna","pm10",27.98,"µg/m³","2026-06-25T06:00:00Z","2026-06-25T09:00:00+03:00","Europe/Sofia",43.22438900023895,27.915733000170828,,,,"Unknown Governmental Organization","EEA"
8843,"AMS SOU Angel Kanchev-Varna","pm10",26.71,"µg/m³","2026-06-25T07:00:00Z","2026-06-25T10:00:00+03:00","Europe/Sofia",43.22438900023895,27.915733000170828,,,,"Unknown Governmental Organization","EEA"
8843,"AMS SOU Angel Kanchev-Varna","pm10",32.37,"µg/m³","2026-06-25T08:00:00Z","2026-06-25T11:00:00+03:00","Europe/Sofia",43.22438900023895,27.915733000170828,,,,"Unknown Governmental Organization","EEA"
8843,"AMS SOU Angel Kanchev-Varna","pm10",22.96,"µg/m³","2026-06-25T09:00:00Z","2026-06-25T12:00:00+03:00","Europe/Sofia",43.22438900023895,27.915733000170828,,,,"Unknown Governmental Organization","EEA"
8843,"AMS SOU Angel Kanchev-Varna","pm10",24.41,"µg/m³","2026-06-25T10:00:00Z","2026-06-25T13:00:00+03:00","Europe/Sofia",43.22438900023895,27.915733000170828,,,,"Unknown Governmental Organization","EEA"
8843,"AMS SOU Angel Kanchev-Varna","pm10",23.46,"µg/m³","2026-06-25T11:00:00Z","2026-06-25T14:00:00+03:00","Europe/Sofia",43.22438900023895,27.915733000170828,,,,"Unknown Governmental Organization","EEA"
8843,"AMS SOU Angel Kanchev-Varna","pm10",24.61,"µg/m³","2026-06-25T12:00:00Z","2026-06-25T15:00:00+03:00","Europe/Sofia",43.22438900023895,27.915733000170828,,,,"Unknown Governmental Organization","EEA"
8843,"AMS SOU Angel Kanchev-Varna","pm10",24.44,"µg/m³","2026-06-25T13:00:00Z","2026-06-25T16:00:00+03:00","Europe/Sofia",43.22438900023895,27.915733000170828,,,,"Unknown Governmental Organization","EEA"
8843,"AMS SOU Angel Kanchev-Varna","pm10",19.9,"µg/m³","2026-06-25T14:00:00Z","2026-06-25T17:00:00+03:00","Europe/Sofia",43.22438900023895,27.915733000170828,,,,"Unknown Governmental Organization","EEA"
8843,"AMS SOU Angel Kanchev-Varna","pm10",23.93,"µg/m³","2026-06-25T15:00:00Z","2026-06-25T18:00:00+03:00","Europe/Sofia",43.22438900023895,27.915733000170828,,,,"Unknown Governmental Organization","EEA"
8843,"AMS SOU Angel Kanchev-Varna","pm10",17.05,"µg/m³","2026-06-25T16:00:00Z","2026-06-25T19:00:00+03:00","Europe/Sofia",43.22438900023895,27.915733000170828,,,,"Unknown Governmental Organization","EEA"
8843,"AMS SOU Angel Kanchev-Varna","pm10",20.16,"µg/m³","2026-06-25T17:00:00Z","2026-06-25T20:00:00+03:00","Europe/Sofia",43.22438900023895,27.915733000170828,,,,"Unknown Governmental Organization","EEA"
8843,"AMS SOU Angel Kanchev-Varna","pm10",17.44,"µg/m³","2026-06-25T18:00:00Z","2026-06-25T21:00:00+03:00","Europe/Sofia",43.22438900023895,27.915733000170828,,,,"Unknown Governmental Organization","EEA"
8843,"AMS SOU Angel Kanchev-Varna","pm10",12.42,"µg/m³","2026-06-25T19:00:00Z","2026-06-25T22:00:00+03:00","Europe/Sofia",43.22438900023895,27.915733000170828,,,,"Unknown Governmental Organization","EEA"
8843,"AMS SOU Angel Kanchev-Varna","pm10",13.19,"µg/m³","2026-06-25T20:00:00Z","2026-06-25T23:00:00+03:00","Europe/Sofia",43.22438900023895,27.915733000170828,,,,"Unknown Governmental Organization","EEA"
8843,"AMS SOU Angel Kanchev-Varna","pm10",22.91,"µg/m³","2026-06-25T21:00:00Z","2026-06-26T00:00:00+03:00","Europe/Sofia",43.22438900023895,27.915733000170828,,,,"Unknown Governmental Organization","EEA"
8843,"AMS SOU Angel Kanchev-Varna","pm10",24.91,"µg/m³","2026-06-25T23:00:00Z","2026-06-26T02:00:00+03:00","Europe/Sofia",43.22438900023895,27.915733000170828,,,,"Unknown Governmental Organization","EEA"
8843,"AMS SOU Angel Kanchev-Varna","pm10",36.02,"µg/m³","2026-06-26T00:00:00Z","2026-06-26T03:00:00+03:00","Europe/Sofia",43.22438900023895,27.915733000170828,,,,"Unknown Governmental Organization","EEA"
8843,"AMS SOU Angel Kanchev-Varna","pm10",25.33,"µg/m³","2026-06-26T01:00:00Z","2026-06-26T04:00:00+03:00","Europe/Sofia",43.22438900023895,27.915733000170828,,,,"Unknown Governmental Organization","EEA"
8843,"AMS SOU Angel Kanchev-Varna","pm10",18.59,"µg/m³","2026-06-26T02:00:00Z","2026-06-26T05:00:00+03:00","Europe/Sofia",43.22438900023895,27.915733000170828,,,,"Unknown Governmental Organization","EEA"
8843,"AMS SOU Angel Kanchev-Varna","pm10",23.84,"µg/m³","2026-06-26T03:00:00Z","2026-06-26T06:00:00+03:00","Europe/Sofia",43.22438900023895,27.915733000170828,,,,"Unknown Governmental Organization","EEA"
8843,"AMS SOU Angel Kanchev-Varna","pm10",36.2,"µg/m³","2026-06-26T04:00:00Z","2026-06-26T07:00:00+03:00","Europe/Sofia",43.22438900023895,27.915733000170828,,,,"Unknown Governmental Organization","EEA"
8843,"AMS SOU Angel Kanchev-Varna","pm10",35.5,"µg/m³","2026-06-26T05:00:00Z","2026-06-26T08:00:00+03:00","Europe/Sofia",43.22438900023895,27.915733000170828,,,,"Unknown Governmental Organization","EEA"
8843,"AMS SOU Angel Kanchev-Varna","pm10",27,"µg/m³","2026-06-26T06:00:00Z","2026-06-26T09:00:00+03:00","Europe/Sofia",43.22438900023895,27.915733000170828,,,,"Unknown Governmental Organization","EEA"
8843,"AMS SOU Angel Kanchev-Varna","pm10",32.35,"µg/m³","2026-06-26T09:00:00Z","2026-06-26T12:00:00+03:00","Europe/Sofia",43.22438900023895,27.915733000170828,,,,"Unknown Governmental Organization","EEA"
8843,"AMS SOU Angel Kanchev-Varna","pm10",25.21,"µg/m³","2026-06-26T10:00:00Z","2026-06-26T13:00:00+03:00","Europe/Sofia",43.22438900023895,27.915733000170828,,,,"Unknown Governmental Organization","EEA"
8843,"AMS SOU Angel Kanchev-Varna","pm10",27.27,"µg/m³","2026-06-26T11:00:00Z","2026-06-26T14:00:00+03:00","Europe/Sofia",43.22438900023895,27.915733000170828,,,,"Unknown Governmental Organization","EEA"
8843,"AMS SOU Angel Kanchev-Varna","pm10",23.74,"µg/m³","2026-06-26T12:00:00Z","2026-06-26T15:00:00+03:00","Europe/Sofia",43.22438900023895,27.915733000170828,,,,"Unknown Governmental Organization","EEA"
8843,"AMS SOU Angel Kanchev-Varna","pm10",27.83,"µg/m³","2026-06-26T13:00:00Z","2026-06-26T16:00:00+03:00","Europe/Sofia",43.22438900023895,27.915733000170828,,,,"Unknown Governmental Organization","EEA"
8843,"AMS SOU Angel Kanchev-Varna","pm10",29.17,"µg/m³","2026-06-26T14:00:00Z","2026-06-26T17:00:00+03:00","Europe/Sofia",43.22438900023895,27.915733000170828,,,,"Unknown Governmental Organization","EEA"
8843,"AMS SOU Angel Kanchev-Varna","pm10",26.28,"µg/m³","2026-06-26T15:00:00Z","2026-06-26T18:00:00+03:00","Europe/Sofia",43.22438900023895,27.915733000170828,,,,"Unknown Governmental Organization","EEA"
8843,"AMS SOU Angel Kanchev-Varna","pm10",28.42,"µg/m³","2026-06-26T16:00:00Z","2026-06-26T19:00:00+03:00","Europe/Sofia",43.22438900023895,27.915733000170828,,,,"Unknown Governmental Organization","EEA"
8843,"AMS SOU Angel Kanchev-Varna","pm10",20.12,"µg/m³","2026-06-26T17:00:00Z","2026-06-26T20:00:00+03:00","Europe/Sofia",43.22438900023895,27.915733000170828,,,,"Unknown Governmental Organization","EEA"
8843,"AMS SOU Angel Kanchev-Varna","pm10",18.63,"µg/m³","2026-06-26T18:00:00Z","2026-06-26T21:00:00+03:00","Europe/Sofia",43.22438900023895,27.915733000170828,,,,"Unknown Governmental Organization","EEA"
8843,"AMS SOU Angel Kanchev-Varna","pm10",14.83,"µg/m³","2026-06-26T19:00:00Z","2026-06-26T22:00:00+03:00","Europe/Sofia",43.22438900023895,27.915733000170828,,,,"Unknown Governmental Organization","EEA"
8843,"AMS SOU Angel Kanchev-Varna","pm10",23.01,"µg/m³","2026-06-26T20:00:00Z","2026-06-26T23:00:00+03:00","Europe/Sofia",43.22438900023895,27.915733000170828,,,,"Unknown Governmental Organization","EEA"
8843,"AMS SOU Angel Kanchev-Varna","pm10",26.55,"µg/m³","2026-06-26T21:00:00Z","2026-06-27T00:00:00+03:00","Europe/Sofia",43.22438900023895,27.915733000170828,,,,"Unknown Governmental Organization","EEA"
8843,"AMS SOU Angel Kanchev-Varna","pm10",24.91,"µg/m³","2026-06-26T22:00:00Z","2026-06-27T01:00:00+03:00","Europe/Sofia",43.22438900023895,27.915733000170828,,,,"Unknown Governmental Organization","EEA"
8843,"AMS SOU Angel Kanchev-Varna","pm10",20.31,"µg/m³","2026-06-26T23:00:00Z","2026-06-27T02:00:00+03:00","Europe/Sofia",43.22438900023895,27.915733000170828,,,,"Unknown Governmental Organization","EEA"
8843,"AMS SOU Angel Kanchev-Varna","pm10",23.67,"µg/m³","2026-06-27T00:00:00Z","2026-06-27T03:00:00+03:00","Europe/Sofia",43.22438900023895,27.915733000170828,,,,"Unknown Governmental Organization","EEA"
8843,"AMS SOU Angel Kanchev-Varna","pm10",21.42,"µg/m³","2026-06-27T01:00:00Z","2026-06-27T04:00:00+03:00","Europe/Sofia",43.22438900023895,27.915733000170828,,,,"Unknown Governmental Organization","EEA"
8843,"AMS SOU Angel Kanchev-Varna","pm10",31.03,"µg/m³","2026-06-27T02:00:00Z","2026-06-27T05:00:00+03:00","Europe/Sofia",43.22438900023895,27.915733000170828,,,,"Unknown Governmental Organization","EEA"
8843,"AMS SOU Angel Kanchev-Varna","pm10",26.98,"µg/m³","2026-06-27T03:00:00Z","2026-06-27T06:00:00+03:00","Europe/Sofia",43.22438900023895,27.915733000170828,,,,"Unknown Governmental Organization","EEA"
8843,"AMS SOU Angel Kanchev-Varna","pm10",24.35,"µg/m³","2026-06-27T04:00:00Z","2026-06-27T07:00:00+03:00","Europe/Sofia",43.22438900023895,27.915733000170828,,,,"Unknown Governmental Organization","EEA"
8843,"AMS SOU Angel Kanchev-Varna","pm10",49.02,"µg/m³","2026-06-27T05:00:00Z","2026-06-27T08:00:00+03:00","Europe/Sofia",43.22438900023895,27.915733000170828,,,,"Unknown Governmental Organization","EEA"
8843,"AMS SOU Angel Kanchev-Varna","pm10",44.67,"µg/m³","2026-06-27T06:00:00Z","2026-06-27T09:00:00+03:00","Europe/Sofia",43.22438900023895,27.915733000170828,,,,"Unknown Governmental Organization","EEA"
8843,"AMS SOU Angel Kanchev-Varna","pm10",41.49,"µg/m³","2026-06-27T07:00:00Z","2026-06-27T10:00:00+03:00","Europe/Sofia",43.22438900023895,27.915733000170828,,,,"Unknown Governmental Organization","EEA"
8843,"AMS SOU Angel Kanchev-Varna","pm10",36.17,"µg/m³","2026-06-27T08:00:00Z","2026-06-27T11:00:00+03:00","Europe/Sofia",43.22438900023895,27.915733000170828,,,,"Unknown Governmental Organization","EEA"
8843,"AMS SOU Angel Kanchev-Varna","pm10",30.92,"µg/m³","2026-06-27T09:00:00Z","2026-06-27T12:00:00+03:00","Europe/Sofia",43.22438900023895,27.915733000170828,,,,"Unknown Governmental Organization","EEA"
8843,"AMS SOU Angel Kanchev-Varna","pm10",25.32,"µg/m³","2026-06-27T10:00:00Z","2026-06-27T13:00:00+03:00","Europe/Sofia",43.22438900023895,27.915733000170828,,,,"Unknown Governmental Organization","EEA"
8843,"AMS SOU Angel Kanchev-Varna","pm10",23.09,"µg/m³","2026-06-27T11:00:00Z","2026-06-27T14:00:00+03:00","Europe/Sofia",43.22438900023895,27.915733000170828,,,,"Unknown Governmental Organization","EEA"
8843,"AMS SOU Angel Kanchev-Varna","pm10",27,"µg/m³","2026-06-27T12:00:00Z","2026-06-27T15:00:00+03:00","Europe/Sofia",43.22438900023895,27.915733000170828,,,,"Unknown Governmental Organization","EEA"
8843,"AMS SOU Angel Kanchev-Varna","pm10",40.46,"µg/m³","2026-06-27T13:00:00Z","2026-06-27T16:00:00+03:00","Europe/Sofia",43.22438900023895,27.915733000170828,,,,"Unknown Governmental Organization","EEA"
8843,"AMS SOU Angel Kanchev-Varna","pm10",28.94,"µg/m³","2026-06-27T14:00:00Z","2026-06-27T17:00:00+03:00","Europe/Sofia",43.22438900023895,27.915733000170828,,,,"Unknown Governmental Organization","EEA"
8843,"AMS SOU Angel Kanchev-Varna","pm10",38.82,"µg/m³","2026-06-27T15:00:00Z","2026-06-27T18:00:00+03:00","Europe/Sofia",43.22438900023895,27.915733000170828,,,,"Unknown Governmental Organization","EEA"
8843,"AMS SOU Angel Kanchev-Varna","pm10",30.18,"µg/m³","2026-06-27T16:00:00Z","2026-06-27T19:00:00+03:00","Europe/Sofia",43.22438900023895,27.915733000170828,,,,"Unknown Governmental Organization","EEA"
8843,"AMS SOU Angel Kanchev-Varna","pm10",31.92,"µg/m³","2026-06-27T17:00:00Z","2026-06-27T20:00:00+03:00","Europe/Sofia",43.22438900023895,27.915733000170828,,,,"Unknown Governmental Organization","EEA"
8843,"AMS SOU Angel Kanchev-Varna","pm10",22.5,"µg/m³","2026-06-27T18:00:00Z","2026-06-27T21:00:00+03:00","Europe/Sofia",43.22438900023895,27.915733000170828,,,,"Unknown Governmental Organization","EEA"
8843,"AMS SOU Angel Kanchev-Varna","pm10",17.53,"µg/m³","2026-06-27T19:00:00Z","2026-06-27T22:00:00+03:00","Europe/Sofia",43.22438900023895,27.915733000170828,,,,"Unknown Governmental Organization","EEA"
8843,"AMS SOU Angel Kanchev-Varna","pm10",12.72,"µg/m³","2026-06-27T20:00:00Z","2026-06-27T23:00:00+03:00","Europe/Sofia",43.22438900023895,27.915733000170828,,,,"Unknown Governmental Organization","EEA"
8843,"AMS SOU Angel Kanchev-Varna","pm10",21.4,"µg/m³","2026-06-27T21:00:00Z","2026-06-28T00:00:00+03:00","Europe/Sofia",43.22438900023895,27.915733000170828,,,,"Unknown Governmental Organization","EEA"
8843,"AMS SOU Angel Kanchev-Varna","pm10",19.49,"µg/m³","2026-06-27T22:00:00Z","2026-06-28T01:00:00+03:00","Europe/Sofia",43.22438900023895,27.915733000170828,,,,"Unknown Governmental Organization","EEA"
8843,"AMS SOU Angel Kanchev-Varna","pm10",19.12,"µg/m³","2026-06-27T23:00:00Z","2026-06-28T02:00:00+03:00","Europe/Sofia",43.22438900023895,27.915733000170828,,,,"Unknown Governmental Organization","EEA"
8843,"AMS SOU Angel Kanchev-Varna","pm10",15.35,"µg/m³","2026-06-28T00:00:00Z","2026-06-28T03:00:00+03:00","Europe/Sofia",43.22438900023895,27.915733000170828,,,,"Unknown Governmental Organization","EEA"
8843,"AMS SOU Angel Kanchev-Varna","pm10",16.22,"µg/m³","2026-06-28T01:00:00Z","2026-06-28T04:00:00+03:00","Europe/Sofia",43.22438900023895,27.915733000170828,,,,"Unknown Governmental Organization","EEA"
8843,"AMS SOU Angel Kanchev-Varna","pm10",18.77,"µg/m³","2026-06-28T02:00:00Z","2026-06-28T05:00:00+03:00","Europe/Sofia",43.22438900023895,27.915733000170828,,,,"Unknown Governmental Organization","EEA"
8843,"AMS SOU Angel Kanchev-Varna","pm10",13.34,"µg/m³","2026-06-28T03:00:00Z","2026-06-28T06:00:00+03:00","Europe/Sofia",43.22438900023895,27.915733000170828,,,,"Unknown Governmental Organization","EEA"
8843,"AMS SOU Angel Kanchev-Varna","pm10",12.71,"µg/m³","2026-06-28T04:00:00Z","2026-06-28T07:00:00+03:00","Europe/Sofia",43.22438900023895,27.915733000170828,,,,"Unknown Governmental Organization","EEA"
8843,"AMS SOU Angel Kanchev-Varna","pm10",16.27,"µg/m³","2026-06-28T05:00:00Z","2026-06-28T08:00:00+03:00","Europe/Sofia",43.22438900023895,27.915733000170828,,,,"Unknown Governmental Organization","EEA"
8843,"AMS SOU Angel Kanchev-Varna","pm10",15.78,"µg/m³","2026-06-28T06:00:00Z","2026-06-28T09:00:00+03:00","Europe/Sofia",43.22438900023895,27.915733000170828,,,,"Unknown Governmental Organization","EEA"
8843,"AMS SOU Angel Kanchev-Varna","pm10",19.54,"µg/m³","2026-06-28T07:00:00Z","2026-06-28T10:00:00+03:00","Europe/Sofia",43.22438900023895,27.915733000170828,,,,"Unknown Governmental Organization","EEA"
8843,"AMS SOU Angel Kanchev-Varna","pm10",21.46,"µg/m³","2026-06-28T08:00:00Z","2026-06-28T11:00:00+03:00","Europe/Sofia",43.22438900023895,27.915733000170828,,,,"Unknown Governmental Organization","EEA"
8843,"AMS SOU Angel Kanchev-Varna","pm10",20,"µg/m³","2026-06-28T09:00:00Z","2026-06-28T12:00:00+03:00","Europe/Sofia",43.22438900023895,27.915733000170828,,,,"Unknown Governmental Organization","EEA"
8843,"AMS SOU Angel Kanchev-Varna","pm10",16.72,"µg/m³","2026-06-28T10:00:00Z","2026-06-28T13:00:00+03:00","Europe/Sofia",43.22438900023895,27.915733000170828,,,,"Unknown Governmental Organization","EEA"
8843,"AMS SOU Angel Kanchev-Varna","pm10",-1,"µg/m³","2026-06-28T12:00:00Z","2026-06-28T15:00:00+03:00","Europe/Sofia",43.22438900023895,27.915733000170828,,,,"Unknown Governmental Organization","EEA"
8843,"AMS SOU Angel Kanchev-Varna","pm10",8.28,"µg/m³","2026-06-28T13:00:00Z","2026-06-28T16:00:00+03:00","Europe/Sofia",43.22438900023895,27.915733000170828,,,,"Unknown Governmental Organization","EEA"
8843,"AMS SOU Angel Kanchev-Varna","pm10",-1,"µg/m³","2026-06-28T14:00:00Z","2026-06-28T17:00:00+03:00","Europe/Sofia",43.22438900023895,27.915733000170828,,,,"Unknown Governmental Organization","EEA"
8843,"AMS SOU Angel Kanchev-Varna","pm10",-1,"µg/m³","2026-06-28T15:00:00Z","2026-06-28T18:00:00+03:00","Europe/Sofia",43.22438900023895,27.915733000170828,,,,"Unknown Governmental Organization","EEA"
8843,"AMS SOU Angel Kanchev-Varna","pm10",-1,"µg/m³","2026-06-28T16:00:00Z","2026-06-28T19:00:00+03:00","Europe/Sofia",43.22438900023895,27.915733000170828,,,,"Unknown Governmental Organization","EEA"
8843,"AMS SOU Angel Kanchev-Varna","pm10",5.21,"µg/m³","2026-06-28T17:00:00Z","2026-06-28T20:00:00+03:00","Europe/Sofia",43.22438900023895,27.915733000170828,,,,"Unknown Governmental Organization","EEA"
8843,"AMS SOU Angel Kanchev-Varna","pm10",6.3,"µg/m³","2026-06-28T18:00:00Z","2026-06-28T21:00:00+03:00","Europe/Sofia",43.22438900023895,27.915733000170828,,,,"Unknown Governmental Organization","EEA"
8843,"AMS SOU Angel Kanchev-Varna","pm10",7.33,"µg/m³","2026-06-28T19:00:00Z","2026-06-28T22:00:00+03:00","Europe/Sofia",43.22438900023895,27.915733000170828,,,,"Unknown Governmental Organization","EEA"
8843,"AMS SOU Angel Kanchev-Varna","pm10",8.09,"µg/m³","2026-06-28T20:00:00Z","2026-06-28T23:00:00+03:00","Europe/Sofia",43.22438900023895,27.915733000170828,,,,"Unknown Governmental Organization","EEA"
8843,"AMS SOU Angel Kanchev-Varna","pm10",28.01,"µg/m³","2026-06-28T21:00:00Z","2026-06-29T00:00:00+03:00","Europe/Sofia",43.22438900023895,27.915733000170828,,,,"Unknown Governmental Organization","EEA"
8843,"AMS SOU Angel Kanchev-Varna","pm10",20.07,"µg/m³","2026-06-28T22:00:00Z","2026-06-29T01:00:00+03:00","Europe/Sofia",43.22438900023895,27.915733000170828,,,,"Unknown Governmental Organization","EEA"
8843,"AMS SOU Angel Kanchev-Varna","pm10",26.6,"µg/m³","2026-06-28T23:00:00Z","2026-06-29T02:00:00+03:00","Europe/Sofia",43.22438900023895,27.915733000170828,,,,"Unknown Governmental Organization","EEA"
8843,"AMS SOU Angel Kanchev-Varna","pm10",20.46,"µg/m³","2026-06-29T00:00:00Z","2026-06-29T03:00:00+03:00","Europe/Sofia",43.22438900023895,27.915733000170828,,,,"Unknown Governmental Organization","EEA"
8843,"AMS SOU Angel Kanchev-Varna","pm10",25.97,"µg/m³","2026-06-29T01:00:00Z","2026-06-29T04:00:00+03:00","Europe/Sofia",43.22438900023895,27.915733000170828,,,,"Unknown Governmental Organization","EEA"
8843,"AMS SOU Angel Kanchev-Varna","pm10",27.18,"µg/m³","2026-06-29T02:00:00Z","2026-06-29T05:00:00+03:00","Europe/Sofia",43.22438900023895,27.915733000170828,,,,"Unknown Governmental Organization","EEA"
8843,"AMS SOU Angel Kanchev-Varna","pm10",44.28,"µg/m³","2026-06-29T04:00:00Z","2026-06-29T07:00:00+03:00","Europe/Sofia",43.22438900023895,27.915733000170828,,,,"Unknown Governmental Organization","EEA"
8843,"AMS SOU Angel Kanchev-Varna","pm10",36.05,"µg/m³","2026-06-29T05:00:00Z","2026-06-29T08:00:00+03:00","Europe/Sofia",43.22438900023895,27.915733000170828,,,,"Unknown Governmental Organization","EEA"
8843,"AMS SOU Angel Kanchev-Varna","pm10",38.42,"µg/m³","2026-06-29T06:00:00Z","2026-06-29T09:00:00+03:00","Europe/Sofia",43.22438900023895,27.915733000170828,,,,"Unknown Governmental Organization","EEA"
8843,"AMS SOU Angel Kanchev-Varna","pm10",37.01,"µg/m³","2026-06-29T07:00:00Z","2026-06-29T10:00:00+03:00","Europe/Sofia",43.22438900023895,27.915733000170828,,,,"Unknown Governmental Organization","EEA"
8843,"AMS SOU Angel Kanchev-Varna","pm10",-1,"µg/m³","2026-06-29T08:00:00Z","2026-06-29T11:00:00+03:00","Europe/Sofia",43.22438900023895,27.915733000170828,,,,"Unknown Governmental Organization","EEA"
8843,"AMS SOU Angel Kanchev-Varna","pm10",-1,"µg/m³","2026-06-29T12:00:00Z","2026-06-29T15:00:00+03:00","Europe/Sofia",43.22438900023895,27.915733000170828,,,,"Unknown Governmental Organization","EEA"
8843,"AMS SOU Angel Kanchev-Varna","pm10",-1,"µg/m³","2026-06-29T13:00:00Z","2026-06-29T16:00:00+03:00","Europe/Sofia",43.22438900023895,27.915733000170828,,,,"Unknown Governmental Organization","EEA"
8843,"AMS SOU Angel Kanchev-Varna","pm10",-1,"µg/m³","2026-06-29T14:00:00Z","2026-06-29T17:00:00+03:00","Europe/Sofia",43.22438900023895,27.915733000170828,,,,"Unknown Governmental Organization","EEA"
8843,"AMS SOU Angel Kanchev-Varna","pm10",38.93,"µg/m³","2026-06-29T15:00:00Z","2026-06-29T18:00:00+03:00","Europe/Sofia",43.22438900023895,27.915733000170828,,,,"Unknown Governmental Organization","EEA"
8843,"AMS SOU Angel Kanchev-Varna","pm10",27.35,"µg/m³","2026-06-29T16:00:00Z","2026-06-29T19:00:00+03:00","Europe/Sofia",43.22438900023895,27.915733000170828,,,,"Unknown Governmental Organization","EEA"
8843,"AMS SOU Angel Kanchev-Varna","pm10",28.16,"µg/m³","2026-06-29T17:00:00Z","2026-06-29T20:00:00+03:00","Europe/Sofia",43.22438900023895,27.915733000170828,,,,"Unknown Governmental Organization","EEA"
8843,"AMS SOU Angel Kanchev-Varna","pm10",19.79,"µg/m³","2026-06-29T18:00:00Z","2026-06-29T21:00:00+03:00","Europe/Sofia",43.22438900023895,27.915733000170828,,,,"Unknown Governmental Organization","EEA"
8843,"AMS SOU Angel Kanchev-Varna","pm10",19.7,"µg/m³","2026-06-29T19:00:00Z","2026-06-29T22:00:00+03:00","Europe/Sofia",43.22438900023895,27.915733000170828,,,,"Unknown Governmental Organization","EEA"
8843,"AMS SOU Angel Kanchev-Varna","pm10",26.25,"µg/m³","2026-06-29T20:00:00Z","2026-06-29T23:00:00+03:00","Europe/Sofia",43.22438900023895,27.915733000170828,,,,"Unknown Governmental Organization","EEA"
8843,"AMS SOU Angel Kanchev-Varna","pm10",30.61,"µg/m³","2026-06-29T21:00:00Z","2026-06-30T00:00:00+03:00","Europe/Sofia",43.22438900023895,27.915733000170828,,,,"Unknown Governmental Organization","EEA"
8843,"AMS SOU Angel Kanchev-Varna","pm10",25.63,"µg/m³","2026-06-29T22:00:00Z","2026-06-30T01:00:00+03:00","Europe/Sofia",43.22438900023895,27.915733000170828,,,,"Unknown Governmental Organization","EEA"
8843,"AMS SOU Angel Kanchev-Varna","pm10",28.78,"µg/m³","2026-06-29T23:00:00Z","2026-06-30T02:00:00+03:00","Europe/Sofia",43.22438900023895,27.915733000170828,,,,"Unknown Governmental Organization","EEA"
8843,"AMS SOU Angel Kanchev-Varna","pm10",29.55,"µg/m³","2026-06-30T00:00:00Z","2026-06-30T03:00:00+03:00","Europe/Sofia",43.22438900023895,27.915733000170828,,,,"Unknown Governmental Organization","EEA"
8843,"AMS SOU Angel Kanchev-Varna","pm10",25.86,"µg/m³","2026-06-30T01:00:00Z","2026-06-30T04:00:00+03:00","Europe/Sofia",43.22438900023895,27.915733000170828,,,,"Unknown Governmental Organization","EEA"
8843,"AMS SOU Angel Kanchev-Varna","pm10",26.42,"µg/m³","2026-06-30T02:00:00Z","2026-06-30T05:00:00+03:00","Europe/Sofia",43.22438900023895,27.915733000170828,,,,"Unknown Governmental Organization","EEA"
8843,"AMS SOU Angel Kanchev-Varna","pm10",24.59,"µg/m³","2026-06-30T03:00:00Z","2026-06-30T06:00:00+03:00","Europe/Sofia",43.22438900023895,27.915733000170828,,,,"Unknown Governmental Organization","EEA"
8843,"AMS SOU Angel Kanchev-Varna","pm10",24.77,"µg/m³","2026-06-30T04:00:00Z","2026-06-30T07:00:00+03:00","Europe/Sofia",43.22438900023895,27.915733000170828,,,,"Unknown Governmental Organization","EEA"
8843,"AMS SOU Angel Kanchev-Varna","pm10",18.42,"µg/m³","2026-06-30T05:00:00Z","2026-06-30T08:00:00+03:00","Europe/Sofia",43.22438900023895,27.915733000170828,,,,"Unknown Governmental Organization","EEA"
8843,"AMS SOU Angel Kanchev-Varna","pm10",37.06,"µg/m³","2026-06-30T06:00:00Z","2026-06-30T09:00:00+03:00","Europe/Sofia",43.22438900023895,27.915733000170828,,,,"Unknown Governmental Organization","EEA"
8843,"AMS SOU Angel Kanchev-Varna","pm10",38,"µg/m³","2026-06-30T07:00:00Z","2026-06-30T10:00:00+03:00","Europe/Sofia",43.22438900023895,27.915733000170828,,,,"Unknown Governmental Organization","EEA"
8843,"AMS SOU Angel Kanchev-Varna","pm10",30.94,"µg/m³","2026-06-30T08:00:00Z","2026-06-30T11:00:00+03:00","Europe/Sofia",43.22438900023895,27.915733000170828,,,,"Unknown Governmental Organization","EEA"
8843,"AMS SOU Angel Kanchev-Varna","pm10",30.85,"µg/m³","2026-06-30T09:00:00Z","2026-06-30T12:00:00+03:00","Europe/Sofia",43.22438900023895,27.915733000170828,,,,"Unknown Governmental Organization","EEA"
8843,"AMS SOU Angel Kanchev-Varna","pm10",24.03,"µg/m³","2026-06-30T10:00:00Z","2026-06-30T13:00:00+03:00","Europe/Sofia",43.22438900023895,27.915733000170828,,,,"Unknown Governmental Organization","EEA"
8843,"AMS SOU Angel Kanchev-Varna","pm10",24.6,"µg/m³","2026-06-30T11:00:00Z","2026-06-30T14:00:00+03:00","Europe/Sofia",43.22438900023895,27.915733000170828,,,,"Unknown Governmental Organization","EEA"
8843,"AMS SOU Angel Kanchev-Varna","pm10",17.57,"µg/m³","2026-06-30T12:00:00Z","2026-06-30T15:00:00+03:00","Europe/Sofia",43.22438900023895,27.915733000170828,,,,"Unknown Governmental Organization","EEA"
8843,"AMS SOU Angel Kanchev-Varna","pm10",14.62,"µg/m³","2026-06-30T13:00:00Z","2026-06-30T16:00:00+03:00","Europe/Sofia",43.22438900023895,27.915733000170828,,,,"Unknown Governmental Organization","EEA"
8843,"AMS SOU Angel Kanchev-Varna","pm10",22.85,"µg/m³","2026-06-30T14:00:00Z","2026-06-30T17:00:00+03:00","Europe/Sofia",43.22438900023895,27.915733000170828,,,,"Unknown Governmental Organization","EEA"
8843,"AMS SOU Angel Kanchev-Varna","pm10",16.02,"µg/m³","2026-06-30T15:00:00Z","2026-06-30T18:00:00+03:00","Europe/Sofia",43.22438900023895,27.915733000170828,,,,"Unknown Governmental Organization","EEA"
8843,"AMS SOU Angel Kanchev-Varna","pm10",13.22,"µg/m³","2026-06-30T16:00:00Z","2026-06-30T19:00:00+03:00","Europe/Sofia",43.22438900023895,27.915733000170828,,,,"Unknown Governmental Organization","EEA"
8843,"AMS SOU Angel Kanchev-Varna","pm10",10.3,"µg/m³","2026-06-30T17:00:00Z","2026-06-30T20:00:00+03:00","Europe/Sofia",43.22438900023895,27.915733000170828,,,,"Unknown Governmental Organization","EEA"
8843,"AMS SOU Angel Kanchev-Varna","pm10",13.83,"µg/m³","2026-06-30T18:00:00Z","2026-06-30T21:00:00+03:00","Europe/Sofia",43.22438900023895,27.915733000170828,,,,"Unknown Governmental Organization","EEA"
8843,"AMS SOU Angel Kanchev-Varna","pm10",16.86,"µg/m³","2026-06-30T19:00:00Z","2026-06-30T22:00:00+03:00","Europe/Sofia",43.22438900023895,27.915733000170828,,,,"Unknown Governmental Organization","EEA"
8843,"AMS SOU Angel Kanchev-Varna","pm10",13.39,"µg/m³","2026-06-30T20:00:00Z","2026-06-30T23:00:00+03:00","Europe/Sofia",43.22438900023895,27.915733000170828,,,,"Unknown Governmental Organization","EEA"
8843,"AMS SOU Angel Kanchev-Varna","pm10",17.7,"µg/m³","2026-06-30T21:00:00Z","2026-07-01T00:00:00+03:00","Europe/Sofia",43.22438900023895,27.915733000170828,,,,"Unknown Governmental Organization","EEA"
8843,"AMS SOU Angel Kanchev-Varna","pm10",19.7,"µg/m³","2026-06-30T22:00:00Z","2026-07-01T01:00:00+03:00","Europe/Sofia",43.22438900023895,27.915733000170828,,,,"Unknown Governmental Organization","EEA"
8843,"AMS SOU Angel Kanchev-Varna","pm10",21.35,"µg/m³","2026-07-01T00:00:00Z","2026-07-01T03:00:00+03:00","Europe/Sofia",43.22438900023895,27.915733000170828,,,,"Unknown Governmental Organization","EEA"
8843,"AMS SOU Angel Kanchev-Varna","pm10",22,"µg/m³","2026-07-01T01:00:00Z","2026-07-01T04:00:00+03:00","Europe/Sofia",43.22438900023895,27.915733000170828,,,,"Unknown Governmental Organization","EEA"
8843,"AMS SOU Angel Kanchev-Varna","pm10",21.08,"µg/m³","2026-07-01T02:00:00Z","2026-07-01T05:00:00+03:00","Europe/Sofia",43.22438900023895,27.915733000170828,,,,"Unknown Governmental Organization","EEA"
8843,"AMS SOU Angel Kanchev-Varna","pm10",26.49,"µg/m³","2026-07-01T03:00:00Z","2026-07-01T06:00:00+03:00","Europe/Sofia",43.22438900023895,27.915733000170828,,,,"Unknown Governmental Organization","EEA"
8843,"AMS SOU Angel Kanchev-Varna","pm10",25.83,"µg/m³","2026-07-01T04:00:00Z","2026-07-01T07:00:00+03:00","Europe/Sofia",43.22438900023895,27.915733000170828,,,,"Unknown Governmental Organization","EEA"
8843,"AMS SOU Angel Kanchev-Varna","pm10",29.86,"µg/m³","2026-07-01T05:00:00Z","2026-07-01T08:00:00+03:00","Europe/Sofia",43.22438900023895,27.915733000170828,,,,"Unknown Governmental Organization","EEA"
8843,"AMS SOU Angel Kanchev-Varna","pm10",27.03,"µg/m³","2026-07-01T06:00:00Z","2026-07-01T09:00:00+03:00","Europe/Sofia",43.22438900023895,27.915733000170828,,,,"Unknown Governmental Organization","EEA"
8843,"AMS SOU Angel Kanchev-Varna","pm10",26.89,"µg/m³","2026-07-01T07:00:00Z","2026-07-01T10:00:00+03:00","Europe/Sofia",43.22438900023895,27.915733000170828,,,,"Unknown Governmental Organization","EEA"
8843,"AMS SOU Angel Kanchev-Varna","pm10",33.99,"µg/m³","2026-07-01T08:00:00Z","2026-07-01T11:00:00+03:00","Europe/Sofia",43.22438900023895,27.915733000170828,,,,"Unknown Governmental Organization","EEA"
8843,"AMS SOU Angel Kanchev-Varna","pm10",29.67,"µg/m³","2026-07-01T09:00:00Z","2026-07-01T12:00:00+03:00","Europe/Sofia",43.22438900023895,27.915733000170828,,,,"Unknown Governmental Organization","EEA"
8843,"AMS SOU Angel Kanchev-Varna","pm10",26.32,"µg/m³","2026-07-01T10:00:00Z","2026-07-01T13:00:00+03:00","Europe/Sofia",43.22438900023895,27.915733000170828,,,,"Unknown Governmental Organization","EEA"
8843,"AMS SOU Angel Kanchev-Varna","pm10",35.88,"µg/m³","2026-07-01T11:00:00Z","2026-07-01T14:00:00+03:00","Europe/Sofia",43.22438900023895,27.915733000170828,,,,"Unknown Governmental Organization","EEA"
8843,"AMS SOU Angel Kanchev-Varna","pm10",25.76,"µg/m³","2026-07-01T12:00:00Z","2026-07-01T15:00:00+03:00","Europe/Sofia",43.22438900023895,27.915733000170828,,,,"Unknown Governmental Organization","EEA"
8843,"AMS SOU Angel Kanchev-Varna","pm10",20.24,"µg/m³","2026-07-01T13:00:00Z","2026-07-01T16:00:00+03:00","Europe/Sofia",43.22438900023895,27.915733000170828,,,,"Unknown Governmental Organization","EEA"
8843,"AMS SOU Angel Kanchev-Varna","pm10",26.77,"µg/m³","2026-07-01T15:00:00Z","2026-07-01T18:00:00+03:00","Europe/Sofia",43.22438900023895,27.915733000170828,,,,"Unknown Governmental Organization","EEA"
8843,"AMS SOU Angel Kanchev-Varna","pm10",29.44,"µg/m³","2026-07-01T16:00:00Z","2026-07-01T19:00:00+03:00","Europe/Sofia",43.22438900023895,27.915733000170828,,,,"Unknown Governmental Organization","EEA"
8843,"AMS SOU Angel Kanchev-Varna","pm10",20.73,"µg/m³","2026-07-01T17:00:00Z","2026-07-01T20:00:00+03:00","Europe/Sofia",43.22438900023895,27.915733000170828,,,,"Unknown Governmental Organization","EEA"
8843,"AMS SOU Angel Kanchev-Varna","pm10",23.35,"µg/m³","2026-07-01T18:00:00Z","2026-07-01T21:00:00+03:00","Europe/Sofia",43.22438900023895,27.915733000170828,,,,"Unknown Governmental Organization","EEA"
8843,"AMS SOU Angel Kanchev-Varna","pm10",-1,"µg/m³","2026-07-01T19:00:00Z","2026-07-01T22:00:00+03:00","Europe/Sofia",43.22438900023895,27.915733000170828,,,,"Unknown Governmental Organization","EEA"
8843,"AMS SOU Angel Kanchev-Varna","pm10",27.05,"µg/m³","2026-07-01T20:00:00Z","2026-07-01T23:00:00+03:00","Europe/Sofia",43.22438900023895,27.915733000170828,,,,"Unknown Governmental Organization","EEA"
8843,"AMS SOU Angel Kanchev-Varna","pm10",22.31,"µg/m³","2026-07-01T21:00:00Z","2026-07-02T00:00:00+03:00","Europe/Sofia",43.22438900023895,27.915733000170828,,,,"Unknown Governmental Organization","EEA"
8843,"AMS SOU Angel Kanchev-Varna","pm10",22.38,"µg/m³","2026-07-01T22:00:00Z","2026-07-02T01:00:00+03:00","Europe/Sofia",43.22438900023895,27.915733000170828,,,,"Unknown Governmental Organization","EEA"
8843,"AMS SOU Angel Kanchev-Varna","pm10",20.29,"µg/m³","2026-07-01T23:00:00Z","2026-07-02T02:00:00+03:00","Europe/Sofia",43.22438900023895,27.915733000170828,,,,"Unknown Governmental Organization","EEA"
8843,"AMS SOU Angel Kanchev-Varna","pm10",24.41,"µg/m³","2026-07-02T00:00:00Z","2026-07-02T03:00:00+03:00","Europe/Sofia",43.22438900023895,27.915733000170828,,,,"Unknown Governmental Organization","EEA"
8843,"AMS SOU Angel Kanchev-Varna","pm25",12.62,"µg/m³","2026-06-01T01:00:00Z","2026-06-01T04:00:00+03:00","Europe/Sofia",43.22438900023895,27.915733000170828,,,,"Unknown Governmental Organization","EEA"
8843,"AMS SOU Angel Kanchev-Varna","pm25",11.6,"µg/m³","2026-06-01T02:00:00Z","2026-06-01T05:00:00+03:00","Europe/Sofia",43.22438900023895,27.915733000170828,,,,"Unknown Governmental Organization","EEA"
8843,"AMS SOU Angel Kanchev-Varna","pm25",9.22,"µg/m³","2026-06-01T03:00:00Z","2026-06-01T06:00:00+03:00","Europe/Sofia",43.22438900023895,27.915733000170828,,,,"Unknown Governmental Organization","EEA"
8843,"AMS SOU Angel Kanchev-Varna","pm25",10.68,"µg/m³","2026-06-01T04:00:00Z","2026-06-01T07:00:00+03:00","Europe/Sofia",43.22438900023895,27.915733000170828,,,,"Unknown Governmental Organization","EEA"
8843,"AMS SOU Angel Kanchev-Varna","pm25",14.72,"µg/m³","2026-06-01T06:00:00Z","2026-06-01T09:00:00+03:00","Europe/Sofia",43.22438900023895,27.915733000170828,,,,"Unknown Governmental Organization","EEA"
8843,"AMS SOU Angel Kanchev-Varna","pm25",12.36,"µg/m³","2026-06-01T07:00:00Z","2026-06-01T10:00:00+03:00","Europe/Sofia",43.22438900023895,27.915733000170828,,,,"Unknown Governmental Organization","EEA"
8843,"AMS SOU Angel Kanchev-Varna","pm25",11.26,"µg/m³","2026-06-01T08:00:00Z","2026-06-01T11:00:00+03:00","Europe/Sofia",43.22438900023895,27.915733000170828,,,,"Unknown Governmental Organization","EEA"
8843,"AMS SOU Angel Kanchev-Varna","pm25",8.83,"µg/m³","2026-06-01T09:00:00Z","2026-06-01T12:00:00+03:00","Europe/Sofia",43.22438900023895,27.915733000170828,,,,"Unknown Governmental Organization","EEA"
8843,"AMS SOU Angel Kanchev-Varna","pm25",8.33,"µg/m³","2026-06-01T10:00:00Z","2026-06-01T13:00:00+03:00","Europe/Sofia",43.22438900023895,27.915733000170828,,,,"Unknown Governmental Organization","EEA"
8843,"AMS SOU Angel Kanchev-Varna","pm25",8.53,"µg/m³","2026-06-01T11:00:00Z","2026-06-01T14:00:00+03:00","Europe/Sofia",43.22438900023895,27.915733000170828,,,,"Unknown Governmental Organization","EEA"
8843,"AMS SOU Angel Kanchev-Varna","pm25",8.78,"µg/m³","2026-06-01T12:00:00Z","2026-06-01T15:00:00+03:00","Europe/Sofia",43.22438900023895,27.915733000170828,,,,"Unknown Governmental Organization","EEA"
8843,"AMS SOU Angel Kanchev-Varna","pm25",9.57,"µg/m³","2026-06-01T13:00:00Z","2026-06-01T16:00:00+03:00","Europe/Sofia",43.22438900023895,27.915733000170828,,,,"Unknown Governmental Organization","EEA"
8843,"AMS SOU Angel Kanchev-Varna","pm25",9.4,"µg/m³","2026-06-01T14:00:00Z","2026-06-01T17:00:00+03:00","Europe/Sofia",43.22438900023895,27.915733000170828,,,,"Unknown Governmental Organization","EEA"
8843,"AMS SOU Angel Kanchev-Varna","pm25",8.91,"µg/m³","2026-06-01T16:00:00Z","2026-06-01T19:00:00+03:00","Europe/Sofia",43.22438900023895,27.915733000170828,,,,"Unknown Governmental Organization","EEA"
8843,"AMS SOU Angel Kanchev-Varna","pm25",8.18,"µg/m³","2026-06-01T17:00:00Z","2026-06-01T20:00:00+03:00","Europe/Sofia",43.22438900023895,27.915733000170828,,,,"Unknown Governmental Organization","EEA"
8843,"AMS SOU Angel Kanchev-Varna","pm25",7.19,"µg/m³","2026-06-01T18:00:00Z","2026-06-01T21:00:00+03:00","Europe/Sofia",43.22438900023895,27.915733000170828,,,,"Unknown Governmental Organization","EEA"
8843,"AMS SOU Angel Kanchev-Varna","pm25",7.4,"µg/m³","2026-06-01T19:00:00Z","2026-06-01T22:00:00+03:00","Europe/Sofia",43.22438900023895,27.915733000170828,,,,"Unknown Governmental Organization","EEA"
8843,"AMS SOU Angel Kanchev-Varna","pm25",7.7,"µg/m³","2026-06-01T20:00:00Z","2026-06-01T23:00:00+03:00","Europe/Sofia",43.22438900023895,27.915733000170828,,,,"Unknown Governmental Organization","EEA"
8843,"AMS SOU Angel Kanchev-Varna","pm25",7.6,"µg/m³","2026-06-01T21:00:00Z","2026-06-02T00:00:00+03:00","Europe/Sofia",43.22438900023895,27.915733000170828,,,,"Unknown Governmental Organization","EEA"
8843,"AMS SOU Angel Kanchev-Varna","pm25",7.15,"µg/m³","2026-06-01T22:00:00Z","2026-06-02T01:00:00+03:00","Europe/Sofia",43.22438900023895,27.915733000170828,,,,"Unknown Governmental Organization","EEA"
8843,"AMS SOU Angel Kanchev-Varna","pm25",7.42,"µg/m³","2026-06-01T23:00:00Z","2026-06-02T02:00:00+03:00","Europe/Sofia",43.22438900023895,27.915733000170828,,,,"Unknown Governmental Organization","EEA"
8843,"AMS SOU Angel Kanchev-Varna","pm25",9.33,"µg/m³","2026-06-02T00:00:00Z","2026-06-02T03:00:00+03:00","Europe/Sofia",43.22438900023895,27.915733000170828,,,,"Unknown Governmental Organization","EEA"
8843,"AMS SOU Angel Kanchev-Varna","pm25",9.63,"µg/m³","2026-06-02T01:00:00Z","2026-06-02T04:00:00+03:00","Europe/Sofia",43.22438900023895,27.915733000170828,,,,"Unknown Governmental Organization","EEA"
8843,"AMS SOU Angel Kanchev-Varna","pm25",9.25,"µg/m³","2026-06-02T02:00:00Z","2026-06-02T05:00:00+03:00","Europe/Sofia",43.22438900023895,27.915733000170828,,,,"Unknown Governmental Organization","EEA"
8843,"AMS SOU Angel Kanchev-Varna","pm25",9.48,"µg/m³","2026-06-02T03:00:00Z","2026-06-02T06:00:00+03:00","Europe/Sofia",43.22438900023895,27.915733000170828,,,,"Unknown Governmental Organization","EEA"
8843,"AMS SOU Angel Kanchev-Varna","pm25",9.38,"µg/m³","2026-06-02T04:00:00Z","2026-06-02T07:00:00+03:00","Europe/Sofia",43.22438900023895,27.915733000170828,,,,"Unknown Governmental Organization","EEA"
8843,"AMS SOU Angel Kanchev-Varna","pm25",9.1,"µg/m³","2026-06-02T05:00:00Z","2026-06-02T08:00:00+03:00","Europe/Sofia",43.22438900023895,27.915733000170828,,,,"Unknown Governmental Organization","EEA"
8843,"AMS SOU Angel Kanchev-Varna","pm25",8.55,"µg/m³","2026-06-02T06:00:00Z","2026-06-02T09:00:00+03:00","Europe/Sofia",43.22438900023895,27.915733000170828,,,,"Unknown Governmental Organization","EEA"
8843,"AMS SOU Angel Kanchev-Varna","pm25",8.4,"µg/m³","2026-06-02T07:00:00Z","2026-06-02T10:00:00+03:00","Europe/Sofia",43.22438900023895,27.915733000170828,,,,"Unknown Governmental Organization","EEA"
8843,"AMS SOU Angel Kanchev-Varna","pm25",8.76,"µg/m³","2026-06-02T08:00:00Z","2026-06-02T11:00:00+03:00","Europe/Sofia",43.22438900023895,27.915733000170828,,,,"Unknown Governmental Organization","EEA"
8843,"AMS SOU Angel Kanchev-Varna","pm25",8.83,"µg/m³","2026-06-02T09:00:00Z","2026-06-02T12:00:00+03:00","Europe/Sofia",43.22438900023895,27.915733000170828,,,,"Unknown Governmental Organization","EEA"
8843,"AMS SOU Angel Kanchev-Varna","pm25",9.05,"µg/m³","2026-06-02T10:00:00Z","2026-06-02T13:00:00+03:00","Europe/Sofia",43.22438900023895,27.915733000170828,,,,"Unknown Governmental Organization","EEA"
8843,"AMS SOU Angel Kanchev-Varna","pm25",8.69,"µg/m³","2026-06-02T11:00:00Z","2026-06-02T14:00:00+03:00","Europe/Sofia",43.22438900023895,27.915733000170828,,,,"Unknown Governmental Organization","EEA"
8843,"AMS SOU Angel Kanchev-Varna","pm25",8.14,"µg/m³","2026-06-02T12:00:00Z","2026-06-02T15:00:00+03:00","Europe/Sofia",43.22438900023895,27.915733000170828,,,,"Unknown Governmental Organization","EEA"
8843,"AMS SOU Angel Kanchev-Varna","pm25",8.73,"µg/m³","2026-06-02T13:00:00Z","2026-06-02T16:00:00+03:00","Europe/Sofia",43.22438900023895,27.915733000170828,,,,"Unknown Governmental Organization","EEA"
8843,"AMS SOU Angel Kanchev-Varna","pm25",10.06,"µg/m³","2026-06-02T14:00:00Z","2026-06-02T17:00:00+03:00","Europe/Sofia",43.22438900023895,27.915733000170828,,,,"Unknown Governmental Organization","EEA"
8843,"AMS SOU Angel Kanchev-Varna","pm25",13.24,"µg/m³","2026-06-02T15:00:00Z","2026-06-02T18:00:00+03:00","Europe/Sofia",43.22438900023895,27.915733000170828,,,,"Unknown Governmental Organization","EEA"
8843,"AMS SOU Angel Kanchev-Varna","pm25",11.54,"µg/m³","2026-06-02T16:00:00Z","2026-06-02T19:00:00+03:00","Europe/Sofia",43.22438900023895,27.915733000170828,,,,"Unknown Governmental Organization","EEA"
8843,"AMS SOU Angel Kanchev-Varna","pm25",10.12,"µg/m³","2026-06-02T17:00:00Z","2026-06-02T20:00:00+03:00","Europe/Sofia",43.22438900023895,27.915733000170828,,,,"Unknown Governmental Organization","EEA"
8843,"AMS SOU Angel Kanchev-Varna","pm25",9.19,"µg/m³","2026-06-02T18:00:00Z","2026-06-02T21:00:00+03:00","Europe/Sofia",43.22438900023895,27.915733000170828,,,,"Unknown Governmental Organization","EEA"
8843,"AMS SOU Angel Kanchev-Varna","pm25",8.26,"µg/m³","2026-06-02T19:00:00Z","2026-06-02T22:00:00+03:00","Europe/Sofia",43.22438900023895,27.915733000170828,,,,"Unknown Governmental Organization","EEA"
8843,"AMS SOU Angel Kanchev-Varna","pm25",8.25,"µg/m³","2026-06-02T20:00:00Z","2026-06-02T23:00:00+03:00","Europe/Sofia",43.22438900023895,27.915733000170828,,,,"Unknown Governmental Organization","EEA"
8843,"AMS SOU Angel Kanchev-Varna","pm25",9.22,"µg/m³","2026-06-02T21:00:00Z","2026-06-03T00:00:00+03:00","Europe/Sofia",43.22438900023895,27.915733000170828,,,,"Unknown Governmental Organization","EEA"
8843,"AMS SOU Angel Kanchev-Varna","pm25",10.72,"µg/m³","2026-06-02T22:00:00Z","2026-06-03T01:00:00+03:00","Europe/Sofia",43.22438900023895,27.915733000170828,,,,"Unknown Governmental Organization","EEA"
8843,"AMS SOU Angel Kanchev-Varna","pm25",10.54,"µg/m³","2026-06-02T23:00:00Z","2026-06-03T02:00:00+03:00","Europe/Sofia",43.22438900023895,27.915733000170828,,,,"Unknown Governmental Organization","EEA"
8843,"AMS SOU Angel Kanchev-Varna","pm25",10.28,"µg/m³","2026-06-03T00:00:00Z","2026-06-03T03:00:00+03:00","Europe/Sofia",43.22438900023895,27.915733000170828,,,,"Unknown Governmental Organization","EEA"
8843,"AMS SOU Angel Kanchev-Varna","pm25",9.65,"µg/m³","2026-06-03T01:00:00Z","2026-06-03T04:00:00+03:00","Europe/Sofia",43.22438900023895,27.915733000170828,,,,"Unknown Governmental Organization","EEA"
8843,"AMS SOU Angel Kanchev-Varna","pm25",8.04,"µg/m³","2026-06-03T02:00:00Z","2026-06-03T05:00:00+03:00","Europe/Sofia",43.22438900023895,27.915733000170828,,,,"Unknown Governmental Organization","EEA"
8843,"AMS SOU Angel Kanchev-Varna","pm25",8.04,"µg/m³","2026-06-03T03:00:00Z","2026-06-03T06:00:00+03:00","Europe/Sofia",43.22438900023895,27.915733000170828,,,,"Unknown Governmental Organization","EEA"
8843,"AMS SOU Angel Kanchev-Varna","pm25",6.43,"µg/m³","2026-06-03T04:00:00Z","2026-06-03T07:00:00+03:00","Europe/Sofia",43.22438900023895,27.915733000170828,,,,"Unknown Governmental Organization","EEA"
8843,"AMS SOU Angel Kanchev-Varna","pm25",7.23,"µg/m³","2026-06-03T05:00:00Z","2026-06-03T08:00:00+03:00","Europe/Sofia",43.22438900023895,27.915733000170828,,,,"Unknown Governmental Organization","EEA"
8843,"AMS SOU Angel Kanchev-Varna","pm25",9,"µg/m³","2026-06-03T07:00:00Z","2026-06-03T10:00:00+03:00","Europe/Sofia",43.22438900023895,27.915733000170828,,,,"Unknown Governmental Organization","EEA"
8843,"AMS SOU Angel Kanchev-Varna","pm25",10.09,"µg/m³","2026-06-03T08:00:00Z","2026-06-03T11:00:00+03:00","Europe/Sofia",43.22438900023895,27.915733000170828,,,,"Unknown Governmental Organization","EEA"
8843,"AMS SOU Angel Kanchev-Varna","pm25",12,"µg/m³","2026-06-03T09:00:00Z","2026-06-03T12:00:00+03:00","Europe/Sofia",43.22438900023895,27.915733000170828,,,,"Unknown Governmental Organization","EEA"
8843,"AMS SOU Angel Kanchev-Varna","pm25",10.25,"µg/m³","2026-06-03T10:00:00Z","2026-06-03T13:00:00+03:00","Europe/Sofia",43.22438900023895,27.915733000170828,,,,"Unknown Governmental Organization","EEA"
8843,"AMS SOU Angel Kanchev-Varna","pm25",10.43,"µg/m³","2026-06-03T11:00:00Z","2026-06-03T14:00:00+03:00","Europe/Sofia",43.22438900023895,27.915733000170828,,,,"Unknown Governmental Organization","EEA"
8843,"AMS SOU Angel Kanchev-Varna","pm25",11.11,"µg/m³","2026-06-03T12:00:00Z","2026-06-03T15:00:00+03:00","Europe/Sofia",43.22438900023895,27.915733000170828,,,,"Unknown Governmental Organization","EEA"
8843,"AMS SOU Angel Kanchev-Varna","pm25",11.34,"µg/m³","2026-06-03T13:00:00Z","2026-06-03T16:00:00+03:00","Europe/Sofia",43.22438900023895,27.915733000170828,,,,"Unknown Governmental Organization","EEA"
8843,"AMS SOU Angel Kanchev-Varna","pm25",11.9,"µg/m³","2026-06-03T15:00:00Z","2026-06-03T18:00:00+03:00","Europe/Sofia",43.22438900023895,27.915733000170828,,,,"Unknown Governmental Organization","EEA"
8843,"AMS SOU Angel Kanchev-Varna","pm25",14.08,"µg/m³","2026-06-03T16:00:00Z","2026-06-03T19:00:00+03:00","Europe/Sofia",43.22438900023895,27.915733000170828,,,,"Unknown Governmental Organization","EEA"
8843,"AMS SOU Angel Kanchev-Varna","pm25",12.85,"µg/m³","2026-06-03T17:00:00Z","2026-06-03T20:00:00+03:00","Europe/Sofia",43.22438900023895,27.915733000170828,,,,"Unknown Governmental Organization","EEA"
8843,"AMS SOU Angel Kanchev-Varna","pm25",12.1,"µg/m³","2026-06-03T18:00:00Z","2026-06-03T21:00:00+03:00","Europe/Sofia",43.22438900023895,27.915733000170828,,,,"Unknown Governmental Organization","EEA"
8843,"AMS SOU Angel Kanchev-Varna","pm25",11.65,"µg/m³","2026-06-03T19:00:00Z","2026-06-03T22:00:00+03:00","Europe/Sofia",43.22438900023895,27.915733000170828,,,,"Unknown Governmental Organization","EEA"
8843,"AMS SOU Angel Kanchev-Varna","pm25",10.77,"µg/m³","2026-06-03T21:00:00Z","2026-06-04T00:00:00+03:00","Europe/Sofia",43.22438900023895,27.915733000170828,,,,"Unknown Governmental Organization","EEA"
8843,"AMS SOU Angel Kanchev-Varna","pm25",8.71,"µg/m³","2026-06-03T22:00:00Z","2026-06-04T01:00:00+03:00","Europe/Sofia",43.22438900023895,27.915733000170828,,,,"Unknown Governmental Organization","EEA"
8843,"AMS SOU Angel Kanchev-Varna","pm25",8.68,"µg/m³","2026-06-03T23:00:00Z","2026-06-04T02:00:00+03:00","Europe/Sofia",43.22438900023895,27.915733000170828,,,,"Unknown Governmental Organization","EEA"
8843,"AMS SOU Angel Kanchev-Varna","pm25",9.65,"µg/m³","2026-06-04T00:00:00Z","2026-06-04T03:00:00+03:00","Europe/Sofia",43.22438900023895,27.915733000170828,,,,"Unknown Governmental Organization","EEA"
8843,"AMS SOU Angel Kanchev-Varna","pm25",10.97,"µg/m³","2026-06-04T01:00:00Z","2026-06-04T04:00:00+03:00","Europe/Sofia",43.22438900023895,27.915733000170828,,,,"Unknown Governmental Organization","EEA"
8843,"AMS SOU Angel Kanchev-Varna","pm25",11.18,"µg/m³","2026-06-04T02:00:00Z","2026-06-04T05:00:00+03:00","Europe/Sofia",43.22438900023895,27.915733000170828,,,,"Unknown Governmental Organization","EEA"
8843,"AMS SOU Angel Kanchev-Varna","pm25",11.91,"µg/m³","2026-06-04T03:00:00Z","2026-06-04T06:00:00+03:00","Europe/Sofia",43.22438900023895,27.915733000170828,,,,"Unknown Governmental Organization","EEA"
8843,"AMS SOU Angel Kanchev-Varna","pm25",12.57,"µg/m³","2026-06-04T04:00:00Z","2026-06-04T07:00:00+03:00","Europe/Sofia",43.22438900023895,27.915733000170828,,,,"Unknown Governmental Organization","EEA"
8843,"AMS SOU Angel Kanchev-Varna","pm25",14.09,"µg/m³","2026-06-04T05:00:00Z","2026-06-04T08:00:00+03:00","Europe/Sofia",43.22438900023895,27.915733000170828,,,,"Unknown Governmental Organization","EEA"
8843,"AMS SOU Angel Kanchev-Varna","pm25",14.31,"µg/m³","2026-06-04T06:00:00Z","2026-06-04T09:00:00+03:00","Europe/Sofia",43.22438900023895,27.915733000170828,,,,"Unknown Governmental Organization","EEA"
8843,"AMS SOU Angel Kanchev-Varna","pm25",10.72,"µg/m³","2026-06-04T07:00:00Z","2026-06-04T10:00:00+03:00","Europe/Sofia",43.22438900023895,27.915733000170828,,,,"Unknown Governmental Organization","EEA"
8843,"AMS SOU Angel Kanchev-Varna","pm25",10.19,"µg/m³","2026-06-04T08:00:00Z","2026-06-04T11:00:00+03:00","Europe/Sofia",43.22438900023895,27.915733000170828,,,,"Unknown Governmental Organization","EEA"
8843,"AMS SOU Angel Kanchev-Varna","pm25",9.58,"µg/m³","2026-06-04T09:00:00Z","2026-06-04T12:00:00+03:00","Europe/Sofia",43.22438900023895,27.915733000170828,,,,"Unknown Governmental Organization","EEA"
8843,"AMS SOU Angel Kanchev-Varna","pm25",10.69,"µg/m³","2026-06-04T10:00:00Z","2026-06-04T13:00:00+03:00","Europe/Sofia",43.22438900023895,27.915733000170828,,,,"Unknown Governmental Organization","EEA"
8843,"AMS SOU Angel Kanchev-Varna","pm25",11.5,"µg/m³","2026-06-04T11:00:00Z","2026-06-04T14:00:00+03:00","Europe/Sofia",43.22438900023895,27.915733000170828,,,,"Unknown Governmental Organization","EEA"
8843,"AMS SOU Angel Kanchev-Varna","pm25",13.58,"µg/m³","2026-06-04T13:00:00Z","2026-06-04T16:00:00+03:00","Europe/Sofia",43.22438900023895,27.915733000170828,,,,"Unknown Governmental Organization","EEA"
8843,"AMS SOU Angel Kanchev-Varna","pm25",14.69,"µg/m³","2026-06-04T14:00:00Z","2026-06-04T17:00:00+03:00","Europe/Sofia",43.22438900023895,27.915733000170828,,,,"Unknown Governmental Organization","EEA"
8843,"AMS SOU Angel Kanchev-Varna","pm25",15.92,"µg/m³","2026-06-04T15:00:00Z","2026-06-04T18:00:00+03:00","Europe/Sofia",43.22438900023895,27.915733000170828,,,,"Unknown Governmental Organization","EEA"
8843,"AMS SOU Angel Kanchev-Varna","pm25",17.28,"µg/m³","2026-06-04T16:00:00Z","2026-06-04T19:00:00+03:00","Europe/Sofia",43.22438900023895,27.915733000170828,,,,"Unknown Governmental Organization","EEA"
8843,"AMS SOU Angel Kanchev-Varna","pm25",18.64,"µg/m³","2026-06-04T17:00:00Z","2026-06-04T20:00:00+03:00","Europe/Sofia",43.22438900023895,27.915733000170828,,,,"Unknown Governmental Organization","EEA"
8843,"AMS SOU Angel Kanchev-Varna","pm25",13.77,"µg/m³","2026-06-04T18:00:00Z","2026-06-04T21:00:00+03:00","Europe/Sofia",43.22438900023895,27.915733000170828,,,,"Unknown Governmental Organization","EEA"
8843,"AMS SOU Angel Kanchev-Varna","pm25",10.73,"µg/m³","2026-06-04T19:00:00Z","2026-06-04T22:00:00+03:00","Europe/Sofia",43.22438900023895,27.915733000170828,,,,"Unknown Governmental Organization","EEA"
8843,"AMS SOU Angel Kanchev-Varna","pm25",10.9,"µg/m³","2026-06-04T20:00:00Z","2026-06-04T23:00:00+03:00","Europe/Sofia",43.22438900023895,27.915733000170828,,,,"Unknown Governmental Organization","EEA"
8843,"AMS SOU Angel Kanchev-Varna","pm25",11.54,"µg/m³","2026-06-04T21:00:00Z","2026-06-05T00:00:00+03:00","Europe/Sofia",43.22438900023895,27.915733000170828,,,,"Unknown Governmental Organization","EEA"
8843,"AMS SOU Angel Kanchev-Varna","pm25",9.25,"µg/m³","2026-06-04T22:00:00Z","2026-06-05T01:00:00+03:00","Europe/Sofia",43.22438900023895,27.915733000170828,,,,"Unknown Governmental Organization","EEA"
8843,"AMS SOU Angel Kanchev-Varna","pm25",7.98,"µg/m³","2026-06-04T23:00:00Z","2026-06-05T02:00:00+03:00","Europe/Sofia",43.22438900023895,27.915733000170828,,,,"Unknown Governmental Organization","EEA"
8843,"AMS SOU Angel Kanchev-Varna","pm25",8.53,"µg/m³","2026-06-05T00:00:00Z","2026-06-05T03:00:00+03:00","Europe/Sofia",43.22438900023895,27.915733000170828,,,,"Unknown Governmental Organization","EEA"
8843,"AMS SOU Angel Kanchev-Varna","pm25",11.7,"µg/m³","2026-06-05T02:00:00Z","2026-06-05T05:00:00+03:00","Europe/Sofia",43.22438900023895,27.915733000170828,,,,"Unknown Governmental Organization","EEA"
8843,"AMS SOU Angel Kanchev-Varna","pm25",10.35,"µg/m³","2026-06-05T04:00:00Z","2026-06-05T07:00:00+03:00","Europe/Sofia",43.22438900023895,27.915733000170828,,,,"Unknown Governmental Organization","EEA"
8843,"AMS SOU Angel Kanchev-Varna","pm25",9.43,"µg/m³","2026-06-05T05:00:00Z","2026-06-05T08:00:00+03:00","Europe/Sofia",43.22438900023895,27.915733000170828,,,,"Unknown Governmental Organization","EEA"
8843,"AMS SOU Angel Kanchev-Varna","pm25",12.45,"µg/m³","2026-06-05T06:00:00Z","2026-06-05T09:00:00+03:00","Europe/Sofia",43.22438900023895,27.915733000170828,,,,"Unknown Governmental Organization","EEA"
8843,"AMS SOU Angel Kanchev-Varna","pm25",11.14,"µg/m³","2026-06-05T07:00:00Z","2026-06-05T10:00:00+03:00","Europe/Sofia",43.22438900023895,27.915733000170828,,,,"Unknown Governmental Organization","EEA"
8843,"AMS SOU Angel Kanchev-Varna","pm25",11.38,"µg/m³","2026-06-05T08:00:00Z","2026-06-05T11:00:00+03:00","Europe/Sofia",43.22438900023895,27.915733000170828,,,,"Unknown Governmental Organization","EEA"
8843,"AMS SOU Angel Kanchev-Varna","pm25",12.03,"µg/m³","2026-06-05T09:00:00Z","2026-06-05T12:00:00+03:00","Europe/Sofia",43.22438900023895,27.915733000170828,,,,"Unknown Governmental Organization","EEA"
8843,"AMS SOU Angel Kanchev-Varna","pm25",11.24,"µg/m³","2026-06-05T10:00:00Z","2026-06-05T13:00:00+03:00","Europe/Sofia",43.22438900023895,27.915733000170828,,,,"Unknown Governmental Organization","EEA"
8843,"AMS SOU Angel Kanchev-Varna","pm25",10.73,"µg/m³","2026-06-05T11:00:00Z","2026-06-05T14:00:00+03:00","Europe/Sofia",43.22438900023895,27.915733000170828,,,,"Unknown Governmental Organization","EEA"
8843,"AMS SOU Angel Kanchev-Varna","pm25",13.17,"µg/m³","2026-06-05T14:00:00Z","2026-06-05T17:00:00+03:00","Europe/Sofia",43.22438900023895,27.915733000170828,,,,"Unknown Governmental Organization","EEA"
8843,"AMS SOU Angel Kanchev-Varna","pm25",13.06,"µg/m³","2026-06-05T15:00:00Z","2026-06-05T18:00:00+03:00","Europe/Sofia",43.22438900023895,27.915733000170828,,,,"Unknown Governmental Organization","EEA"
8843,"AMS SOU Angel Kanchev-Varna","pm25",13.55,"µg/m³","2026-06-05T18:00:00Z","2026-06-05T21:00:00+03:00","Europe/Sofia",43.22438900023895,27.915733000170828,,,,"Unknown Governmental Organization","EEA"
8843,"AMS SOU Angel Kanchev-Varna","pm25",14.2,"µg/m³","2026-06-05T19:00:00Z","2026-06-05T22:00:00+03:00","Europe/Sofia",43.22438900023895,27.915733000170828,,,,"Unknown Governmental Organization","EEA"
8843,"AMS SOU Angel Kanchev-Varna","pm25",13.87,"µg/m³","2026-06-05T20:00:00Z","2026-06-05T23:00:00+03:00","Europe/Sofia",43.22438900023895,27.915733000170828,,,,"Unknown Governmental Organization","EEA"
8843,"AMS SOU Angel Kanchev-Varna","pm25",11.3,"µg/m³","2026-06-05T21:00:00Z","2026-06-06T00:00:00+03:00","Europe/Sofia",43.22438900023895,27.915733000170828,,,,"Unknown Governmental Organization","EEA"
8843,"AMS SOU Angel Kanchev-Varna","pm25",10.24,"µg/m³","2026-06-05T22:00:00Z","2026-06-06T01:00:00+03:00","Europe/Sofia",43.22438900023895,27.915733000170828,,,,"Unknown Governmental Organization","EEA"
8843,"AMS SOU Angel Kanchev-Varna","pm25",10.34,"µg/m³","2026-06-05T23:00:00Z","2026-06-06T02:00:00+03:00","Europe/Sofia",43.22438900023895,27.915733000170828,,,,"Unknown Governmental Organization","EEA"
8843,"AMS SOU Angel Kanchev-Varna","pm25",12.32,"µg/m³","2026-06-06T00:00:00Z","2026-06-06T03:00:00+03:00","Europe/Sofia",43.22438900023895,27.915733000170828,,,,"Unknown Governmental Organization","EEA"
8843,"AMS SOU Angel Kanchev-Varna","pm25",12.29,"µg/m³","2026-06-06T01:00:00Z","2026-06-06T04:00:00+03:00","Europe/Sofia",43.22438900023895,27.915733000170828,,,,"Unknown Governmental Organization","EEA"
8843,"AMS SOU Angel Kanchev-Varna","pm25",11.22,"µg/m³","2026-06-06T02:00:00Z","2026-06-06T05:00:00+03:00","Europe/Sofia",43.22438900023895,27.915733000170828,,,,"Unknown Governmental Organization","EEA"
8843,"AMS SOU Angel Kanchev-Varna","pm25",8.04,"µg/m³","2026-06-06T15:00:00Z","2026-06-06T18:00:00+03:00","Europe/Sofia",43.22438900023895,27.915733000170828,,,,"Unknown Governmental Organization","EEA"
8843,"AMS SOU Angel Kanchev-Varna","pm25",8.43,"µg/m³","2026-06-06T16:00:00Z","2026-06-06T19:00:00+03:00","Europe/Sofia",43.22438900023895,27.915733000170828,,,,"Unknown Governmental Organization","EEA"
8843,"AMS SOU Angel Kanchev-Varna","pm25",7.61,"µg/m³","2026-06-06T18:00:00Z","2026-06-06T21:00:00+03:00","Europe/Sofia",43.22438900023895,27.915733000170828,,,,"Unknown Governmental Organization","EEA"
8843,"AMS SOU Angel Kanchev-Varna","pm25",12,"µg/m³","2026-06-06T20:00:00Z","2026-06-06T23:00:00+03:00","Europe/Sofia",43.22438900023895,27.915733000170828,,,,"Unknown Governmental Organization","EEA"
8843,"AMS SOU Angel Kanchev-Varna","pm25",7.65,"µg/m³","2026-06-07T03:00:00Z","2026-06-07T06:00:00+03:00","Europe/Sofia",43.22438900023895,27.915733000170828,,,,"Unknown Governmental Organization","EEA"
8843,"AMS SOU Angel Kanchev-Varna","pm25",7.9,"µg/m³","2026-06-07T04:00:00Z","2026-06-07T07:00:00+03:00","Europe/Sofia",43.22438900023895,27.915733000170828,,,,"Unknown Governmental Organization","EEA"
8843,"AMS SOU Angel Kanchev-Varna","pm25",13.01,"µg/m³","2026-06-07T07:00:00Z","2026-06-07T10:00:00+03:00","Europe/Sofia",43.22438900023895,27.915733000170828,,,,"Unknown Governmental Organization","EEA"
8843,"AMS SOU Angel Kanchev-Varna","pm25",16.36,"µg/m³","2026-06-07T09:00:00Z","2026-06-07T12:00:00+03:00","Europe/Sofia",43.22438900023895,27.915733000170828,,,,"Unknown Governmental Organization","EEA"
8843,"AMS SOU Angel Kanchev-Varna","pm25",8.38,"µg/m³","2026-06-07T16:00:00Z","2026-06-07T19:00:00+03:00","Europe/Sofia",43.22438900023895,27.915733000170828,,,,"Unknown Governmental Organization","EEA"
8843,"AMS SOU Angel Kanchev-Varna","pm25",7.34,"µg/m³","2026-06-08T00:00:00Z","2026-06-08T03:00:00+03:00","Europe/Sofia",43.22438900023895,27.915733000170828,,,,"Unknown Governmental Organization","EEA"
8843,"AMS SOU Angel Kanchev-Varna","pm25",6.85,"µg/m³","2026-06-08T02:00:00Z","2026-06-08T05:00:00+03:00","Europe/Sofia",43.22438900023895,27.915733000170828,,,,"Unknown Governmental Organization","EEA"
8843,"AMS SOU Angel Kanchev-Varna","pm25",6.66,"µg/m³","2026-06-08T03:00:00Z","2026-06-08T06:00:00+03:00","Europe/Sofia",43.22438900023895,27.915733000170828,,,,"Unknown Governmental Organization","EEA"
8843,"AMS SOU Angel Kanchev-Varna","pm25",7.24,"µg/m³","2026-06-08T05:00:00Z","2026-06-08T08:00:00+03:00","Europe/Sofia",43.22438900023895,27.915733000170828,,,,"Unknown Governmental Organization","EEA"
8843,"AMS SOU Angel Kanchev-Varna","pm25",8.82,"µg/m³","2026-06-08T07:00:00Z","2026-06-08T10:00:00+03:00","Europe/Sofia",43.22438900023895,27.915733000170828,,,,"Unknown Governmental Organization","EEA"
8843,"AMS SOU Angel Kanchev-Varna","pm25",9.72,"µg/m³","2026-06-08T15:00:00Z","2026-06-08T18:00:00+03:00","Europe/Sofia",43.22438900023895,27.915733000170828,,,,"Unknown Governmental Organization","EEA"
8843,"AMS SOU Angel Kanchev-Varna","pm25",9.2,"µg/m³","2026-06-08T16:00:00Z","2026-06-08T19:00:00+03:00","Europe/Sofia",43.22438900023895,27.915733000170828,,,,"Unknown Governmental Organization","EEA"
8843,"AMS SOU Angel Kanchev-Varna","pm25",9.21,"µg/m³","2026-06-08T17:00:00Z","2026-06-08T20:00:00+03:00","Europe/Sofia",43.22438900023895,27.915733000170828,,,,"Unknown Governmental Organization","EEA"
8843,"AMS SOU Angel Kanchev-Varna","pm25",9.13,"µg/m³","2026-06-08T18:00:00Z","2026-06-08T21:00:00+03:00","Europe/Sofia",43.22438900023895,27.915733000170828,,,,"Unknown Governmental Organization","EEA"
8843,"AMS SOU Angel Kanchev-Varna","pm25",8.99,"µg/m³","2026-06-08T20:00:00Z","2026-06-08T23:00:00+03:00","Europe/Sofia",43.22438900023895,27.915733000170828,,,,"Unknown Governmental Organization","EEA"
8843,"AMS SOU Angel Kanchev-Varna","pm25",8.32,"µg/m³","2026-06-08T21:00:00Z","2026-06-09T00:00:00+03:00","Europe/Sofia",43.22438900023895,27.915733000170828,,,,"Unknown Governmental Organization","EEA"
8843,"AMS SOU Angel Kanchev-Varna","pm25",9.29,"µg/m³","2026-06-08T23:00:00Z","2026-06-09T02:00:00+03:00","Europe/Sofia",43.22438900023895,27.915733000170828,,,,"Unknown Governmental Organization","EEA"
8843,"AMS SOU Angel Kanchev-Varna","pm25",7.75,"µg/m³","2026-06-09T02:00:00Z","2026-06-09T05:00:00+03:00","Europe/Sofia",43.22438900023895,27.915733000170828,,,,"Unknown Governmental Organization","EEA"
8843,"AMS SOU Angel Kanchev-Varna","pm25",9.15,"µg/m³","2026-06-09T05:00:00Z","2026-06-09T08:00:00+03:00","Europe/Sofia",43.22438900023895,27.915733000170828,,,,"Unknown Governmental Organization","EEA"
8843,"AMS SOU Angel Kanchev-Varna","pm25",8.75,"µg/m³","2026-06-09T06:00:00Z","2026-06-09T09:00:00+03:00","Europe/Sofia",43.22438900023895,27.915733000170828,,,,"Unknown Governmental Organization","EEA"
8843,"AMS SOU Angel Kanchev-Varna","pm25",8.41,"µg/m³","2026-06-09T09:00:00Z","2026-06-09T12:00:00+03:00","Europe/Sofia",43.22438900023895,27.915733000170828,,,,"Unknown Governmental Organization","EEA"
8843,"AMS SOU Angel Kanchev-Varna","pm25",10.84,"µg/m³","2026-06-09T11:00:00Z","2026-06-09T14:00:00+03:00","Europe/Sofia",43.22438900023895,27.915733000170828,,,,"Unknown Governmental Organization","EEA"
8843,"AMS SOU Angel Kanchev-Varna","pm25",11.29,"µg/m³","2026-06-09T13:00:00Z","2026-06-09T16:00:00+03:00","Europe/Sofia",43.22438900023895,27.915733000170828,,,,"Unknown Governmental Organization","EEA"
8843,"AMS SOU Angel Kanchev-Varna","pm25",10.62,"µg/m³","2026-06-09T15:00:00Z","2026-06-09T18:00:00+03:00","Europe/Sofia",43.22438900023895,27.915733000170828,,,,"Unknown Governmental Organization","EEA"
8843,"AMS SOU Angel Kanchev-Varna","pm25",10.19,"µg/m³","2026-06-09T17:00:00Z","2026-06-09T20:00:00+03:00","Europe/Sofia",43.22438900023895,27.915733000170828,,,,"Unknown Governmental Organization","EEA"
8843,"AMS SOU Angel Kanchev-Varna","pm25",7.86,"µg/m³","2026-06-10T02:00:00Z","2026-06-10T05:00:00+03:00","Europe/Sofia",43.22438900023895,27.915733000170828,,,,"Unknown Governmental Organization","EEA"
8843,"AMS SOU Angel Kanchev-Varna","pm25",5.92,"µg/m³","2026-06-10T06:00:00Z","2026-06-10T09:00:00+03:00","Europe/Sofia",43.22438900023895,27.915733000170828,,,,"Unknown Governmental Organization","EEA"
8843,"AMS SOU Angel Kanchev-Varna","pm25",5.31,"µg/m³","2026-06-10T07:00:00Z","2026-06-10T10:00:00+03:00","Europe/Sofia",43.22438900023895,27.915733000170828,,,,"Unknown Governmental Organization","EEA"
8843,"AMS SOU Angel Kanchev-Varna","pm25",11.55,"µg/m³","2026-06-10T13:00:00Z","2026-06-10T16:00:00+03:00","Europe/Sofia",43.22438900023895,27.915733000170828,,,,"Unknown Governmental Organization","EEA"
8843,"AMS SOU Angel Kanchev-Varna","pm25",11.69,"µg/m³","2026-06-10T16:00:00Z","2026-06-10T19:00:00+03:00","Europe/Sofia",43.22438900023895,27.915733000170828,,,,"Unknown Governmental Organization","EEA"
8843,"AMS SOU Angel Kanchev-Varna","pm25",10.69,"µg/m³","2026-06-10T20:00:00Z","2026-06-10T23:00:00+03:00","Europe/Sofia",43.22438900023895,27.915733000170828,,,,"Unknown Governmental Organization","EEA"
8843,"AMS SOU Angel Kanchev-Varna","pm25",9.92,"µg/m³","2026-06-10T22:00:00Z","2026-06-11T01:00:00+03:00","Europe/Sofia",43.22438900023895,27.915733000170828,,,,"Unknown Governmental Organization","EEA"
8843,"AMS SOU Angel Kanchev-Varna","pm25",7.38,"µg/m³","2026-06-11T00:00:00Z","2026-06-11T03:00:00+03:00","Europe/Sofia",43.22438900023895,27.915733000170828,,,,"Unknown Governmental Organization","EEA"
8843,"AMS SOU Angel Kanchev-Varna","pm25",5.55,"µg/m³","2026-06-11T09:00:00Z","2026-06-11T12:00:00+03:00","Europe/Sofia",43.22438900023895,27.915733000170828,,,,"Unknown Governmental Organization","EEA"
8843,"AMS SOU Angel Kanchev-Varna","pm25",7.01,"µg/m³","2026-06-11T10:00:00Z","2026-06-11T13:00:00+03:00","Europe/Sofia",43.22438900023895,27.915733000170828,,,,"Unknown Governmental Organization","EEA"
8843,"AMS SOU Angel Kanchev-Varna","pm25",8.6,"µg/m³","2026-06-11T11:00:00Z","2026-06-11T14:00:00+03:00","Europe/Sofia",43.22438900023895,27.915733000170828,,,,"Unknown Governmental Organization","EEA"
8843,"AMS SOU Angel Kanchev-Varna","pm25",9.85,"µg/m³","2026-06-11T12:00:00Z","2026-06-11T15:00:00+03:00","Europe/Sofia",43.22438900023895,27.915733000170828,,,,"Unknown Governmental Organization","EEA"
8843,"AMS SOU Angel Kanchev-Varna","pm25",10.79,"µg/m³","2026-06-11T13:00:00Z","2026-06-11T16:00:00+03:00","Europe/Sofia",43.22438900023895,27.915733000170828,,,,"Unknown Governmental Organization","EEA"
8843,"AMS SOU Angel Kanchev-Varna","pm25",11.21,"µg/m³","2026-06-11T14:00:00Z","2026-06-11T17:00:00+03:00","Europe/Sofia",43.22438900023895,27.915733000170828,,,,"Unknown Governmental Organization","EEA"
8843,"AMS SOU Angel Kanchev-Varna","pm25",10.77,"µg/m³","2026-06-11T15:00:00Z","2026-06-11T18:00:00+03:00","Europe/Sofia",43.22438900023895,27.915733000170828,,,,"Unknown Governmental Organization","EEA"
8843,"AMS SOU Angel Kanchev-Varna","pm25",10.7,"µg/m³","2026-06-11T16:00:00Z","2026-06-11T19:00:00+03:00","Europe/Sofia",43.22438900023895,27.915733000170828,,,,"Unknown Governmental Organization","EEA"
8843,"AMS SOU Angel Kanchev-Varna","pm25",10.42,"µg/m³","2026-06-11T17:00:00Z","2026-06-11T20:00:00+03:00","Europe/Sofia",43.22438900023895,27.915733000170828,,,,"Unknown Governmental Organization","EEA"
8843,"AMS SOU Angel Kanchev-Varna","pm25",10.73,"µg/m³","2026-06-11T18:00:00Z","2026-06-11T21:00:00+03:00","Europe/Sofia",43.22438900023895,27.915733000170828,,,,"Unknown Governmental Organization","EEA"
8843,"AMS SOU Angel Kanchev-Varna","pm25",11.03,"µg/m³","2026-06-11T19:00:00Z","2026-06-11T22:00:00+03:00","Europe/Sofia",43.22438900023895,27.915733000170828,,,,"Unknown Governmental Organization","EEA"
8843,"AMS SOU Angel Kanchev-Varna","pm25",10.57,"µg/m³","2026-06-11T20:00:00Z","2026-06-11T23:00:00+03:00","Europe/Sofia",43.22438900023895,27.915733000170828,,,,"Unknown Governmental Organization","EEA"
8843,"AMS SOU Angel Kanchev-Varna","pm25",10.14,"µg/m³","2026-06-11T21:00:00Z","2026-06-12T00:00:00+03:00","Europe/Sofia",43.22438900023895,27.915733000170828,,,,"Unknown Governmental Organization","EEA"
8843,"AMS SOU Angel Kanchev-Varna","pm25",9.18,"µg/m³","2026-06-11T22:00:00Z","2026-06-12T01:00:00+03:00","Europe/Sofia",43.22438900023895,27.915733000170828,,,,"Unknown Governmental Organization","EEA"
8843,"AMS SOU Angel Kanchev-Varna","pm25",8.89,"µg/m³","2026-06-11T23:00:00Z","2026-06-12T02:00:00+03:00","Europe/Sofia",43.22438900023895,27.915733000170828,,,,"Unknown Governmental Organization","EEA"
8843,"AMS SOU Angel Kanchev-Varna","pm25",7.15,"µg/m³","2026-06-12T00:00:00Z","2026-06-12T03:00:00+03:00","Europe/Sofia",43.22438900023895,27.915733000170828,,,,"Unknown Governmental Organization","EEA"
8843,"AMS SOU Angel Kanchev-Varna","pm25",6.77,"µg/m³","2026-06-12T01:00:00Z","2026-06-12T04:00:00+03:00","Europe/Sofia",43.22438900023895,27.915733000170828,,,,"Unknown Governmental Organization","EEA"
8843,"AMS SOU Angel Kanchev-Varna","pm25",6.75,"µg/m³","2026-06-12T02:00:00Z","2026-06-12T05:00:00+03:00","Europe/Sofia",43.22438900023895,27.915733000170828,,,,"Unknown Governmental Organization","EEA"
8843,"AMS SOU Angel Kanchev-Varna","pm25",6.66,"µg/m³","2026-06-12T03:00:00Z","2026-06-12T06:00:00+03:00","Europe/Sofia",43.22438900023895,27.915733000170828,,,,"Unknown Governmental Organization","EEA"
8843,"AMS SOU Angel Kanchev-Varna","pm25",6.6,"µg/m³","2026-06-12T04:00:00Z","2026-06-12T07:00:00+03:00","Europe/Sofia",43.22438900023895,27.915733000170828,,,,"Unknown Governmental Organization","EEA"
8843,"AMS SOU Angel Kanchev-Varna","pm25",5.81,"µg/m³","2026-06-12T05:00:00Z","2026-06-12T08:00:00+03:00","Europe/Sofia",43.22438900023895,27.915733000170828,,,,"Unknown Governmental Organization","EEA"
8843,"AMS SOU Angel Kanchev-Varna","pm25",6.6,"µg/m³","2026-06-12T06:00:00Z","2026-06-12T09:00:00+03:00","Europe/Sofia",43.22438900023895,27.915733000170828,,,,"Unknown Governmental Organization","EEA"
8843,"AMS SOU Angel Kanchev-Varna","pm25",7.05,"µg/m³","2026-06-12T07:00:00Z","2026-06-12T10:00:00+03:00","Europe/Sofia",43.22438900023895,27.915733000170828,,,,"Unknown Governmental Organization","EEA"
8843,"AMS SOU Angel Kanchev-Varna","pm25",6.28,"µg/m³","2026-06-12T08:00:00Z","2026-06-12T11:00:00+03:00","Europe/Sofia",43.22438900023895,27.915733000170828,,,,"Unknown Governmental Organization","EEA"
8843,"AMS SOU Angel Kanchev-Varna","pm25",7.12,"µg/m³","2026-06-12T09:00:00Z","2026-06-12T12:00:00+03:00","Europe/Sofia",43.22438900023895,27.915733000170828,,,,"Unknown Governmental Organization","EEA"
8843,"AMS SOU Angel Kanchev-Varna","pm25",8.72,"µg/m³","2026-06-12T10:00:00Z","2026-06-12T13:00:00+03:00","Europe/Sofia",43.22438900023895,27.915733000170828,,,,"Unknown Governmental Organization","EEA"
8843,"AMS SOU Angel Kanchev-Varna","pm25",9.78,"µg/m³","2026-06-12T11:00:00Z","2026-06-12T14:00:00+03:00","Europe/Sofia",43.22438900023895,27.915733000170828,,,,"Unknown Governmental Organization","EEA"
8843,"AMS SOU Angel Kanchev-Varna","pm25",9.98,"µg/m³","2026-06-12T12:00:00Z","2026-06-12T15:00:00+03:00","Europe/Sofia",43.22438900023895,27.915733000170828,,,,"Unknown Governmental Organization","EEA"
8843,"AMS SOU Angel Kanchev-Varna","pm25",8.85,"µg/m³","2026-06-12T13:00:00Z","2026-06-12T16:00:00+03:00","Europe/Sofia",43.22438900023895,27.915733000170828,,,,"Unknown Governmental Organization","EEA"
8843,"AMS SOU Angel Kanchev-Varna","pm25",7.46,"µg/m³","2026-06-12T15:00:00Z","2026-06-12T18:00:00+03:00","Europe/Sofia",43.22438900023895,27.915733000170828,,,,"Unknown Governmental Organization","EEA"
8843,"AMS SOU Angel Kanchev-Varna","pm25",7.39,"µg/m³","2026-06-12T16:00:00Z","2026-06-12T19:00:00+03:00","Europe/Sofia",43.22438900023895,27.915733000170828,,,,"Unknown Governmental Organization","EEA"
8843,"AMS SOU Angel Kanchev-Varna","pm25",8.66,"µg/m³","2026-06-12T18:00:00Z","2026-06-12T21:00:00+03:00","Europe/Sofia",43.22438900023895,27.915733000170828,,,,"Unknown Governmental Organization","EEA"
8843,"AMS SOU Angel Kanchev-Varna","pm25",2.16,"µg/m³","2026-06-13T06:00:00Z","2026-06-13T09:00:00+03:00","Europe/Sofia",43.22438900023895,27.915733000170828,,,,"Unknown Governmental Organization","EEA"
8843,"AMS SOU Angel Kanchev-Varna","pm25",2.13,"µg/m³","2026-06-13T10:00:00Z","2026-06-13T13:00:00+03:00","Europe/Sofia",43.22438900023895,27.915733000170828,,,,"Unknown Governmental Organization","EEA"
8843,"AMS SOU Angel Kanchev-Varna","pm25",2.54,"µg/m³","2026-06-13T11:00:00Z","2026-06-13T14:00:00+03:00","Europe/Sofia",43.22438900023895,27.915733000170828,,,,"Unknown Governmental Organization","EEA"
8843,"AMS SOU Angel Kanchev-Varna","pm25",4.29,"µg/m³","2026-06-13T13:00:00Z","2026-06-13T16:00:00+03:00","Europe/Sofia",43.22438900023895,27.915733000170828,,,,"Unknown Governmental Organization","EEA"
8843,"AMS SOU Angel Kanchev-Varna","pm25",5.21,"µg/m³","2026-06-13T14:00:00Z","2026-06-13T17:00:00+03:00","Europe/Sofia",43.22438900023895,27.915733000170828,,,,"Unknown Governmental Organization","EEA"
8843,"AMS SOU Angel Kanchev-Varna","pm25",5.91,"µg/m³","2026-06-13T15:00:00Z","2026-06-13T18:00:00+03:00","Europe/Sofia",43.22438900023895,27.915733000170828,,,,"Unknown Governmental Organization","EEA"
8843,"AMS SOU Angel Kanchev-Varna","pm25",5.98,"µg/m³","2026-06-13T16:00:00Z","2026-06-13T19:00:00+03:00","Europe/Sofia",43.22438900023895,27.915733000170828,,,,"Unknown Governmental Organization","EEA"
8843,"AMS SOU Angel Kanchev-Varna","pm25",6.22,"µg/m³","2026-06-13T17:00:00Z","2026-06-13T20:00:00+03:00","Europe/Sofia",43.22438900023895,27.915733000170828,,,,"Unknown Governmental Organization","EEA"
8843,"AMS SOU Angel Kanchev-Varna","pm25",6.41,"µg/m³","2026-06-13T18:00:00Z","2026-06-13T21:00:00+03:00","Europe/Sofia",43.22438900023895,27.915733000170828,,,,"Unknown Governmental Organization","EEA"
8843,"AMS SOU Angel Kanchev-Varna","pm25",6.89,"µg/m³","2026-06-13T19:00:00Z","2026-06-13T22:00:00+03:00","Europe/Sofia",43.22438900023895,27.915733000170828,,,,"Unknown Governmental Organization","EEA"
8843,"AMS SOU Angel Kanchev-Varna","pm25",7.04,"µg/m³","2026-06-13T20:00:00Z","2026-06-13T23:00:00+03:00","Europe/Sofia",43.22438900023895,27.915733000170828,,,,"Unknown Governmental Organization","EEA"
8843,"AMS SOU Angel Kanchev-Varna","pm25",6.28,"µg/m³","2026-06-13T21:00:00Z","2026-06-14T00:00:00+03:00","Europe/Sofia",43.22438900023895,27.915733000170828,,,,"Unknown Governmental Organization","EEA"
8843,"AMS SOU Angel Kanchev-Varna","pm25",5.84,"µg/m³","2026-06-13T22:00:00Z","2026-06-14T01:00:00+03:00","Europe/Sofia",43.22438900023895,27.915733000170828,,,,"Unknown Governmental Organization","EEA"
8843,"AMS SOU Angel Kanchev-Varna","pm25",5.04,"µg/m³","2026-06-13T23:00:00Z","2026-06-14T02:00:00+03:00","Europe/Sofia",43.22438900023895,27.915733000170828,,,,"Unknown Governmental Organization","EEA"
8843,"AMS SOU Angel Kanchev-Varna","pm25",4.52,"µg/m³","2026-06-14T00:00:00Z","2026-06-14T03:00:00+03:00","Europe/Sofia",43.22438900023895,27.915733000170828,,,,"Unknown Governmental Organization","EEA"
8843,"AMS SOU Angel Kanchev-Varna","pm25",4.78,"µg/m³","2026-06-14T01:00:00Z","2026-06-14T04:00:00+03:00","Europe/Sofia",43.22438900023895,27.915733000170828,,,,"Unknown Governmental Organization","EEA"
8843,"AMS SOU Angel Kanchev-Varna","pm25",5.47,"µg/m³","2026-06-14T02:00:00Z","2026-06-14T05:00:00+03:00","Europe/Sofia",43.22438900023895,27.915733000170828,,,,"Unknown Governmental Organization","EEA"
8843,"AMS SOU Angel Kanchev-Varna","pm25",7.17,"µg/m³","2026-06-14T03:00:00Z","2026-06-14T06:00:00+03:00","Europe/Sofia",43.22438900023895,27.915733000170828,,,,"Unknown Governmental Organization","EEA"
8843,"AMS SOU Angel Kanchev-Varna","pm25",5.69,"µg/m³","2026-06-14T04:00:00Z","2026-06-14T07:00:00+03:00","Europe/Sofia",43.22438900023895,27.915733000170828,,,,"Unknown Governmental Organization","EEA"
8843,"AMS SOU Angel Kanchev-Varna","pm25",5.48,"µg/m³","2026-06-14T05:00:00Z","2026-06-14T08:00:00+03:00","Europe/Sofia",43.22438900023895,27.915733000170828,,,,"Unknown Governmental Organization","EEA"
8843,"AMS SOU Angel Kanchev-Varna","pm25",4.7,"µg/m³","2026-06-14T06:00:00Z","2026-06-14T09:00:00+03:00","Europe/Sofia",43.22438900023895,27.915733000170828,,,,"Unknown Governmental Organization","EEA"
8843,"AMS SOU Angel Kanchev-Varna","pm25",3.78,"µg/m³","2026-06-14T07:00:00Z","2026-06-14T10:00:00+03:00","Europe/Sofia",43.22438900023895,27.915733000170828,,,,"Unknown Governmental Organization","EEA"
8843,"AMS SOU Angel Kanchev-Varna","pm25",4.37,"µg/m³","2026-06-14T09:00:00Z","2026-06-14T12:00:00+03:00","Europe/Sofia",43.22438900023895,27.915733000170828,,,,"Unknown Governmental Organization","EEA"
8843,"AMS SOU Angel Kanchev-Varna","pm25",5.42,"µg/m³","2026-06-14T10:00:00Z","2026-06-14T13:00:00+03:00","Europe/Sofia",43.22438900023895,27.915733000170828,,,,"Unknown Governmental Organization","EEA"
8843,"AMS SOU Angel Kanchev-Varna","pm25",6.25,"µg/m³","2026-06-14T11:00:00Z","2026-06-14T14:00:00+03:00","Europe/Sofia",43.22438900023895,27.915733000170828,,,,"Unknown Governmental Organization","EEA"
8843,"AMS SOU Angel Kanchev-Varna","pm25",7.46,"µg/m³","2026-06-14T12:00:00Z","2026-06-14T15:00:00+03:00","Europe/Sofia",43.22438900023895,27.915733000170828,,,,"Unknown Governmental Organization","EEA"
8843,"AMS SOU Angel Kanchev-Varna","pm25",8.68,"µg/m³","2026-06-14T13:00:00Z","2026-06-14T16:00:00+03:00","Europe/Sofia",43.22438900023895,27.915733000170828,,,,"Unknown Governmental Organization","EEA"
8843,"AMS SOU Angel Kanchev-Varna","pm25",9.43,"µg/m³","2026-06-14T14:00:00Z","2026-06-14T17:00:00+03:00","Europe/Sofia",43.22438900023895,27.915733000170828,,,,"Unknown Governmental Organization","EEA"
8843,"AMS SOU Angel Kanchev-Varna","pm25",10.08,"µg/m³","2026-06-14T15:00:00Z","2026-06-14T18:00:00+03:00","Europe/Sofia",43.22438900023895,27.915733000170828,,,,"Unknown Governmental Organization","EEA"
8843,"AMS SOU Angel Kanchev-Varna","pm25",10.13,"µg/m³","2026-06-14T16:00:00Z","2026-06-14T19:00:00+03:00","Europe/Sofia",43.22438900023895,27.915733000170828,,,,"Unknown Governmental Organization","EEA"
8843,"AMS SOU Angel Kanchev-Varna","pm25",9.82,"µg/m³","2026-06-14T17:00:00Z","2026-06-14T20:00:00+03:00","Europe/Sofia",43.22438900023895,27.915733000170828,,,,"Unknown Governmental Organization","EEA"
8843,"AMS SOU Angel Kanchev-Varna","pm25",9.18,"µg/m³","2026-06-14T18:00:00Z","2026-06-14T21:00:00+03:00","Europe/Sofia",43.22438900023895,27.915733000170828,,,,"Unknown Governmental Organization","EEA"
8843,"AMS SOU Angel Kanchev-Varna","pm25",9.11,"µg/m³","2026-06-14T19:00:00Z","2026-06-14T22:00:00+03:00","Europe/Sofia",43.22438900023895,27.915733000170828,,,,"Unknown Governmental Organization","EEA"
8843,"AMS SOU Angel Kanchev-Varna","pm25",10.02,"µg/m³","2026-06-14T20:00:00Z","2026-06-14T23:00:00+03:00","Europe/Sofia",43.22438900023895,27.915733000170828,,,,"Unknown Governmental Organization","EEA"
8843,"AMS SOU Angel Kanchev-Varna","pm25",10.78,"µg/m³","2026-06-14T21:00:00Z","2026-06-15T00:00:00+03:00","Europe/Sofia",43.22438900023895,27.915733000170828,,,,"Unknown Governmental Organization","EEA"
8843,"AMS SOU Angel Kanchev-Varna","pm25",7.57,"µg/m³","2026-06-14T22:00:00Z","2026-06-15T01:00:00+03:00","Europe/Sofia",43.22438900023895,27.915733000170828,,,,"Unknown Governmental Organization","EEA"
8843,"AMS SOU Angel Kanchev-Varna","pm25",6.47,"µg/m³","2026-06-14T23:00:00Z","2026-06-15T02:00:00+03:00","Europe/Sofia",43.22438900023895,27.915733000170828,,,,"Unknown Governmental Organization","EEA"
8843,"AMS SOU Angel Kanchev-Varna","pm25",5.73,"µg/m³","2026-06-15T00:00:00Z","2026-06-15T03:00:00+03:00","Europe/Sofia",43.22438900023895,27.915733000170828,,,,"Unknown Governmental Organization","EEA"
8843,"AMS SOU Angel Kanchev-Varna","pm25",5.34,"µg/m³","2026-06-15T01:00:00Z","2026-06-15T04:00:00+03:00","Europe/Sofia",43.22438900023895,27.915733000170828,,,,"Unknown Governmental Organization","EEA"
8843,"AMS SOU Angel Kanchev-Varna","pm25",5.75,"µg/m³","2026-06-15T02:00:00Z","2026-06-15T05:00:00+03:00","Europe/Sofia",43.22438900023895,27.915733000170828,,,,"Unknown Governmental Organization","EEA"
8843,"AMS SOU Angel Kanchev-Varna","pm25",5.59,"µg/m³","2026-06-15T03:00:00Z","2026-06-15T06:00:00+03:00","Europe/Sofia",43.22438900023895,27.915733000170828,,,,"Unknown Governmental Organization","EEA"
8843,"AMS SOU Angel Kanchev-Varna","pm25",5.49,"µg/m³","2026-06-15T04:00:00Z","2026-06-15T07:00:00+03:00","Europe/Sofia",43.22438900023895,27.915733000170828,,,,"Unknown Governmental Organization","EEA"
8843,"AMS SOU Angel Kanchev-Varna","pm25",15.08,"µg/m³","2026-06-15T07:00:00Z","2026-06-15T10:00:00+03:00","Europe/Sofia",43.22438900023895,27.915733000170828,,,,"Unknown Governmental Organization","EEA"
8843,"AMS SOU Angel Kanchev-Varna","pm25",16.63,"µg/m³","2026-06-15T08:00:00Z","2026-06-15T11:00:00+03:00","Europe/Sofia",43.22438900023895,27.915733000170828,,,,"Unknown Governmental Organization","EEA"
8843,"AMS SOU Angel Kanchev-Varna","pm25",10.27,"µg/m³","2026-06-15T09:00:00Z","2026-06-15T12:00:00+03:00","Europe/Sofia",43.22438900023895,27.915733000170828,,,,"Unknown Governmental Organization","EEA"
8843,"AMS SOU Angel Kanchev-Varna","pm25",9.18,"µg/m³","2026-06-15T11:00:00Z","2026-06-15T14:00:00+03:00","Europe/Sofia",43.22438900023895,27.915733000170828,,,,"Unknown Governmental Organization","EEA"
8843,"AMS SOU Angel Kanchev-Varna","pm25",11.46,"µg/m³","2026-06-15T12:00:00Z","2026-06-15T15:00:00+03:00","Europe/Sofia",43.22438900023895,27.915733000170828,,,,"Unknown Governmental Organization","EEA"
8843,"AMS SOU Angel Kanchev-Varna","pm25",11.28,"µg/m³","2026-06-15T13:00:00Z","2026-06-15T16:00:00+03:00","Europe/Sofia",43.22438900023895,27.915733000170828,,,,"Unknown Governmental Organization","EEA"
8843,"AMS SOU Angel Kanchev-Varna","pm25",11.1,"µg/m³","2026-06-15T14:00:00Z","2026-06-15T17:00:00+03:00","Europe/Sofia",43.22438900023895,27.915733000170828,,,,"Unknown Governmental Organization","EEA"
8843,"AMS SOU Angel Kanchev-Varna","pm25",11.98,"µg/m³","2026-06-15T15:00:00Z","2026-06-15T18:00:00+03:00","Europe/Sofia",43.22438900023895,27.915733000170828,,,,"Unknown Governmental Organization","EEA"
8843,"AMS SOU Angel Kanchev-Varna","pm25",11.59,"µg/m³","2026-06-15T16:00:00Z","2026-06-15T19:00:00+03:00","Europe/Sofia",43.22438900023895,27.915733000170828,,,,"Unknown Governmental Organization","EEA"
8843,"AMS SOU Angel Kanchev-Varna","pm25",10.47,"µg/m³","2026-06-15T17:00:00Z","2026-06-15T20:00:00+03:00","Europe/Sofia",43.22438900023895,27.915733000170828,,,,"Unknown Governmental Organization","EEA"
8843,"AMS SOU Angel Kanchev-Varna","pm25",10.71,"µg/m³","2026-06-15T18:00:00Z","2026-06-15T21:00:00+03:00","Europe/Sofia",43.22438900023895,27.915733000170828,,,,"Unknown Governmental Organization","EEA"
8843,"AMS SOU Angel Kanchev-Varna","pm25",10.35,"µg/m³","2026-06-15T19:00:00Z","2026-06-15T22:00:00+03:00","Europe/Sofia",43.22438900023895,27.915733000170828,,,,"Unknown Governmental Organization","EEA"
8843,"AMS SOU Angel Kanchev-Varna","pm25",-1,"µg/m³","2026-06-15T20:00:00Z","2026-06-15T23:00:00+03:00","Europe/Sofia",43.22438900023895,27.915733000170828,,,,"Unknown Governmental Organization","EEA"
8843,"AMS SOU Angel Kanchev-Varna","pm25",-1,"µg/m³","2026-06-15T21:00:00Z","2026-06-16T00:00:00+03:00","Europe/Sofia",43.22438900023895,27.915733000170828,,,,"Unknown Governmental Organization","EEA"
8843,"AMS SOU Angel Kanchev-Varna","pm25",-1,"µg/m³","2026-06-15T22:00:00Z","2026-06-16T01:00:00+03:00","Europe/Sofia",43.22438900023895,27.915733000170828,,,,"Unknown Governmental Organization","EEA"
8843,"AMS SOU Angel Kanchev-Varna","pm25",-1,"µg/m³","2026-06-15T23:00:00Z","2026-06-16T02:00:00+03:00","Europe/Sofia",43.22438900023895,27.915733000170828,,,,"Unknown Governmental Organization","EEA"
8843,"AMS SOU Angel Kanchev-Varna","pm25",-1,"µg/m³","2026-06-16T00:00:00Z","2026-06-16T03:00:00+03:00","Europe/Sofia",43.22438900023895,27.915733000170828,,,,"Unknown Governmental Organization","EEA"
8843,"AMS SOU Angel Kanchev-Varna","pm25",-1,"µg/m³","2026-06-16T01:00:00Z","2026-06-16T04:00:00+03:00","Europe/Sofia",43.22438900023895,27.915733000170828,,,,"Unknown Governmental Organization","EEA"
8843,"AMS SOU Angel Kanchev-Varna","pm25",-1,"µg/m³","2026-06-16T02:00:00Z","2026-06-16T05:00:00+03:00","Europe/Sofia",43.22438900023895,27.915733000170828,,,,"Unknown Governmental Organization","EEA"
8843,"AMS SOU Angel Kanchev-Varna","pm25",-1,"µg/m³","2026-06-16T03:00:00Z","2026-06-16T06:00:00+03:00","Europe/Sofia",43.22438900023895,27.915733000170828,,,,"Unknown Governmental Organization","EEA"
8843,"AMS SOU Angel Kanchev-Varna","pm25",-1,"µg/m³","2026-06-16T04:00:00Z","2026-06-16T07:00:00+03:00","Europe/Sofia",43.22438900023895,27.915733000170828,,,,"Unknown Governmental Organization","EEA"
8843,"AMS SOU Angel Kanchev-Varna","pm25",-1,"µg/m³","2026-06-16T05:00:00Z","2026-06-16T08:00:00+03:00","Europe/Sofia",43.22438900023895,27.915733000170828,,,,"Unknown Governmental Organization","EEA"
8843,"AMS SOU Angel Kanchev-Varna","pm25",5.39,"µg/m³","2026-06-16T06:00:00Z","2026-06-16T09:00:00+03:00","Europe/Sofia",43.22438900023895,27.915733000170828,,,,"Unknown Governmental Organization","EEA"
8843,"AMS SOU Angel Kanchev-Varna","pm25",4.7,"µg/m³","2026-06-16T07:00:00Z","2026-06-16T10:00:00+03:00","Europe/Sofia",43.22438900023895,27.915733000170828,,,,"Unknown Governmental Organization","EEA"
8843,"AMS SOU Angel Kanchev-Varna","pm25",5.08,"µg/m³","2026-06-16T08:00:00Z","2026-06-16T11:00:00+03:00","Europe/Sofia",43.22438900023895,27.915733000170828,,,,"Unknown Governmental Organization","EEA"
8843,"AMS SOU Angel Kanchev-Varna","pm25",-1,"µg/m³","2026-06-16T09:00:00Z","2026-06-16T12:00:00+03:00","Europe/Sofia",43.22438900023895,27.915733000170828,,,,"Unknown Governmental Organization","EEA"
8843,"AMS SOU Angel Kanchev-Varna","pm25",5.19,"µg/m³","2026-06-16T10:00:00Z","2026-06-16T13:00:00+03:00","Europe/Sofia",43.22438900023895,27.915733000170828,,,,"Unknown Governmental Organization","EEA"
8843,"AMS SOU Angel Kanchev-Varna","pm25",6.05,"µg/m³","2026-06-16T11:00:00Z","2026-06-16T14:00:00+03:00","Europe/Sofia",43.22438900023895,27.915733000170828,,,,"Unknown Governmental Organization","EEA"
8843,"AMS SOU Angel Kanchev-Varna","pm25",7.13,"µg/m³","2026-06-16T12:00:00Z","2026-06-16T15:00:00+03:00","Europe/Sofia",43.22438900023895,27.915733000170828,,,,"Unknown Governmental Organization","EEA"
8843,"AMS SOU Angel Kanchev-Varna","pm25",8.06,"µg/m³","2026-06-16T13:00:00Z","2026-06-16T16:00:00+03:00","Europe/Sofia",43.22438900023895,27.915733000170828,,,,"Unknown Governmental Organization","EEA"
8843,"AMS SOU Angel Kanchev-Varna","pm25",8.7,"µg/m³","2026-06-16T14:00:00Z","2026-06-16T17:00:00+03:00","Europe/Sofia",43.22438900023895,27.915733000170828,,,,"Unknown Governmental Organization","EEA"
8843,"AMS SOU Angel Kanchev-Varna","pm25",8.66,"µg/m³","2026-06-16T15:00:00Z","2026-06-16T18:00:00+03:00","Europe/Sofia",43.22438900023895,27.915733000170828,,,,"Unknown Governmental Organization","EEA"
8843,"AMS SOU Angel Kanchev-Varna","pm25",8.97,"µg/m³","2026-06-16T16:00:00Z","2026-06-16T19:00:00+03:00","Europe/Sofia",43.22438900023895,27.915733000170828,,,,"Unknown Governmental Organization","EEA"
8843,"AMS SOU Angel Kanchev-Varna","pm25",9.9,"µg/m³","2026-06-16T17:00:00Z","2026-06-16T20:00:00+03:00","Europe/Sofia",43.22438900023895,27.915733000170828,,,,"Unknown Governmental Organization","EEA"
8843,"AMS SOU Angel Kanchev-Varna","pm25",10.31,"µg/m³","2026-06-16T18:00:00Z","2026-06-16T21:00:00+03:00","Europe/Sofia",43.22438900023895,27.915733000170828,,,,"Unknown Governmental Organization","EEA"
8843,"AMS SOU Angel Kanchev-Varna","pm25",10.26,"µg/m³","2026-06-16T19:00:00Z","2026-06-16T22:00:00+03:00","Europe/Sofia",43.22438900023895,27.915733000170828,,,,"Unknown Governmental Organization","EEA"
8843,"AMS SOU Angel Kanchev-Varna","pm25",9.75,"µg/m³","2026-06-16T20:00:00Z","2026-06-16T23:00:00+03:00","Europe/Sofia",43.22438900023895,27.915733000170828,,,,"Unknown Governmental Organization","EEA"
8843,"AMS SOU Angel Kanchev-Varna","pm25",8.27,"µg/m³","2026-06-16T21:00:00Z","2026-06-17T00:00:00+03:00","Europe/Sofia",43.22438900023895,27.915733000170828,,,,"Unknown Governmental Organization","EEA"
8843,"AMS SOU Angel Kanchev-Varna","pm25",7.5,"µg/m³","2026-06-16T22:00:00Z","2026-06-17T01:00:00+03:00","Europe/Sofia",43.22438900023895,27.915733000170828,,,,"Unknown Governmental Organization","EEA"
8843,"AMS SOU Angel Kanchev-Varna","pm25",7.15,"µg/m³","2026-06-16T23:00:00Z","2026-06-17T02:00:00+03:00","Europe/Sofia",43.22438900023895,27.915733000170828,,,,"Unknown Governmental Organization","EEA"
8843,"AMS SOU Angel Kanchev-Varna","pm25",8.7,"µg/m³","2026-06-17T00:00:00Z","2026-06-17T03:00:00+03:00","Europe/Sofia",43.22438900023895,27.915733000170828,,,,"Unknown Governmental Organization","EEA"
8843,"AMS SOU Angel Kanchev-Varna","pm25",8.47,"µg/m³","2026-06-17T01:00:00Z","2026-06-17T04:00:00+03:00","Europe/Sofia",43.22438900023895,27.915733000170828,,,,"Unknown Governmental Organization","EEA"
8843,"AMS SOU Angel Kanchev-Varna","pm25",7.88,"µg/m³","2026-06-17T02:00:00Z","2026-06-17T05:00:00+03:00","Europe/Sofia",43.22438900023895,27.915733000170828,,,,"Unknown Governmental Organization","EEA"
8843,"AMS SOU Angel Kanchev-Varna","pm25",7.26,"µg/m³","2026-06-17T03:00:00Z","2026-06-17T06:00:00+03:00","Europe/Sofia",43.22438900023895,27.915733000170828,,,,"Unknown Governmental Organization","EEA"
8843,"AMS SOU Angel Kanchev-Varna","pm25",7.22,"µg/m³","2026-06-17T04:00:00Z","2026-06-17T07:00:00+03:00","Europe/Sofia",43.22438900023895,27.915733000170828,,,,"Unknown Governmental Organization","EEA"
8843,"AMS SOU Angel Kanchev-Varna","pm25",6.78,"µg/m³","2026-06-17T05:00:00Z","2026-06-17T08:00:00+03:00","Europe/Sofia",43.22438900023895,27.915733000170828,,,,"Unknown Governmental Organization","EEA"
8843,"AMS SOU Angel Kanchev-Varna","pm25",8.08,"µg/m³","2026-06-17T06:00:00Z","2026-06-17T09:00:00+03:00","Europe/Sofia",43.22438900023895,27.915733000170828,,,,"Unknown Governmental Organization","EEA"
8843,"AMS SOU Angel Kanchev-Varna","pm25",7.8,"µg/m³","2026-06-17T07:00:00Z","2026-06-17T10:00:00+03:00","Europe/Sofia",43.22438900023895,27.915733000170828,,,,"Unknown Governmental Organization","EEA"
8843,"AMS SOU Angel Kanchev-Varna","pm25",8.26,"µg/m³","2026-06-17T08:00:00Z","2026-06-17T11:00:00+03:00","Europe/Sofia",43.22438900023895,27.915733000170828,,,,"Unknown Governmental Organization","EEA"
8843,"AMS SOU Angel Kanchev-Varna","pm25",8.72,"µg/m³","2026-06-17T09:00:00Z","2026-06-17T12:00:00+03:00","Europe/Sofia",43.22438900023895,27.915733000170828,,,,"Unknown Governmental Organization","EEA"
8843,"AMS SOU Angel Kanchev-Varna","pm25",8.9,"µg/m³","2026-06-17T10:00:00Z","2026-06-17T13:00:00+03:00","Europe/Sofia",43.22438900023895,27.915733000170828,,,,"Unknown Governmental Organization","EEA"
8843,"AMS SOU Angel Kanchev-Varna","pm25",11.45,"µg/m³","2026-06-17T12:00:00Z","2026-06-17T15:00:00+03:00","Europe/Sofia",43.22438900023895,27.915733000170828,,,,"Unknown Governmental Organization","EEA"
8843,"AMS SOU Angel Kanchev-Varna","pm25",11.35,"µg/m³","2026-06-17T13:00:00Z","2026-06-17T16:00:00+03:00","Europe/Sofia",43.22438900023895,27.915733000170828,,,,"Unknown Governmental Organization","EEA"
8843,"AMS SOU Angel Kanchev-Varna","pm25",10.58,"µg/m³","2026-06-17T14:00:00Z","2026-06-17T17:00:00+03:00","Europe/Sofia",43.22438900023895,27.915733000170828,,,,"Unknown Governmental Organization","EEA"
8843,"AMS SOU Angel Kanchev-Varna","pm25",8.8,"µg/m³","2026-06-17T19:00:00Z","2026-06-17T22:00:00+03:00","Europe/Sofia",43.22438900023895,27.915733000170828,,,,"Unknown Governmental Organization","EEA"
8843,"AMS SOU Angel Kanchev-Varna","pm25",8.3,"µg/m³","2026-06-17T20:00:00Z","2026-06-17T23:00:00+03:00","Europe/Sofia",43.22438900023895,27.915733000170828,,,,"Unknown Governmental Organization","EEA"
8843,"AMS SOU Angel Kanchev-Varna","pm25",8.5,"µg/m³","2026-06-17T21:00:00Z","2026-06-18T00:00:00+03:00","Europe/Sofia",43.22438900023895,27.915733000170828,,,,"Unknown Governmental Organization","EEA"
8843,"AMS SOU Angel Kanchev-Varna","pm25",8,"µg/m³","2026-06-17T22:00:00Z","2026-06-18T01:00:00+03:00","Europe/Sofia",43.22438900023895,27.915733000170828,,,,"Unknown Governmental Organization","EEA"
8843,"AMS SOU Angel Kanchev-Varna","pm25",7.83,"µg/m³","2026-06-17T23:00:00Z","2026-06-18T02:00:00+03:00","Europe/Sofia",43.22438900023895,27.915733000170828,,,,"Unknown Governmental Organization","EEA"
8843,"AMS SOU Angel Kanchev-Varna","pm25",7.46,"µg/m³","2026-06-18T00:00:00Z","2026-06-18T03:00:00+03:00","Europe/Sofia",43.22438900023895,27.915733000170828,,,,"Unknown Governmental Organization","EEA"
8843,"AMS SOU Angel Kanchev-Varna","pm25",6.96,"µg/m³","2026-06-18T01:00:00Z","2026-06-18T04:00:00+03:00","Europe/Sofia",43.22438900023895,27.915733000170828,,,,"Unknown Governmental Organization","EEA"
8843,"AMS SOU Angel Kanchev-Varna","pm25",6.56,"µg/m³","2026-06-18T02:00:00Z","2026-06-18T05:00:00+03:00","Europe/Sofia",43.22438900023895,27.915733000170828,,,,"Unknown Governmental Organization","EEA"
8843,"AMS SOU Angel Kanchev-Varna","pm25",6.37,"µg/m³","2026-06-18T03:00:00Z","2026-06-18T06:00:00+03:00","Europe/Sofia",43.22438900023895,27.915733000170828,,,,"Unknown Governmental Organization","EEA"
8843,"AMS SOU Angel Kanchev-Varna","pm25",7.99,"µg/m³","2026-06-18T04:00:00Z","2026-06-18T07:00:00+03:00","Europe/Sofia",43.22438900023895,27.915733000170828,,,,"Unknown Governmental Organization","EEA"
8843,"AMS SOU Angel Kanchev-Varna","pm25",8.8,"µg/m³","2026-06-18T05:00:00Z","2026-06-18T08:00:00+03:00","Europe/Sofia",43.22438900023895,27.915733000170828,,,,"Unknown Governmental Organization","EEA"
8843,"AMS SOU Angel Kanchev-Varna","pm25",10.23,"µg/m³","2026-06-18T06:00:00Z","2026-06-18T09:00:00+03:00","Europe/Sofia",43.22438900023895,27.915733000170828,,,,"Unknown Governmental Organization","EEA"
8843,"AMS SOU Angel Kanchev-Varna","pm25",10.48,"µg/m³","2026-06-18T07:00:00Z","2026-06-18T10:00:00+03:00","Europe/Sofia",43.22438900023895,27.915733000170828,,,,"Unknown Governmental Organization","EEA"
8843,"AMS SOU Angel Kanchev-Varna","pm25",8.42,"µg/m³","2026-06-18T08:00:00Z","2026-06-18T11:00:00+03:00","Europe/Sofia",43.22438900023895,27.915733000170828,,,,"Unknown Governmental Organization","EEA"
8843,"AMS SOU Angel Kanchev-Varna","pm25",10.78,"µg/m³","2026-06-18T09:00:00Z","2026-06-18T12:00:00+03:00","Europe/Sofia",43.22438900023895,27.915733000170828,,,,"Unknown Governmental Organization","EEA"
8843,"AMS SOU Angel Kanchev-Varna","pm25",-1,"µg/m³","2026-06-18T10:00:00Z","2026-06-18T13:00:00+03:00","Europe/Sofia",43.22438900023895,27.915733000170828,,,,"Unknown Governmental Organization","EEA"
8843,"AMS SOU Angel Kanchev-Varna","pm25",18.27,"µg/m³","2026-06-18T11:00:00Z","2026-06-18T14:00:00+03:00","Europe/Sofia",43.22438900023895,27.915733000170828,,,,"Unknown Governmental Organization","EEA"
8843,"AMS SOU Angel Kanchev-Varna","pm25",22.41,"µg/m³","2026-06-18T12:00:00Z","2026-06-18T15:00:00+03:00","Europe/Sofia",43.22438900023895,27.915733000170828,,,,"Unknown Governmental Organization","EEA"
8843,"AMS SOU Angel Kanchev-Varna","pm25",21.95,"µg/m³","2026-06-18T13:00:00Z","2026-06-18T16:00:00+03:00","Europe/Sofia",43.22438900023895,27.915733000170828,,,,"Unknown Governmental Organization","EEA"
8843,"AMS SOU Angel Kanchev-Varna","pm25",21.41,"µg/m³","2026-06-18T14:00:00Z","2026-06-18T17:00:00+03:00","Europe/Sofia",43.22438900023895,27.915733000170828,,,,"Unknown Governmental Organization","EEA"
8843,"AMS SOU Angel Kanchev-Varna","pm25",22.51,"µg/m³","2026-06-18T15:00:00Z","2026-06-18T18:00:00+03:00","Europe/Sofia",43.22438900023895,27.915733000170828,,,,"Unknown Governmental Organization","EEA"
8843,"AMS SOU Angel Kanchev-Varna","pm25",21,"µg/m³","2026-06-18T16:00:00Z","2026-06-18T19:00:00+03:00","Europe/Sofia",43.22438900023895,27.915733000170828,,,,"Unknown Governmental Organization","EEA"
8843,"AMS SOU Angel Kanchev-Varna","pm25",21.41,"µg/m³","2026-06-18T17:00:00Z","2026-06-18T20:00:00+03:00","Europe/Sofia",43.22438900023895,27.915733000170828,,,,"Unknown Governmental Organization","EEA"
8843,"AMS SOU Angel Kanchev-Varna","pm25",19.83,"µg/m³","2026-06-18T18:00:00Z","2026-06-18T21:00:00+03:00","Europe/Sofia",43.22438900023895,27.915733000170828,,,,"Unknown Governmental Organization","EEA"
8843,"AMS SOU Angel Kanchev-Varna","pm25",19.88,"µg/m³","2026-06-18T19:00:00Z","2026-06-18T22:00:00+03:00","Europe/Sofia",43.22438900023895,27.915733000170828,,,,"Unknown Governmental Organization","EEA"
8843,"AMS SOU Angel Kanchev-Varna","pm25",19.55,"µg/m³","2026-06-18T20:00:00Z","2026-06-18T23:00:00+03:00","Europe/Sofia",43.22438900023895,27.915733000170828,,,,"Unknown Governmental Organization","EEA"
8843,"AMS SOU Angel Kanchev-Varna","pm25",20.33,"µg/m³","2026-06-18T21:00:00Z","2026-06-19T00:00:00+03:00","Europe/Sofia",43.22438900023895,27.915733000170828,,,,"Unknown Governmental Organization","EEA"
8843,"AMS SOU Angel Kanchev-Varna","pm25",20.44,"µg/m³","2026-06-18T22:00:00Z","2026-06-19T01:00:00+03:00","Europe/Sofia",43.22438900023895,27.915733000170828,,,,"Unknown Governmental Organization","EEA"
8843,"AMS SOU Angel Kanchev-Varna","pm25",20.04,"µg/m³","2026-06-18T23:00:00Z","2026-06-19T02:00:00+03:00","Europe/Sofia",43.22438900023895,27.915733000170828,,,,"Unknown Governmental Organization","EEA"
8843,"AMS SOU Angel Kanchev-Varna","pm25",20.23,"µg/m³","2026-06-19T00:00:00Z","2026-06-19T03:00:00+03:00","Europe/Sofia",43.22438900023895,27.915733000170828,,,,"Unknown Governmental Organization","EEA"
8843,"AMS SOU Angel Kanchev-Varna","pm25",20.74,"µg/m³","2026-06-19T01:00:00Z","2026-06-19T04:00:00+03:00","Europe/Sofia",43.22438900023895,27.915733000170828,,,,"Unknown Governmental Organization","EEA"
8843,"AMS SOU Angel Kanchev-Varna","pm25",20.44,"µg/m³","2026-06-19T02:00:00Z","2026-06-19T05:00:00+03:00","Europe/Sofia",43.22438900023895,27.915733000170828,,,,"Unknown Governmental Organization","EEA"
8843,"AMS SOU Angel Kanchev-Varna","pm25",20.37,"µg/m³","2026-06-19T03:00:00Z","2026-06-19T06:00:00+03:00","Europe/Sofia",43.22438900023895,27.915733000170828,,,,"Unknown Governmental Organization","EEA"
8843,"AMS SOU Angel Kanchev-Varna","pm25",19.94,"µg/m³","2026-06-19T04:00:00Z","2026-06-19T07:00:00+03:00","Europe/Sofia",43.22438900023895,27.915733000170828,,,,"Unknown Governmental Organization","EEA"
8843,"AMS SOU Angel Kanchev-Varna","pm25",21.25,"µg/m³","2026-06-19T06:00:00Z","2026-06-19T09:00:00+03:00","Europe/Sofia",43.22438900023895,27.915733000170828,,,,"Unknown Governmental Organization","EEA"
8843,"AMS SOU Angel Kanchev-Varna","pm25",21.48,"µg/m³","2026-06-19T07:00:00Z","2026-06-19T10:00:00+03:00","Europe/Sofia",43.22438900023895,27.915733000170828,,,,"Unknown Governmental Organization","EEA"
8843,"AMS SOU Angel Kanchev-Varna","pm25",20.04,"µg/m³","2026-06-19T08:00:00Z","2026-06-19T11:00:00+03:00","Europe/Sofia",43.22438900023895,27.915733000170828,,,,"Unknown Governmental Organization","EEA"
8843,"AMS SOU Angel Kanchev-Varna","pm25",19.52,"µg/m³","2026-06-19T09:00:00Z","2026-06-19T12:00:00+03:00","Europe/Sofia",43.22438900023895,27.915733000170828,,,,"Unknown Governmental Organization","EEA"
8843,"AMS SOU Angel Kanchev-Varna","pm25",12.11,"µg/m³","2026-06-19T10:00:00Z","2026-06-19T13:00:00+03:00","Europe/Sofia",43.22438900023895,27.915733000170828,,,,"Unknown Governmental Organization","EEA"
8843,"AMS SOU Angel Kanchev-Varna","pm25",3.02,"µg/m³","2026-06-19T11:00:00Z","2026-06-19T14:00:00+03:00","Europe/Sofia",43.22438900023895,27.915733000170828,,,,"Unknown Governmental Organization","EEA"
8843,"AMS SOU Angel Kanchev-Varna","pm25",4.82,"µg/m³","2026-06-19T12:00:00Z","2026-06-19T15:00:00+03:00","Europe/Sofia",43.22438900023895,27.915733000170828,,,,"Unknown Governmental Organization","EEA"
8843,"AMS SOU Angel Kanchev-Varna","pm25",8.59,"µg/m³","2026-06-19T14:00:00Z","2026-06-19T17:00:00+03:00","Europe/Sofia",43.22438900023895,27.915733000170828,,,,"Unknown Governmental Organization","EEA"
8843,"AMS SOU Angel Kanchev-Varna","pm25",8.62,"µg/m³","2026-06-19T15:00:00Z","2026-06-19T18:00:00+03:00","Europe/Sofia",43.22438900023895,27.915733000170828,,,,"Unknown Governmental Organization","EEA"
8843,"AMS SOU Angel Kanchev-Varna","pm25",8.54,"µg/m³","2026-06-19T16:00:00Z","2026-06-19T19:00:00+03:00","Europe/Sofia",43.22438900023895,27.915733000170828,,,,"Unknown Governmental Organization","EEA"
8843,"AMS SOU Angel Kanchev-Varna","pm25",8.85,"µg/m³","2026-06-19T17:00:00Z","2026-06-19T20:00:00+03:00","Europe/Sofia",43.22438900023895,27.915733000170828,,,,"Unknown Governmental Organization","EEA"
8843,"AMS SOU Angel Kanchev-Varna","pm25",8.67,"µg/m³","2026-06-19T18:00:00Z","2026-06-19T21:00:00+03:00","Europe/Sofia",43.22438900023895,27.915733000170828,,,,"Unknown Governmental Organization","EEA"
8843,"AMS SOU Angel Kanchev-Varna","pm25",7.91,"µg/m³","2026-06-19T19:00:00Z","2026-06-19T22:00:00+03:00","Europe/Sofia",43.22438900023895,27.915733000170828,,,,"Unknown Governmental Organization","EEA"
8843,"AMS SOU Angel Kanchev-Varna","pm25",8.03,"µg/m³","2026-06-19T20:00:00Z","2026-06-19T23:00:00+03:00","Europe/Sofia",43.22438900023895,27.915733000170828,,,,"Unknown Governmental Organization","EEA"
8843,"AMS SOU Angel Kanchev-Varna","pm25",6.8,"µg/m³","2026-06-19T21:00:00Z","2026-06-20T00:00:00+03:00","Europe/Sofia",43.22438900023895,27.915733000170828,,,,"Unknown Governmental Organization","EEA"
8843,"AMS SOU Angel Kanchev-Varna","pm25",5.87,"µg/m³","2026-06-19T22:00:00Z","2026-06-20T01:00:00+03:00","Europe/Sofia",43.22438900023895,27.915733000170828,,,,"Unknown Governmental Organization","EEA"
8843,"AMS SOU Angel Kanchev-Varna","pm25",5.27,"µg/m³","2026-06-19T23:00:00Z","2026-06-20T02:00:00+03:00","Europe/Sofia",43.22438900023895,27.915733000170828,,,,"Unknown Governmental Organization","EEA"
8843,"AMS SOU Angel Kanchev-Varna","pm25",4.82,"µg/m³","2026-06-20T00:00:00Z","2026-06-20T03:00:00+03:00","Europe/Sofia",43.22438900023895,27.915733000170828,,,,"Unknown Governmental Organization","EEA"
8843,"AMS SOU Angel Kanchev-Varna","pm25",4.81,"µg/m³","2026-06-20T01:00:00Z","2026-06-20T04:00:00+03:00","Europe/Sofia",43.22438900023895,27.915733000170828,,,,"Unknown Governmental Organization","EEA"
8843,"AMS SOU Angel Kanchev-Varna","pm25",4.87,"µg/m³","2026-06-20T02:00:00Z","2026-06-20T05:00:00+03:00","Europe/Sofia",43.22438900023895,27.915733000170828,,,,"Unknown Governmental Organization","EEA"
8843,"AMS SOU Angel Kanchev-Varna","pm25",5.14,"µg/m³","2026-06-20T03:00:00Z","2026-06-20T06:00:00+03:00","Europe/Sofia",43.22438900023895,27.915733000170828,,,,"Unknown Governmental Organization","EEA"
8843,"AMS SOU Angel Kanchev-Varna","pm25",4.9,"µg/m³","2026-06-20T05:00:00Z","2026-06-20T08:00:00+03:00","Europe/Sofia",43.22438900023895,27.915733000170828,,,,"Unknown Governmental Organization","EEA"
8843,"AMS SOU Angel Kanchev-Varna","pm25",3.99,"µg/m³","2026-06-20T06:00:00Z","2026-06-20T09:00:00+03:00","Europe/Sofia",43.22438900023895,27.915733000170828,,,,"Unknown Governmental Organization","EEA"
8843,"AMS SOU Angel Kanchev-Varna","pm25",4.03,"µg/m³","2026-06-20T07:00:00Z","2026-06-20T10:00:00+03:00","Europe/Sofia",43.22438900023895,27.915733000170828,,,,"Unknown Governmental Organization","EEA"
8843,"AMS SOU Angel Kanchev-Varna","pm25",4.65,"µg/m³","2026-06-20T08:00:00Z","2026-06-20T11:00:00+03:00","Europe/Sofia",43.22438900023895,27.915733000170828,,,,"Unknown Governmental Organization","EEA"
8843,"AMS SOU Angel Kanchev-Varna","pm25",6.27,"µg/m³","2026-06-20T09:00:00Z","2026-06-20T12:00:00+03:00","Europe/Sofia",43.22438900023895,27.915733000170828,,,,"Unknown Governmental Organization","EEA"
8843,"AMS SOU Angel Kanchev-Varna","pm25",7.51,"µg/m³","2026-06-20T10:00:00Z","2026-06-20T13:00:00+03:00","Europe/Sofia",43.22438900023895,27.915733000170828,,,,"Unknown Governmental Organization","EEA"
8843,"AMS SOU Angel Kanchev-Varna","pm25",8.92,"µg/m³","2026-06-20T11:00:00Z","2026-06-20T14:00:00+03:00","Europe/Sofia",43.22438900023895,27.915733000170828,,,,"Unknown Governmental Organization","EEA"
8843,"AMS SOU Angel Kanchev-Varna","pm25",10.03,"µg/m³","2026-06-20T12:00:00Z","2026-06-20T15:00:00+03:00","Europe/Sofia",43.22438900023895,27.915733000170828,,,,"Unknown Governmental Organization","EEA"
8843,"AMS SOU Angel Kanchev-Varna","pm25",10.46,"µg/m³","2026-06-20T13:00:00Z","2026-06-20T16:00:00+03:00","Europe/Sofia",43.22438900023895,27.915733000170828,,,,"Unknown Governmental Organization","EEA"
8843,"AMS SOU Angel Kanchev-Varna","pm25",10.85,"µg/m³","2026-06-20T14:00:00Z","2026-06-20T17:00:00+03:00","Europe/Sofia",43.22438900023895,27.915733000170828,,,,"Unknown Governmental Organization","EEA"
8843,"AMS SOU Angel Kanchev-Varna","pm25",10.95,"µg/m³","2026-06-20T15:00:00Z","2026-06-20T18:00:00+03:00","Europe/Sofia",43.22438900023895,27.915733000170828,,,,"Unknown Governmental Organization","EEA"
8843,"AMS SOU Angel Kanchev-Varna","pm25",10.93,"µg/m³","2026-06-20T16:00:00Z","2026-06-20T19:00:00+03:00","Europe/Sofia",43.22438900023895,27.915733000170828,,,,"Unknown Governmental Organization","EEA"
8843,"AMS SOU Angel Kanchev-Varna","pm25",10.3,"µg/m³","2026-06-20T17:00:00Z","2026-06-20T20:00:00+03:00","Europe/Sofia",43.22438900023895,27.915733000170828,,,,"Unknown Governmental Organization","EEA"
8843,"AMS SOU Angel Kanchev-Varna","pm25",10.44,"µg/m³","2026-06-20T18:00:00Z","2026-06-20T21:00:00+03:00","Europe/Sofia",43.22438900023895,27.915733000170828,,,,"Unknown Governmental Organization","EEA"
8843,"AMS SOU Angel Kanchev-Varna","pm25",11.7,"µg/m³","2026-06-20T19:00:00Z","2026-06-20T22:00:00+03:00","Europe/Sofia",43.22438900023895,27.915733000170828,,,,"Unknown Governmental Organization","EEA"
8843,"AMS SOU Angel Kanchev-Varna","pm25",12.21,"µg/m³","2026-06-20T20:00:00Z","2026-06-20T23:00:00+03:00","Europe/Sofia",43.22438900023895,27.915733000170828,,,,"Unknown Governmental Organization","EEA"
8843,"AMS SOU Angel Kanchev-Varna","pm25",10.23,"µg/m³","2026-06-20T21:00:00Z","2026-06-21T00:00:00+03:00","Europe/Sofia",43.22438900023895,27.915733000170828,,,,"Unknown Governmental Organization","EEA"
8843,"AMS SOU Angel Kanchev-Varna","pm25",8.97,"µg/m³","2026-06-20T22:00:00Z","2026-06-21T01:00:00+03:00","Europe/Sofia",43.22438900023895,27.915733000170828,,,,"Unknown Governmental Organization","EEA"
8843,"AMS SOU Angel Kanchev-Varna","pm25",9.37,"µg/m³","2026-06-20T23:00:00Z","2026-06-21T02:00:00+03:00","Europe/Sofia",43.22438900023895,27.915733000170828,,,,"Unknown Governmental Organization","EEA"
8843,"AMS SOU Angel Kanchev-Varna","pm25",9.84,"µg/m³","2026-06-21T00:00:00Z","2026-06-21T03:00:00+03:00","Europe/Sofia",43.22438900023895,27.915733000170828,,,,"Unknown Governmental Organization","EEA"
8843,"AMS SOU Angel Kanchev-Varna","pm25",9.31,"µg/m³","2026-06-21T01:00:00Z","2026-06-21T04:00:00+03:00","Europe/Sofia",43.22438900023895,27.915733000170828,,,,"Unknown Governmental Organization","EEA"
8843,"AMS SOU Angel Kanchev-Varna","pm25",8.8,"µg/m³","2026-06-21T02:00:00Z","2026-06-21T05:00:00+03:00","Europe/Sofia",43.22438900023895,27.915733000170828,,,,"Unknown Governmental Organization","EEA"
8843,"AMS SOU Angel Kanchev-Varna","pm25",11.36,"µg/m³","2026-06-21T03:00:00Z","2026-06-21T06:00:00+03:00","Europe/Sofia",43.22438900023895,27.915733000170828,,,,"Unknown Governmental Organization","EEA"
8843,"AMS SOU Angel Kanchev-Varna","pm25",13,"µg/m³","2026-06-21T04:00:00Z","2026-06-21T07:00:00+03:00","Europe/Sofia",43.22438900023895,27.915733000170828,,,,"Unknown Governmental Organization","EEA"
8843,"AMS SOU Angel Kanchev-Varna","pm25",21.74,"µg/m³","2026-06-21T05:00:00Z","2026-06-21T08:00:00+03:00","Europe/Sofia",43.22438900023895,27.915733000170828,,,,"Unknown Governmental Organization","EEA"
8843,"AMS SOU Angel Kanchev-Varna","pm25",27.11,"µg/m³","2026-06-21T06:00:00Z","2026-06-21T09:00:00+03:00","Europe/Sofia",43.22438900023895,27.915733000170828,,,,"Unknown Governmental Organization","EEA"
8843,"AMS SOU Angel Kanchev-Varna","pm25",12.55,"µg/m³","2026-06-21T07:00:00Z","2026-06-21T10:00:00+03:00","Europe/Sofia",43.22438900023895,27.915733000170828,,,,"Unknown Governmental Organization","EEA"
8843,"AMS SOU Angel Kanchev-Varna","pm25",10.2,"µg/m³","2026-06-21T08:00:00Z","2026-06-21T11:00:00+03:00","Europe/Sofia",43.22438900023895,27.915733000170828,,,,"Unknown Governmental Organization","EEA"
8843,"AMS SOU Angel Kanchev-Varna","pm25",9.76,"µg/m³","2026-06-21T09:00:00Z","2026-06-21T12:00:00+03:00","Europe/Sofia",43.22438900023895,27.915733000170828,,,,"Unknown Governmental Organization","EEA"
8843,"AMS SOU Angel Kanchev-Varna","pm25",9.37,"µg/m³","2026-06-21T10:00:00Z","2026-06-21T13:00:00+03:00","Europe/Sofia",43.22438900023895,27.915733000170828,,,,"Unknown Governmental Organization","EEA"
8843,"AMS SOU Angel Kanchev-Varna","pm25",9.14,"µg/m³","2026-06-21T11:00:00Z","2026-06-21T14:00:00+03:00","Europe/Sofia",43.22438900023895,27.915733000170828,,,,"Unknown Governmental Organization","EEA"
8843,"AMS SOU Angel Kanchev-Varna","pm25",9.23,"µg/m³","2026-06-21T12:00:00Z","2026-06-21T15:00:00+03:00","Europe/Sofia",43.22438900023895,27.915733000170828,,,,"Unknown Governmental Organization","EEA"
8843,"AMS SOU Angel Kanchev-Varna","pm25",9.73,"µg/m³","2026-06-21T13:00:00Z","2026-06-21T16:00:00+03:00","Europe/Sofia",43.22438900023895,27.915733000170828,,,,"Unknown Governmental Organization","EEA"
8843,"AMS SOU Angel Kanchev-Varna","pm25",11.31,"µg/m³","2026-06-21T14:00:00Z","2026-06-21T17:00:00+03:00","Europe/Sofia",43.22438900023895,27.915733000170828,,,,"Unknown Governmental Organization","EEA"
8843,"AMS SOU Angel Kanchev-Varna","pm25",14.03,"µg/m³","2026-06-21T15:00:00Z","2026-06-21T18:00:00+03:00","Europe/Sofia",43.22438900023895,27.915733000170828,,,,"Unknown Governmental Organization","EEA"
8843,"AMS SOU Angel Kanchev-Varna","pm25",10.9,"µg/m³","2026-06-21T16:00:00Z","2026-06-21T19:00:00+03:00","Europe/Sofia",43.22438900023895,27.915733000170828,,,,"Unknown Governmental Organization","EEA"
8843,"AMS SOU Angel Kanchev-Varna","pm25",8.86,"µg/m³","2026-06-21T17:00:00Z","2026-06-21T20:00:00+03:00","Europe/Sofia",43.22438900023895,27.915733000170828,,,,"Unknown Governmental Organization","EEA"
8843,"AMS SOU Angel Kanchev-Varna","pm25",8.29,"µg/m³","2026-06-21T18:00:00Z","2026-06-21T21:00:00+03:00","Europe/Sofia",43.22438900023895,27.915733000170828,,,,"Unknown Governmental Organization","EEA"
8843,"AMS SOU Angel Kanchev-Varna","pm25",9.81,"µg/m³","2026-06-21T19:00:00Z","2026-06-21T22:00:00+03:00","Europe/Sofia",43.22438900023895,27.915733000170828,,,,"Unknown Governmental Organization","EEA"
8843,"AMS SOU Angel Kanchev-Varna","pm25",10.27,"µg/m³","2026-06-21T20:00:00Z","2026-06-21T23:00:00+03:00","Europe/Sofia",43.22438900023895,27.915733000170828,,,,"Unknown Governmental Organization","EEA"
8843,"AMS SOU Angel Kanchev-Varna","pm25",9.42,"µg/m³","2026-06-21T21:00:00Z","2026-06-22T00:00:00+03:00","Europe/Sofia",43.22438900023895,27.915733000170828,,,,"Unknown Governmental Organization","EEA"
8843,"AMS SOU Angel Kanchev-Varna","pm25",8.08,"µg/m³","2026-06-21T22:00:00Z","2026-06-22T01:00:00+03:00","Europe/Sofia",43.22438900023895,27.915733000170828,,,,"Unknown Governmental Organization","EEA"
8843,"AMS SOU Angel Kanchev-Varna","pm25",7.07,"µg/m³","2026-06-21T23:00:00Z","2026-06-22T02:00:00+03:00","Europe/Sofia",43.22438900023895,27.915733000170828,,,,"Unknown Governmental Organization","EEA"
8843,"AMS SOU Angel Kanchev-Varna","pm25",8.23,"µg/m³","2026-06-22T00:00:00Z","2026-06-22T03:00:00+03:00","Europe/Sofia",43.22438900023895,27.915733000170828,,,,"Unknown Governmental Organization","EEA"
8843,"AMS SOU Angel Kanchev-Varna","pm25",8.3,"µg/m³","2026-06-22T01:00:00Z","2026-06-22T04:00:00+03:00","Europe/Sofia",43.22438900023895,27.915733000170828,,,,"Unknown Governmental Organization","EEA"
8843,"AMS SOU Angel Kanchev-Varna","pm25",8.21,"µg/m³","2026-06-22T02:00:00Z","2026-06-22T05:00:00+03:00","Europe/Sofia",43.22438900023895,27.915733000170828,,,,"Unknown Governmental Organization","EEA"
8843,"AMS SOU Angel Kanchev-Varna","pm25",8.42,"µg/m³","2026-06-22T03:00:00Z","2026-06-22T06:00:00+03:00","Europe/Sofia",43.22438900023895,27.915733000170828,,,,"Unknown Governmental Organization","EEA"
8843,"AMS SOU Angel Kanchev-Varna","pm25",8.91,"µg/m³","2026-06-22T04:00:00Z","2026-06-22T07:00:00+03:00","Europe/Sofia",43.22438900023895,27.915733000170828,,,,"Unknown Governmental Organization","EEA"
8843,"AMS SOU Angel Kanchev-Varna","pm25",12.46,"µg/m³","2026-06-22T05:00:00Z","2026-06-22T08:00:00+03:00","Europe/Sofia",43.22438900023895,27.915733000170828,,,,"Unknown Governmental Organization","EEA"
8843,"AMS SOU Angel Kanchev-Varna","pm25",12.57,"µg/m³","2026-06-22T06:00:00Z","2026-06-22T09:00:00+03:00","Europe/Sofia",43.22438900023895,27.915733000170828,,,,"Unknown Governmental Organization","EEA"
8843,"AMS SOU Angel Kanchev-Varna","pm25",8.05,"µg/m³","2026-06-22T07:00:00Z","2026-06-22T10:00:00+03:00","Europe/Sofia",43.22438900023895,27.915733000170828,,,,"Unknown Governmental Organization","EEA"
8843,"AMS SOU Angel Kanchev-Varna","pm25",8.06,"µg/m³","2026-06-22T09:00:00Z","2026-06-22T12:00:00+03:00","Europe/Sofia",43.22438900023895,27.915733000170828,,,,"Unknown Governmental Organization","EEA"
8843,"AMS SOU Angel Kanchev-Varna","pm25",-1,"µg/m³","2026-06-22T10:00:00Z","2026-06-22T13:00:00+03:00","Europe/Sofia",43.22438900023895,27.915733000170828,,,,"Unknown Governmental Organization","EEA"
8843,"AMS SOU Angel Kanchev-Varna","pm25",21.77,"µg/m³","2026-06-22T11:00:00Z","2026-06-22T14:00:00+03:00","Europe/Sofia",43.22438900023895,27.915733000170828,,,,"Unknown Governmental Organization","EEA"
8843,"AMS SOU Angel Kanchev-Varna","pm25",22.89,"µg/m³","2026-06-22T12:00:00Z","2026-06-22T15:00:00+03:00","Europe/Sofia",43.22438900023895,27.915733000170828,,,,"Unknown Governmental Organization","EEA"
8843,"AMS SOU Angel Kanchev-Varna","pm25",23.69,"µg/m³","2026-06-22T13:00:00Z","2026-06-22T16:00:00+03:00","Europe/Sofia",43.22438900023895,27.915733000170828,,,,"Unknown Governmental Organization","EEA"
8843,"AMS SOU Angel Kanchev-Varna","pm25",24.86,"µg/m³","2026-06-22T14:00:00Z","2026-06-22T17:00:00+03:00","Europe/Sofia",43.22438900023895,27.915733000170828,,,,"Unknown Governmental Organization","EEA"
8843,"AMS SOU Angel Kanchev-Varna","pm25",23.32,"µg/m³","2026-06-22T15:00:00Z","2026-06-22T18:00:00+03:00","Europe/Sofia",43.22438900023895,27.915733000170828,,,,"Unknown Governmental Organization","EEA"
8843,"AMS SOU Angel Kanchev-Varna","pm25",22.81,"µg/m³","2026-06-22T16:00:00Z","2026-06-22T19:00:00+03:00","Europe/Sofia",43.22438900023895,27.915733000170828,,,,"Unknown Governmental Organization","EEA"
8843,"AMS SOU Angel Kanchev-Varna","pm25",23.75,"µg/m³","2026-06-22T17:00:00Z","2026-06-22T20:00:00+03:00","Europe/Sofia",43.22438900023895,27.915733000170828,,,,"Unknown Governmental Organization","EEA"
8843,"AMS SOU Angel Kanchev-Varna","pm25",24.18,"µg/m³","2026-06-22T18:00:00Z","2026-06-22T21:00:00+03:00","Europe/Sofia",43.22438900023895,27.915733000170828,,,,"Unknown Governmental Organization","EEA"
8843,"AMS SOU Angel Kanchev-Varna","pm25",24.48,"µg/m³","2026-06-22T19:00:00Z","2026-06-22T22:00:00+03:00","Europe/Sofia",43.22438900023895,27.915733000170828,,,,"Unknown Governmental Organization","EEA"
8843,"AMS SOU Angel Kanchev-Varna","pm25",23.83,"µg/m³","2026-06-22T20:00:00Z","2026-06-22T23:00:00+03:00","Europe/Sofia",43.22438900023895,27.915733000170828,,,,"Unknown Governmental Organization","EEA"
8843,"AMS SOU Angel Kanchev-Varna","pm25",24.95,"µg/m³","2026-06-22T21:00:00Z","2026-06-23T00:00:00+03:00","Europe/Sofia",43.22438900023895,27.915733000170828,,,,"Unknown Governmental Organization","EEA"
8843,"AMS SOU Angel Kanchev-Varna","pm25",23.54,"µg/m³","2026-06-22T22:00:00Z","2026-06-23T01:00:00+03:00","Europe/Sofia",43.22438900023895,27.915733000170828,,,,"Unknown Governmental Organization","EEA"
8843,"AMS SOU Angel Kanchev-Varna","pm25",22.93,"µg/m³","2026-06-22T23:00:00Z","2026-06-23T02:00:00+03:00","Europe/Sofia",43.22438900023895,27.915733000170828,,,,"Unknown Governmental Organization","EEA"
8843,"AMS SOU Angel Kanchev-Varna","pm25",23.09,"µg/m³","2026-06-23T00:00:00Z","2026-06-23T03:00:00+03:00","Europe/Sofia",43.22438900023895,27.915733000170828,,,,"Unknown Governmental Organization","EEA"
8843,"AMS SOU Angel Kanchev-Varna","pm25",25.55,"µg/m³","2026-06-23T01:00:00Z","2026-06-23T04:00:00+03:00","Europe/Sofia",43.22438900023895,27.915733000170828,,,,"Unknown Governmental Organization","EEA"
8843,"AMS SOU Angel Kanchev-Varna","pm25",26.6,"µg/m³","2026-06-23T02:00:00Z","2026-06-23T05:00:00+03:00","Europe/Sofia",43.22438900023895,27.915733000170828,,,,"Unknown Governmental Organization","EEA"
8843,"AMS SOU Angel Kanchev-Varna","pm25",40.15,"µg/m³","2026-06-23T03:00:00Z","2026-06-23T06:00:00+03:00","Europe/Sofia",43.22438900023895,27.915733000170828,,,,"Unknown Governmental Organization","EEA"
8843,"AMS SOU Angel Kanchev-Varna","pm25",36.71,"µg/m³","2026-06-23T04:00:00Z","2026-06-23T07:00:00+03:00","Europe/Sofia",43.22438900023895,27.915733000170828,,,,"Unknown Governmental Organization","EEA"
8843,"AMS SOU Angel Kanchev-Varna","pm25",7.3,"µg/m³","2026-06-23T05:00:00Z","2026-06-23T08:00:00+03:00","Europe/Sofia",43.22438900023895,27.915733000170828,,,,"Unknown Governmental Organization","EEA"
8843,"AMS SOU Angel Kanchev-Varna","pm25",5.43,"µg/m³","2026-06-23T06:00:00Z","2026-06-23T09:00:00+03:00","Europe/Sofia",43.22438900023895,27.915733000170828,,,,"Unknown Governmental Organization","EEA"
8843,"AMS SOU Angel Kanchev-Varna","pm25",7.46,"µg/m³","2026-06-23T07:00:00Z","2026-06-23T10:00:00+03:00","Europe/Sofia",43.22438900023895,27.915733000170828,,,,"Unknown Governmental Organization","EEA"
8843,"AMS SOU Angel Kanchev-Varna","pm25",6.19,"µg/m³","2026-06-23T08:00:00Z","2026-06-23T11:00:00+03:00","Europe/Sofia",43.22438900023895,27.915733000170828,,,,"Unknown Governmental Organization","EEA"
8843,"AMS SOU Angel Kanchev-Varna","pm25",7.55,"µg/m³","2026-06-23T10:00:00Z","2026-06-23T13:00:00+03:00","Europe/Sofia",43.22438900023895,27.915733000170828,,,,"Unknown Governmental Organization","EEA"
8843,"AMS SOU Angel Kanchev-Varna","pm25",9.09,"µg/m³","2026-06-23T11:00:00Z","2026-06-23T14:00:00+03:00","Europe/Sofia",43.22438900023895,27.915733000170828,,,,"Unknown Governmental Organization","EEA"
8843,"AMS SOU Angel Kanchev-Varna","pm25",9.92,"µg/m³","2026-06-23T12:00:00Z","2026-06-23T15:00:00+03:00","Europe/Sofia",43.22438900023895,27.915733000170828,,,,"Unknown Governmental Organization","EEA"
8843,"AMS SOU Angel Kanchev-Varna","pm25",10.31,"µg/m³","2026-06-23T13:00:00Z","2026-06-23T16:00:00+03:00","Europe/Sofia",43.22438900023895,27.915733000170828,,,,"Unknown Governmental Organization","EEA"
8843,"AMS SOU Angel Kanchev-Varna","pm25",10.67,"µg/m³","2026-06-23T14:00:00Z","2026-06-23T17:00:00+03:00","Europe/Sofia",43.22438900023895,27.915733000170828,,,,"Unknown Governmental Organization","EEA"
8843,"AMS SOU Angel Kanchev-Varna","pm25",10.87,"µg/m³","2026-06-23T15:00:00Z","2026-06-23T18:00:00+03:00","Europe/Sofia",43.22438900023895,27.915733000170828,,,,"Unknown Governmental Organization","EEA"
8843,"AMS SOU Angel Kanchev-Varna","pm25",9.86,"µg/m³","2026-06-23T16:00:00Z","2026-06-23T19:00:00+03:00","Europe/Sofia",43.22438900023895,27.915733000170828,,,,"Unknown Governmental Organization","EEA"
8843,"AMS SOU Angel Kanchev-Varna","pm25",9.16,"µg/m³","2026-06-23T17:00:00Z","2026-06-23T20:00:00+03:00","Europe/Sofia",43.22438900023895,27.915733000170828,,,,"Unknown Governmental Organization","EEA"
8843,"AMS SOU Angel Kanchev-Varna","pm25",8.41,"µg/m³","2026-06-23T18:00:00Z","2026-06-23T21:00:00+03:00","Europe/Sofia",43.22438900023895,27.915733000170828,,,,"Unknown Governmental Organization","EEA"
8843,"AMS SOU Angel Kanchev-Varna","pm25",8.04,"µg/m³","2026-06-23T19:00:00Z","2026-06-23T22:00:00+03:00","Europe/Sofia",43.22438900023895,27.915733000170828,,,,"Unknown Governmental Organization","EEA"
8843,"AMS SOU Angel Kanchev-Varna","pm25",7.26,"µg/m³","2026-06-23T20:00:00Z","2026-06-23T23:00:00+03:00","Europe/Sofia",43.22438900023895,27.915733000170828,,,,"Unknown Governmental Organization","EEA"
8843,"AMS SOU Angel Kanchev-Varna","pm25",6.69,"µg/m³","2026-06-23T21:00:00Z","2026-06-24T00:00:00+03:00","Europe/Sofia",43.22438900023895,27.915733000170828,,,,"Unknown Governmental Organization","EEA"
8843,"AMS SOU Angel Kanchev-Varna","pm25",5.68,"µg/m³","2026-06-23T22:00:00Z","2026-06-24T01:00:00+03:00","Europe/Sofia",43.22438900023895,27.915733000170828,,,,"Unknown Governmental Organization","EEA"
8843,"AMS SOU Angel Kanchev-Varna","pm25",4.44,"µg/m³","2026-06-23T23:00:00Z","2026-06-24T02:00:00+03:00","Europe/Sofia",43.22438900023895,27.915733000170828,,,,"Unknown Governmental Organization","EEA"
8843,"AMS SOU Angel Kanchev-Varna","pm25",4.72,"µg/m³","2026-06-24T00:00:00Z","2026-06-24T03:00:00+03:00","Europe/Sofia",43.22438900023895,27.915733000170828,,,,"Unknown Governmental Organization","EEA"
8843,"AMS SOU Angel Kanchev-Varna","pm25",4.38,"µg/m³","2026-06-24T01:00:00Z","2026-06-24T04:00:00+03:00","Europe/Sofia",43.22438900023895,27.915733000170828,,,,"Unknown Governmental Organization","EEA"
8843,"AMS SOU Angel Kanchev-Varna","pm25",4.04,"µg/m³","2026-06-24T02:00:00Z","2026-06-24T05:00:00+03:00","Europe/Sofia",43.22438900023895,27.915733000170828,,,,"Unknown Governmental Organization","EEA"
8843,"AMS SOU Angel Kanchev-Varna","pm25",3.82,"µg/m³","2026-06-24T03:00:00Z","2026-06-24T06:00:00+03:00","Europe/Sofia",43.22438900023895,27.915733000170828,,,,"Unknown Governmental Organization","EEA"
8843,"AMS SOU Angel Kanchev-Varna","pm25",4.06,"µg/m³","2026-06-24T04:00:00Z","2026-06-24T07:00:00+03:00","Europe/Sofia",43.22438900023895,27.915733000170828,,,,"Unknown Governmental Organization","EEA"
8843,"AMS SOU Angel Kanchev-Varna","pm25",10.39,"µg/m³","2026-06-24T05:00:00Z","2026-06-24T08:00:00+03:00","Europe/Sofia",43.22438900023895,27.915733000170828,,,,"Unknown Governmental Organization","EEA"
8843,"AMS SOU Angel Kanchev-Varna","pm25",11.77,"µg/m³","2026-06-24T06:00:00Z","2026-06-24T09:00:00+03:00","Europe/Sofia",43.22438900023895,27.915733000170828,,,,"Unknown Governmental Organization","EEA"
8843,"AMS SOU Angel Kanchev-Varna","pm25",13.75,"µg/m³","2026-06-24T07:00:00Z","2026-06-24T10:00:00+03:00","Europe/Sofia",43.22438900023895,27.915733000170828,,,,"Unknown Governmental Organization","EEA"
8843,"AMS SOU Angel Kanchev-Varna","pm25",12.69,"µg/m³","2026-06-24T09:00:00Z","2026-06-24T12:00:00+03:00","Europe/Sofia",43.22438900023895,27.915733000170828,,,,"Unknown Governmental Organization","EEA"
8843,"AMS SOU Angel Kanchev-Varna","pm25",9.88,"µg/m³","2026-06-24T10:00:00Z","2026-06-24T13:00:00+03:00","Europe/Sofia",43.22438900023895,27.915733000170828,,,,"Unknown Governmental Organization","EEA"
8843,"AMS SOU Angel Kanchev-Varna","pm25",9.69,"µg/m³","2026-06-24T11:00:00Z","2026-06-24T14:00:00+03:00","Europe/Sofia",43.22438900023895,27.915733000170828,,,,"Unknown Governmental Organization","EEA"
8843,"AMS SOU Angel Kanchev-Varna","pm25",10.23,"µg/m³","2026-06-24T12:00:00Z","2026-06-24T15:00:00+03:00","Europe/Sofia",43.22438900023895,27.915733000170828,,,,"Unknown Governmental Organization","EEA"
8843,"AMS SOU Angel Kanchev-Varna","pm25",10.93,"µg/m³","2026-06-24T13:00:00Z","2026-06-24T16:00:00+03:00","Europe/Sofia",43.22438900023895,27.915733000170828,,,,"Unknown Governmental Organization","EEA"
8843,"AMS SOU Angel Kanchev-Varna","pm25",11.5,"µg/m³","2026-06-24T14:00:00Z","2026-06-24T17:00:00+03:00","Europe/Sofia",43.22438900023895,27.915733000170828,,,,"Unknown Governmental Organization","EEA"
8843,"AMS SOU Angel Kanchev-Varna","pm25",13.5,"µg/m³","2026-06-24T16:00:00Z","2026-06-24T19:00:00+03:00","Europe/Sofia",43.22438900023895,27.915733000170828,,,,"Unknown Governmental Organization","EEA"
8843,"AMS SOU Angel Kanchev-Varna","pm25",13.17,"µg/m³","2026-06-24T17:00:00Z","2026-06-24T20:00:00+03:00","Europe/Sofia",43.22438900023895,27.915733000170828,,,,"Unknown Governmental Organization","EEA"
8843,"AMS SOU Angel Kanchev-Varna","pm25",12.95,"µg/m³","2026-06-24T18:00:00Z","2026-06-24T21:00:00+03:00","Europe/Sofia",43.22438900023895,27.915733000170828,,,,"Unknown Governmental Organization","EEA"
8843,"AMS SOU Angel Kanchev-Varna","pm25",12.91,"µg/m³","2026-06-24T19:00:00Z","2026-06-24T22:00:00+03:00","Europe/Sofia",43.22438900023895,27.915733000170828,,,,"Unknown Governmental Organization","EEA"
8843,"AMS SOU Angel Kanchev-Varna","pm25",17.33,"µg/m³","2026-06-24T20:00:00Z","2026-06-24T23:00:00+03:00","Europe/Sofia",43.22438900023895,27.915733000170828,,,,"Unknown Governmental Organization","EEA"
8843,"AMS SOU Angel Kanchev-Varna","pm25",12.87,"µg/m³","2026-06-24T21:00:00Z","2026-06-25T00:00:00+03:00","Europe/Sofia",43.22438900023895,27.915733000170828,,,,"Unknown Governmental Organization","EEA"
8843,"AMS SOU Angel Kanchev-Varna","pm25",10.46,"µg/m³","2026-06-24T22:00:00Z","2026-06-25T01:00:00+03:00","Europe/Sofia",43.22438900023895,27.915733000170828,,,,"Unknown Governmental Organization","EEA"
8843,"AMS SOU Angel Kanchev-Varna","pm25",9.9,"µg/m³","2026-06-24T23:00:00Z","2026-06-25T02:00:00+03:00","Europe/Sofia",43.22438900023895,27.915733000170828,,,,"Unknown Governmental Organization","EEA"
8843,"AMS SOU Angel Kanchev-Varna","pm25",8.3,"µg/m³","2026-06-25T00:00:00Z","2026-06-25T03:00:00+03:00","Europe/Sofia",43.22438900023895,27.915733000170828,,,,"Unknown Governmental Organization","EEA"
8843,"AMS SOU Angel Kanchev-Varna","pm25",7.54,"µg/m³","2026-06-25T01:00:00Z","2026-06-25T04:00:00+03:00","Europe/Sofia",43.22438900023895,27.915733000170828,,,,"Unknown Governmental Organization","EEA"
8843,"AMS SOU Angel Kanchev-Varna","pm25",8.83,"µg/m³","2026-06-25T02:00:00Z","2026-06-25T05:00:00+03:00","Europe/Sofia",43.22438900023895,27.915733000170828,,,,"Unknown Governmental Organization","EEA"
8843,"AMS SOU Angel Kanchev-Varna","pm25",9.17,"µg/m³","2026-06-25T03:00:00Z","2026-06-25T06:00:00+03:00","Europe/Sofia",43.22438900023895,27.915733000170828,,,,"Unknown Governmental Organization","EEA"
8843,"AMS SOU Angel Kanchev-Varna","pm25",8.45,"µg/m³","2026-06-25T04:00:00Z","2026-06-25T07:00:00+03:00","Europe/Sofia",43.22438900023895,27.915733000170828,,,,"Unknown Governmental Organization","EEA"
8843,"AMS SOU Angel Kanchev-Varna","pm25",7.29,"µg/m³","2026-06-25T05:00:00Z","2026-06-25T08:00:00+03:00","Europe/Sofia",43.22438900023895,27.915733000170828,,,,"Unknown Governmental Organization","EEA"
8843,"AMS SOU Angel Kanchev-Varna","pm25",6.79,"µg/m³","2026-06-25T06:00:00Z","2026-06-25T09:00:00+03:00","Europe/Sofia",43.22438900023895,27.915733000170828,,,,"Unknown Governmental Organization","EEA"
8843,"AMS SOU Angel Kanchev-Varna","pm25",7.21,"µg/m³","2026-06-25T07:00:00Z","2026-06-25T10:00:00+03:00","Europe/Sofia",43.22438900023895,27.915733000170828,,,,"Unknown Governmental Organization","EEA"
8843,"AMS SOU Angel Kanchev-Varna","pm25",8.66,"µg/m³","2026-06-25T08:00:00Z","2026-06-25T11:00:00+03:00","Europe/Sofia",43.22438900023895,27.915733000170828,,,,"Unknown Governmental Organization","EEA"
8843,"AMS SOU Angel Kanchev-Varna","pm25",9.7,"µg/m³","2026-06-25T09:00:00Z","2026-06-25T12:00:00+03:00","Europe/Sofia",43.22438900023895,27.915733000170828,,,,"Unknown Governmental Organization","EEA"
8843,"AMS SOU Angel Kanchev-Varna","pm25",10.51,"µg/m³","2026-06-25T10:00:00Z","2026-06-25T13:00:00+03:00","Europe/Sofia",43.22438900023895,27.915733000170828,,,,"Unknown Governmental Organization","EEA"
8843,"AMS SOU Angel Kanchev-Varna","pm25",11.67,"µg/m³","2026-06-25T11:00:00Z","2026-06-25T14:00:00+03:00","Europe/Sofia",43.22438900023895,27.915733000170828,,,,"Unknown Governmental Organization","EEA"
8843,"AMS SOU Angel Kanchev-Varna","pm25",12.82,"µg/m³","2026-06-25T12:00:00Z","2026-06-25T15:00:00+03:00","Europe/Sofia",43.22438900023895,27.915733000170828,,,,"Unknown Governmental Organization","EEA"
8843,"AMS SOU Angel Kanchev-Varna","pm25",13.25,"µg/m³","2026-06-25T13:00:00Z","2026-06-25T16:00:00+03:00","Europe/Sofia",43.22438900023895,27.915733000170828,,,,"Unknown Governmental Organization","EEA"
8843,"AMS SOU Angel Kanchev-Varna","pm25",13.29,"µg/m³","2026-06-25T14:00:00Z","2026-06-25T17:00:00+03:00","Europe/Sofia",43.22438900023895,27.915733000170828,,,,"Unknown Governmental Organization","EEA"
8843,"AMS SOU Angel Kanchev-Varna","pm25",12.56,"µg/m³","2026-06-25T15:00:00Z","2026-06-25T18:00:00+03:00","Europe/Sofia",43.22438900023895,27.915733000170828,,,,"Unknown Governmental Organization","EEA"
8843,"AMS SOU Angel Kanchev-Varna","pm25",12.52,"µg/m³","2026-06-25T16:00:00Z","2026-06-25T19:00:00+03:00","Europe/Sofia",43.22438900023895,27.915733000170828,,,,"Unknown Governmental Organization","EEA"
8843,"AMS SOU Angel Kanchev-Varna","pm25",11.76,"µg/m³","2026-06-25T17:00:00Z","2026-06-25T20:00:00+03:00","Europe/Sofia",43.22438900023895,27.915733000170828,,,,"Unknown Governmental Organization","EEA"
8843,"AMS SOU Angel Kanchev-Varna","pm25",11.55,"µg/m³","2026-06-25T18:00:00Z","2026-06-25T21:00:00+03:00","Europe/Sofia",43.22438900023895,27.915733000170828,,,,"Unknown Governmental Organization","EEA"
8843,"AMS SOU Angel Kanchev-Varna","pm25",11.38,"µg/m³","2026-06-25T19:00:00Z","2026-06-25T22:00:00+03:00","Europe/Sofia",43.22438900023895,27.915733000170828,,,,"Unknown Governmental Organization","EEA"
8843,"AMS SOU Angel Kanchev-Varna","pm25",11.49,"µg/m³","2026-06-25T20:00:00Z","2026-06-25T23:00:00+03:00","Europe/Sofia",43.22438900023895,27.915733000170828,,,,"Unknown Governmental Organization","EEA"
8843,"AMS SOU Angel Kanchev-Varna","pm25",10.48,"µg/m³","2026-06-25T21:00:00Z","2026-06-26T00:00:00+03:00","Europe/Sofia",43.22438900023895,27.915733000170828,,,,"Unknown Governmental Organization","EEA"
8843,"AMS SOU Angel Kanchev-Varna","pm25",8.97,"µg/m³","2026-06-25T23:00:00Z","2026-06-26T02:00:00+03:00","Europe/Sofia",43.22438900023895,27.915733000170828,,,,"Unknown Governmental Organization","EEA"
8843,"AMS SOU Angel Kanchev-Varna","pm25",9.22,"µg/m³","2026-06-26T00:00:00Z","2026-06-26T03:00:00+03:00","Europe/Sofia",43.22438900023895,27.915733000170828,,,,"Unknown Governmental Organization","EEA"
8843,"AMS SOU Angel Kanchev-Varna","pm25",9.09,"µg/m³","2026-06-26T01:00:00Z","2026-06-26T04:00:00+03:00","Europe/Sofia",43.22438900023895,27.915733000170828,,,,"Unknown Governmental Organization","EEA"
8843,"AMS SOU Angel Kanchev-Varna","pm25",8.37,"µg/m³","2026-06-26T02:00:00Z","2026-06-26T05:00:00+03:00","Europe/Sofia",43.22438900023895,27.915733000170828,,,,"Unknown Governmental Organization","EEA"
8843,"AMS SOU Angel Kanchev-Varna","pm25",11.52,"µg/m³","2026-06-26T03:00:00Z","2026-06-26T06:00:00+03:00","Europe/Sofia",43.22438900023895,27.915733000170828,,,,"Unknown Governmental Organization","EEA"
8843,"AMS SOU Angel Kanchev-Varna","pm25",12.92,"µg/m³","2026-06-26T04:00:00Z","2026-06-26T07:00:00+03:00","Europe/Sofia",43.22438900023895,27.915733000170828,,,,"Unknown Governmental Organization","EEA"
8843,"AMS SOU Angel Kanchev-Varna","pm25",11.43,"µg/m³","2026-06-26T05:00:00Z","2026-06-26T08:00:00+03:00","Europe/Sofia",43.22438900023895,27.915733000170828,,,,"Unknown Governmental Organization","EEA"
8843,"AMS SOU Angel Kanchev-Varna","pm25",9.92,"µg/m³","2026-06-26T06:00:00Z","2026-06-26T09:00:00+03:00","Europe/Sofia",43.22438900023895,27.915733000170828,,,,"Unknown Governmental Organization","EEA"
8843,"AMS SOU Angel Kanchev-Varna","pm25",8.32,"µg/m³","2026-06-26T09:00:00Z","2026-06-26T12:00:00+03:00","Europe/Sofia",43.22438900023895,27.915733000170828,,,,"Unknown Governmental Organization","EEA"
8843,"AMS SOU Angel Kanchev-Varna","pm25",9.24,"µg/m³","2026-06-26T10:00:00Z","2026-06-26T13:00:00+03:00","Europe/Sofia",43.22438900023895,27.915733000170828,,,,"Unknown Governmental Organization","EEA"
8843,"AMS SOU Angel Kanchev-Varna","pm25",10.37,"µg/m³","2026-06-26T11:00:00Z","2026-06-26T14:00:00+03:00","Europe/Sofia",43.22438900023895,27.915733000170828,,,,"Unknown Governmental Organization","EEA"
8843,"AMS SOU Angel Kanchev-Varna","pm25",12.08,"µg/m³","2026-06-26T12:00:00Z","2026-06-26T15:00:00+03:00","Europe/Sofia",43.22438900023895,27.915733000170828,,,,"Unknown Governmental Organization","EEA"
8843,"AMS SOU Angel Kanchev-Varna","pm25",12.61,"µg/m³","2026-06-26T13:00:00Z","2026-06-26T16:00:00+03:00","Europe/Sofia",43.22438900023895,27.915733000170828,,,,"Unknown Governmental Organization","EEA"
8843,"AMS SOU Angel Kanchev-Varna","pm25",13.28,"µg/m³","2026-06-26T14:00:00Z","2026-06-26T17:00:00+03:00","Europe/Sofia",43.22438900023895,27.915733000170828,,,,"Unknown Governmental Organization","EEA"
8843,"AMS SOU Angel Kanchev-Varna","pm25",13.25,"µg/m³","2026-06-26T15:00:00Z","2026-06-26T18:00:00+03:00","Europe/Sofia",43.22438900023895,27.915733000170828,,,,"Unknown Governmental Organization","EEA"
8843,"AMS SOU Angel Kanchev-Varna","pm25",13.47,"µg/m³","2026-06-26T16:00:00Z","2026-06-26T19:00:00+03:00","Europe/Sofia",43.22438900023895,27.915733000170828,,,,"Unknown Governmental Organization","EEA"
8843,"AMS SOU Angel Kanchev-Varna","pm25",13.41,"µg/m³","2026-06-26T17:00:00Z","2026-06-26T20:00:00+03:00","Europe/Sofia",43.22438900023895,27.915733000170828,,,,"Unknown Governmental Organization","EEA"
8843,"AMS SOU Angel Kanchev-Varna","pm25",12.59,"µg/m³","2026-06-26T18:00:00Z","2026-06-26T21:00:00+03:00","Europe/Sofia",43.22438900023895,27.915733000170828,,,,"Unknown Governmental Organization","EEA"
8843,"AMS SOU Angel Kanchev-Varna","pm25",11.83,"µg/m³","2026-06-26T19:00:00Z","2026-06-26T22:00:00+03:00","Europe/Sofia",43.22438900023895,27.915733000170828,,,,"Unknown Governmental Organization","EEA"
8843,"AMS SOU Angel Kanchev-Varna","pm25",11.96,"µg/m³","2026-06-26T20:00:00Z","2026-06-26T23:00:00+03:00","Europe/Sofia",43.22438900023895,27.915733000170828,,,,"Unknown Governmental Organization","EEA"
8843,"AMS SOU Angel Kanchev-Varna","pm25",10.91,"µg/m³","2026-06-26T21:00:00Z","2026-06-27T00:00:00+03:00","Europe/Sofia",43.22438900023895,27.915733000170828,,,,"Unknown Governmental Organization","EEA"
8843,"AMS SOU Angel Kanchev-Varna","pm25",9.3,"µg/m³","2026-06-26T22:00:00Z","2026-06-27T01:00:00+03:00","Europe/Sofia",43.22438900023895,27.915733000170828,,,,"Unknown Governmental Organization","EEA"
8843,"AMS SOU Angel Kanchev-Varna","pm25",8.47,"µg/m³","2026-06-26T23:00:00Z","2026-06-27T02:00:00+03:00","Europe/Sofia",43.22438900023895,27.915733000170828,,,,"Unknown Governmental Organization","EEA"
8843,"AMS SOU Angel Kanchev-Varna","pm25",8.07,"µg/m³","2026-06-27T00:00:00Z","2026-06-27T03:00:00+03:00","Europe/Sofia",43.22438900023895,27.915733000170828,,,,"Unknown Governmental Organization","EEA"
8843,"AMS SOU Angel Kanchev-Varna","pm25",7.95,"µg/m³","2026-06-27T01:00:00Z","2026-06-27T04:00:00+03:00","Europe/Sofia",43.22438900023895,27.915733000170828,,,,"Unknown Governmental Organization","EEA"
8843,"AMS SOU Angel Kanchev-Varna","pm25",7.19,"µg/m³","2026-06-27T02:00:00Z","2026-06-27T05:00:00+03:00","Europe/Sofia",43.22438900023895,27.915733000170828,,,,"Unknown Governmental Organization","EEA"
8843,"AMS SOU Angel Kanchev-Varna","pm25",10.28,"µg/m³","2026-06-27T03:00:00Z","2026-06-27T06:00:00+03:00","Europe/Sofia",43.22438900023895,27.915733000170828,,,,"Unknown Governmental Organization","EEA"
8843,"AMS SOU Angel Kanchev-Varna","pm25",20.02,"µg/m³","2026-06-27T04:00:00Z","2026-06-27T07:00:00+03:00","Europe/Sofia",43.22438900023895,27.915733000170828,,,,"Unknown Governmental Organization","EEA"
8843,"AMS SOU Angel Kanchev-Varna","pm25",17.57,"µg/m³","2026-06-27T05:00:00Z","2026-06-27T08:00:00+03:00","Europe/Sofia",43.22438900023895,27.915733000170828,,,,"Unknown Governmental Organization","EEA"
8843,"AMS SOU Angel Kanchev-Varna","pm25",9.35,"µg/m³","2026-06-27T06:00:00Z","2026-06-27T09:00:00+03:00","Europe/Sofia",43.22438900023895,27.915733000170828,,,,"Unknown Governmental Organization","EEA"
8843,"AMS SOU Angel Kanchev-Varna","pm25",8.79,"µg/m³","2026-06-27T07:00:00Z","2026-06-27T10:00:00+03:00","Europe/Sofia",43.22438900023895,27.915733000170828,,,,"Unknown Governmental Organization","EEA"
8843,"AMS SOU Angel Kanchev-Varna","pm25",8.83,"µg/m³","2026-06-27T08:00:00Z","2026-06-27T11:00:00+03:00","Europe/Sofia",43.22438900023895,27.915733000170828,,,,"Unknown Governmental Organization","EEA"
8843,"AMS SOU Angel Kanchev-Varna","pm25",9.28,"µg/m³","2026-06-27T09:00:00Z","2026-06-27T12:00:00+03:00","Europe/Sofia",43.22438900023895,27.915733000170828,,,,"Unknown Governmental Organization","EEA"
8843,"AMS SOU Angel Kanchev-Varna","pm25",10,"µg/m³","2026-06-27T10:00:00Z","2026-06-27T13:00:00+03:00","Europe/Sofia",43.22438900023895,27.915733000170828,,,,"Unknown Governmental Organization","EEA"
8843,"AMS SOU Angel Kanchev-Varna","pm25",10.36,"µg/m³","2026-06-27T11:00:00Z","2026-06-27T14:00:00+03:00","Europe/Sofia",43.22438900023895,27.915733000170828,,,,"Unknown Governmental Organization","EEA"
8843,"AMS SOU Angel Kanchev-Varna","pm25",10.91,"µg/m³","2026-06-27T12:00:00Z","2026-06-27T15:00:00+03:00","Europe/Sofia",43.22438900023895,27.915733000170828,,,,"Unknown Governmental Organization","EEA"
8843,"AMS SOU Angel Kanchev-Varna","pm25",11.16,"µg/m³","2026-06-27T13:00:00Z","2026-06-27T16:00:00+03:00","Europe/Sofia",43.22438900023895,27.915733000170828,,,,"Unknown Governmental Organization","EEA"
8843,"AMS SOU Angel Kanchev-Varna","pm25",12.55,"µg/m³","2026-06-27T14:00:00Z","2026-06-27T17:00:00+03:00","Europe/Sofia",43.22438900023895,27.915733000170828,,,,"Unknown Governmental Organization","EEA"
8843,"AMS SOU Angel Kanchev-Varna","pm25",13.06,"µg/m³","2026-06-27T15:00:00Z","2026-06-27T18:00:00+03:00","Europe/Sofia",43.22438900023895,27.915733000170828,,,,"Unknown Governmental Organization","EEA"
8843,"AMS SOU Angel Kanchev-Varna","pm25",12.55,"µg/m³","2026-06-27T16:00:00Z","2026-06-27T19:00:00+03:00","Europe/Sofia",43.22438900023895,27.915733000170828,,,,"Unknown Governmental Organization","EEA"
8843,"AMS SOU Angel Kanchev-Varna","pm25",12.35,"µg/m³","2026-06-27T17:00:00Z","2026-06-27T20:00:00+03:00","Europe/Sofia",43.22438900023895,27.915733000170828,,,,"Unknown Governmental Organization","EEA"
8843,"AMS SOU Angel Kanchev-Varna","pm25",12.52,"µg/m³","2026-06-27T18:00:00Z","2026-06-27T21:00:00+03:00","Europe/Sofia",43.22438900023895,27.915733000170828,,,,"Unknown Governmental Organization","EEA"
8843,"AMS SOU Angel Kanchev-Varna","pm25",11.51,"µg/m³","2026-06-27T19:00:00Z","2026-06-27T22:00:00+03:00","Europe/Sofia",43.22438900023895,27.915733000170828,,,,"Unknown Governmental Organization","EEA"
8843,"AMS SOU Angel Kanchev-Varna","pm25",10.7,"µg/m³","2026-06-27T20:00:00Z","2026-06-27T23:00:00+03:00","Europe/Sofia",43.22438900023895,27.915733000170828,,,,"Unknown Governmental Organization","EEA"
8843,"AMS SOU Angel Kanchev-Varna","pm25",8.87,"µg/m³","2026-06-27T21:00:00Z","2026-06-28T00:00:00+03:00","Europe/Sofia",43.22438900023895,27.915733000170828,,,,"Unknown Governmental Organization","EEA"
8843,"AMS SOU Angel Kanchev-Varna","pm25",7.47,"µg/m³","2026-06-27T22:00:00Z","2026-06-28T01:00:00+03:00","Europe/Sofia",43.22438900023895,27.915733000170828,,,,"Unknown Governmental Organization","EEA"
8843,"AMS SOU Angel Kanchev-Varna","pm25",6.49,"µg/m³","2026-06-27T23:00:00Z","2026-06-28T02:00:00+03:00","Europe/Sofia",43.22438900023895,27.915733000170828,,,,"Unknown Governmental Organization","EEA"
8843,"AMS SOU Angel Kanchev-Varna","pm25",7.28,"µg/m³","2026-06-28T00:00:00Z","2026-06-28T03:00:00+03:00","Europe/Sofia",43.22438900023895,27.915733000170828,,,,"Unknown Governmental Organization","EEA"
8843,"AMS SOU Angel Kanchev-Varna","pm25",6.86,"µg/m³","2026-06-28T01:00:00Z","2026-06-28T04:00:00+03:00","Europe/Sofia",43.22438900023895,27.915733000170828,,,,"Unknown Governmental Organization","EEA"
8843,"AMS SOU Angel Kanchev-Varna","pm25",6.07,"µg/m³","2026-06-28T02:00:00Z","2026-06-28T05:00:00+03:00","Europe/Sofia",43.22438900023895,27.915733000170828,,,,"Unknown Governmental Organization","EEA"
8843,"AMS SOU Angel Kanchev-Varna","pm25",5.54,"µg/m³","2026-06-28T03:00:00Z","2026-06-28T06:00:00+03:00","Europe/Sofia",43.22438900023895,27.915733000170828,,,,"Unknown Governmental Organization","EEA"
8843,"AMS SOU Angel Kanchev-Varna","pm25",5.11,"µg/m³","2026-06-28T04:00:00Z","2026-06-28T07:00:00+03:00","Europe/Sofia",43.22438900023895,27.915733000170828,,,,"Unknown Governmental Organization","EEA"
8843,"AMS SOU Angel Kanchev-Varna","pm25",4.94,"µg/m³","2026-06-28T05:00:00Z","2026-06-28T08:00:00+03:00","Europe/Sofia",43.22438900023895,27.915733000170828,,,,"Unknown Governmental Organization","EEA"
8843,"AMS SOU Angel Kanchev-Varna","pm25",4.9,"µg/m³","2026-06-28T06:00:00Z","2026-06-28T09:00:00+03:00","Europe/Sofia",43.22438900023895,27.915733000170828,,,,"Unknown Governmental Organization","EEA"
8843,"AMS SOU Angel Kanchev-Varna","pm25",4.99,"µg/m³","2026-06-28T07:00:00Z","2026-06-28T10:00:00+03:00","Europe/Sofia",43.22438900023895,27.915733000170828,,,,"Unknown Governmental Organization","EEA"
8843,"AMS SOU Angel Kanchev-Varna","pm25",6.18,"µg/m³","2026-06-28T08:00:00Z","2026-06-28T11:00:00+03:00","Europe/Sofia",43.22438900023895,27.915733000170828,,,,"Unknown Governmental Organization","EEA"
8843,"AMS SOU Angel Kanchev-Varna","pm25",6.11,"µg/m³","2026-06-28T09:00:00Z","2026-06-28T12:00:00+03:00","Europe/Sofia",43.22438900023895,27.915733000170828,,,,"Unknown Governmental Organization","EEA"
8843,"AMS SOU Angel Kanchev-Varna","pm25",6.65,"µg/m³","2026-06-28T10:00:00Z","2026-06-28T13:00:00+03:00","Europe/Sofia",43.22438900023895,27.915733000170828,,,,"Unknown Governmental Organization","EEA"
8843,"AMS SOU Angel Kanchev-Varna","pm25",-1,"µg/m³","2026-06-28T12:00:00Z","2026-06-28T15:00:00+03:00","Europe/Sofia",43.22438900023895,27.915733000170828,,,,"Unknown Governmental Organization","EEA"
8843,"AMS SOU Angel Kanchev-Varna","pm25",8.71,"µg/m³","2026-06-28T13:00:00Z","2026-06-28T16:00:00+03:00","Europe/Sofia",43.22438900023895,27.915733000170828,,,,"Unknown Governmental Organization","EEA"
8843,"AMS SOU Angel Kanchev-Varna","pm25",-1,"µg/m³","2026-06-28T14:00:00Z","2026-06-28T17:00:00+03:00","Europe/Sofia",43.22438900023895,27.915733000170828,,,,"Unknown Governmental Organization","EEA"
8843,"AMS SOU Angel Kanchev-Varna","pm25",-1,"µg/m³","2026-06-28T15:00:00Z","2026-06-28T18:00:00+03:00","Europe/Sofia",43.22438900023895,27.915733000170828,,,,"Unknown Governmental Organization","EEA"
8843,"AMS SOU Angel Kanchev-Varna","pm25",-1,"µg/m³","2026-06-28T16:00:00Z","2026-06-28T19:00:00+03:00","Europe/Sofia",43.22438900023895,27.915733000170828,,,,"Unknown Governmental Organization","EEA"
8843,"AMS SOU Angel Kanchev-Varna","pm25",9.72,"µg/m³","2026-06-28T17:00:00Z","2026-06-28T20:00:00+03:00","Europe/Sofia",43.22438900023895,27.915733000170828,,,,"Unknown Governmental Organization","EEA"
8843,"AMS SOU Angel Kanchev-Varna","pm25",9.82,"µg/m³","2026-06-28T18:00:00Z","2026-06-28T21:00:00+03:00","Europe/Sofia",43.22438900023895,27.915733000170828,,,,"Unknown Governmental Organization","EEA"
8843,"AMS SOU Angel Kanchev-Varna","pm25",10.62,"µg/m³","2026-06-28T19:00:00Z","2026-06-28T22:00:00+03:00","Europe/Sofia",43.22438900023895,27.915733000170828,,,,"Unknown Governmental Organization","EEA"
8843,"AMS SOU Angel Kanchev-Varna","pm25",17.15,"µg/m³","2026-06-28T20:00:00Z","2026-06-28T23:00:00+03:00","Europe/Sofia",43.22438900023895,27.915733000170828,,,,"Unknown Governmental Organization","EEA"
8843,"AMS SOU Angel Kanchev-Varna","pm25",9.27,"µg/m³","2026-06-28T21:00:00Z","2026-06-29T00:00:00+03:00","Europe/Sofia",43.22438900023895,27.915733000170828,,,,"Unknown Governmental Organization","EEA"
8843,"AMS SOU Angel Kanchev-Varna","pm25",7.98,"µg/m³","2026-06-28T22:00:00Z","2026-06-29T01:00:00+03:00","Europe/Sofia",43.22438900023895,27.915733000170828,,,,"Unknown Governmental Organization","EEA"
8843,"AMS SOU Angel Kanchev-Varna","pm25",7.18,"µg/m³","2026-06-28T23:00:00Z","2026-06-29T02:00:00+03:00","Europe/Sofia",43.22438900023895,27.915733000170828,,,,"Unknown Governmental Organization","EEA"
8843,"AMS SOU Angel Kanchev-Varna","pm25",5.41,"µg/m³","2026-06-29T00:00:00Z","2026-06-29T03:00:00+03:00","Europe/Sofia",43.22438900023895,27.915733000170828,,,,"Unknown Governmental Organization","EEA"
8843,"AMS SOU Angel Kanchev-Varna","pm25",6.36,"µg/m³","2026-06-29T01:00:00Z","2026-06-29T04:00:00+03:00","Europe/Sofia",43.22438900023895,27.915733000170828,,,,"Unknown Governmental Organization","EEA"
8843,"AMS SOU Angel Kanchev-Varna","pm25",8.64,"µg/m³","2026-06-29T02:00:00Z","2026-06-29T05:00:00+03:00","Europe/Sofia",43.22438900023895,27.915733000170828,,,,"Unknown Governmental Organization","EEA"
8843,"AMS SOU Angel Kanchev-Varna","pm25",12.13,"µg/m³","2026-06-29T04:00:00Z","2026-06-29T07:00:00+03:00","Europe/Sofia",43.22438900023895,27.915733000170828,,,,"Unknown Governmental Organization","EEA"
8843,"AMS SOU Angel Kanchev-Varna","pm25",12.82,"µg/m³","2026-06-29T05:00:00Z","2026-06-29T08:00:00+03:00","Europe/Sofia",43.22438900023895,27.915733000170828,,,,"Unknown Governmental Organization","EEA"
8843,"AMS SOU Angel Kanchev-Varna","pm25",11.24,"µg/m³","2026-06-29T06:00:00Z","2026-06-29T09:00:00+03:00","Europe/Sofia",43.22438900023895,27.915733000170828,,,,"Unknown Governmental Organization","EEA"
8843,"AMS SOU Angel Kanchev-Varna","pm25",9.44,"µg/m³","2026-06-29T07:00:00Z","2026-06-29T10:00:00+03:00","Europe/Sofia",43.22438900023895,27.915733000170828,,,,"Unknown Governmental Organization","EEA"
8843,"AMS SOU Angel Kanchev-Varna","pm25",-1,"µg/m³","2026-06-29T08:00:00Z","2026-06-29T11:00:00+03:00","Europe/Sofia",43.22438900023895,27.915733000170828,,,,"Unknown Governmental Organization","EEA"
8843,"AMS SOU Angel Kanchev-Varna","pm25",-1,"µg/m³","2026-06-29T12:00:00Z","2026-06-29T15:00:00+03:00","Europe/Sofia",43.22438900023895,27.915733000170828,,,,"Unknown Governmental Organization","EEA"
8843,"AMS SOU Angel Kanchev-Varna","pm25",-1,"µg/m³","2026-06-29T13:00:00Z","2026-06-29T16:00:00+03:00","Europe/Sofia",43.22438900023895,27.915733000170828,,,,"Unknown Governmental Organization","EEA"
8843,"AMS SOU Angel Kanchev-Varna","pm25",-1,"µg/m³","2026-06-29T14:00:00Z","2026-06-29T17:00:00+03:00","Europe/Sofia",43.22438900023895,27.915733000170828,,,,"Unknown Governmental Organization","EEA"
8843,"AMS SOU Angel Kanchev-Varna","pm25",25.29,"µg/m³","2026-06-29T15:00:00Z","2026-06-29T18:00:00+03:00","Europe/Sofia",43.22438900023895,27.915733000170828,,,,"Unknown Governmental Organization","EEA"
8843,"AMS SOU Angel Kanchev-Varna","pm25",25.69,"µg/m³","2026-06-29T16:00:00Z","2026-06-29T19:00:00+03:00","Europe/Sofia",43.22438900023895,27.915733000170828,,,,"Unknown Governmental Organization","EEA"
8843,"AMS SOU Angel Kanchev-Varna","pm25",23.71,"µg/m³","2026-06-29T17:00:00Z","2026-06-29T20:00:00+03:00","Europe/Sofia",43.22438900023895,27.915733000170828,,,,"Unknown Governmental Organization","EEA"
8843,"AMS SOU Angel Kanchev-Varna","pm25",24.03,"µg/m³","2026-06-29T18:00:00Z","2026-06-29T21:00:00+03:00","Europe/Sofia",43.22438900023895,27.915733000170828,,,,"Unknown Governmental Organization","EEA"
8843,"AMS SOU Angel Kanchev-Varna","pm25",25.84,"µg/m³","2026-06-29T19:00:00Z","2026-06-29T22:00:00+03:00","Europe/Sofia",43.22438900023895,27.915733000170828,,,,"Unknown Governmental Organization","EEA"
8843,"AMS SOU Angel Kanchev-Varna","pm25",27.69,"µg/m³","2026-06-29T20:00:00Z","2026-06-29T23:00:00+03:00","Europe/Sofia",43.22438900023895,27.915733000170828,,,,"Unknown Governmental Organization","EEA"
8843,"AMS SOU Angel Kanchev-Varna","pm25",28.29,"µg/m³","2026-06-29T21:00:00Z","2026-06-30T00:00:00+03:00","Europe/Sofia",43.22438900023895,27.915733000170828,,,,"Unknown Governmental Organization","EEA"
8843,"AMS SOU Angel Kanchev-Varna","pm25",27.89,"µg/m³","2026-06-29T22:00:00Z","2026-06-30T01:00:00+03:00","Europe/Sofia",43.22438900023895,27.915733000170828,,,,"Unknown Governmental Organization","EEA"
8843,"AMS SOU Angel Kanchev-Varna","pm25",28.03,"µg/m³","2026-06-29T23:00:00Z","2026-06-30T02:00:00+03:00","Europe/Sofia",43.22438900023895,27.915733000170828,,,,"Unknown Governmental Organization","EEA"
8843,"AMS SOU Angel Kanchev-Varna","pm25",27.76,"µg/m³","2026-06-30T00:00:00Z","2026-06-30T03:00:00+03:00","Europe/Sofia",43.22438900023895,27.915733000170828,,,,"Unknown Governmental Organization","EEA"
8843,"AMS SOU Angel Kanchev-Varna","pm25",27.9,"µg/m³","2026-06-30T01:00:00Z","2026-06-30T04:00:00+03:00","Europe/Sofia",43.22438900023895,27.915733000170828,,,,"Unknown Governmental Organization","EEA"
8843,"AMS SOU Angel Kanchev-Varna","pm25",28.07,"µg/m³","2026-06-30T02:00:00Z","2026-06-30T05:00:00+03:00","Europe/Sofia",43.22438900023895,27.915733000170828,,,,"Unknown Governmental Organization","EEA"
8843,"AMS SOU Angel Kanchev-Varna","pm25",29.1,"µg/m³","2026-06-30T03:00:00Z","2026-06-30T06:00:00+03:00","Europe/Sofia",43.22438900023895,27.915733000170828,,,,"Unknown Governmental Organization","EEA"
8843,"AMS SOU Angel Kanchev-Varna","pm25",29.09,"µg/m³","2026-06-30T04:00:00Z","2026-06-30T07:00:00+03:00","Europe/Sofia",43.22438900023895,27.915733000170828,,,,"Unknown Governmental Organization","EEA"
8843,"AMS SOU Angel Kanchev-Varna","pm25",29.65,"µg/m³","2026-06-30T05:00:00Z","2026-06-30T08:00:00+03:00","Europe/Sofia",43.22438900023895,27.915733000170828,,,,"Unknown Governmental Organization","EEA"
8843,"AMS SOU Angel Kanchev-Varna","pm25",22.53,"µg/m³","2026-06-30T06:00:00Z","2026-06-30T09:00:00+03:00","Europe/Sofia",43.22438900023895,27.915733000170828,,,,"Unknown Governmental Organization","EEA"
8843,"AMS SOU Angel Kanchev-Varna","pm25",18.11,"µg/m³","2026-06-30T07:00:00Z","2026-06-30T10:00:00+03:00","Europe/Sofia",43.22438900023895,27.915733000170828,,,,"Unknown Governmental Organization","EEA"
8843,"AMS SOU Angel Kanchev-Varna","pm25",22.02,"µg/m³","2026-06-30T08:00:00Z","2026-06-30T11:00:00+03:00","Europe/Sofia",43.22438900023895,27.915733000170828,,,,"Unknown Governmental Organization","EEA"
8843,"AMS SOU Angel Kanchev-Varna","pm25",3.6,"µg/m³","2026-06-30T09:00:00Z","2026-06-30T12:00:00+03:00","Europe/Sofia",43.22438900023895,27.915733000170828,,,,"Unknown Governmental Organization","EEA"
8843,"AMS SOU Angel Kanchev-Varna","pm25",4.32,"µg/m³","2026-06-30T10:00:00Z","2026-06-30T13:00:00+03:00","Europe/Sofia",43.22438900023895,27.915733000170828,,,,"Unknown Governmental Organization","EEA"
8843,"AMS SOU Angel Kanchev-Varna","pm25",5.58,"µg/m³","2026-06-30T11:00:00Z","2026-06-30T14:00:00+03:00","Europe/Sofia",43.22438900023895,27.915733000170828,,,,"Unknown Governmental Organization","EEA"
8843,"AMS SOU Angel Kanchev-Varna","pm25",7.35,"µg/m³","2026-06-30T12:00:00Z","2026-06-30T15:00:00+03:00","Europe/Sofia",43.22438900023895,27.915733000170828,,,,"Unknown Governmental Organization","EEA"
8843,"AMS SOU Angel Kanchev-Varna","pm25",8.25,"µg/m³","2026-06-30T13:00:00Z","2026-06-30T16:00:00+03:00","Europe/Sofia",43.22438900023895,27.915733000170828,,,,"Unknown Governmental Organization","EEA"
8843,"AMS SOU Angel Kanchev-Varna","pm25",9.09,"µg/m³","2026-06-30T14:00:00Z","2026-06-30T17:00:00+03:00","Europe/Sofia",43.22438900023895,27.915733000170828,,,,"Unknown Governmental Organization","EEA"
8843,"AMS SOU Angel Kanchev-Varna","pm25",9.87,"µg/m³","2026-06-30T15:00:00Z","2026-06-30T18:00:00+03:00","Europe/Sofia",43.22438900023895,27.915733000170828,,,,"Unknown Governmental Organization","EEA"
8843,"AMS SOU Angel Kanchev-Varna","pm25",9.34,"µg/m³","2026-06-30T16:00:00Z","2026-06-30T19:00:00+03:00","Europe/Sofia",43.22438900023895,27.915733000170828,,,,"Unknown Governmental Organization","EEA"
8843,"AMS SOU Angel Kanchev-Varna","pm25",9.22,"µg/m³","2026-06-30T17:00:00Z","2026-06-30T20:00:00+03:00","Europe/Sofia",43.22438900023895,27.915733000170828,,,,"Unknown Governmental Organization","EEA"
8843,"AMS SOU Angel Kanchev-Varna","pm25",8.75,"µg/m³","2026-06-30T18:00:00Z","2026-06-30T21:00:00+03:00","Europe/Sofia",43.22438900023895,27.915733000170828,,,,"Unknown Governmental Organization","EEA"
8843,"AMS SOU Angel Kanchev-Varna","pm25",8.33,"µg/m³","2026-06-30T19:00:00Z","2026-06-30T22:00:00+03:00","Europe/Sofia",43.22438900023895,27.915733000170828,,,,"Unknown Governmental Organization","EEA"
8843,"AMS SOU Angel Kanchev-Varna","pm25",7.52,"µg/m³","2026-06-30T20:00:00Z","2026-06-30T23:00:00+03:00","Europe/Sofia",43.22438900023895,27.915733000170828,,,,"Unknown Governmental Organization","EEA"
8843,"AMS SOU Angel Kanchev-Varna","pm25",6.84,"µg/m³","2026-06-30T21:00:00Z","2026-07-01T00:00:00+03:00","Europe/Sofia",43.22438900023895,27.915733000170828,,,,"Unknown Governmental Organization","EEA"
8843,"AMS SOU Angel Kanchev-Varna","pm25",6.6,"µg/m³","2026-06-30T22:00:00Z","2026-07-01T01:00:00+03:00","Europe/Sofia",43.22438900023895,27.915733000170828,,,,"Unknown Governmental Organization","EEA"
8843,"AMS SOU Angel Kanchev-Varna","pm25",6.49,"µg/m³","2026-07-01T00:00:00Z","2026-07-01T03:00:00+03:00","Europe/Sofia",43.22438900023895,27.915733000170828,,,,"Unknown Governmental Organization","EEA"
8843,"AMS SOU Angel Kanchev-Varna","pm25",6.5,"µg/m³","2026-07-01T01:00:00Z","2026-07-01T04:00:00+03:00","Europe/Sofia",43.22438900023895,27.915733000170828,,,,"Unknown Governmental Organization","EEA"
8843,"AMS SOU Angel Kanchev-Varna","pm25",6.59,"µg/m³","2026-07-01T02:00:00Z","2026-07-01T05:00:00+03:00","Europe/Sofia",43.22438900023895,27.915733000170828,,,,"Unknown Governmental Organization","EEA"
8843,"AMS SOU Angel Kanchev-Varna","pm25",6.93,"µg/m³","2026-07-01T03:00:00Z","2026-07-01T06:00:00+03:00","Europe/Sofia",43.22438900023895,27.915733000170828,,,,"Unknown Governmental Organization","EEA"
8843,"AMS SOU Angel Kanchev-Varna","pm25",7.2,"µg/m³","2026-07-01T04:00:00Z","2026-07-01T07:00:00+03:00","Europe/Sofia",43.22438900023895,27.915733000170828,,,,"Unknown Governmental Organization","EEA"
8843,"AMS SOU Angel Kanchev-Varna","pm25",7.63,"µg/m³","2026-07-01T05:00:00Z","2026-07-01T08:00:00+03:00","Europe/Sofia",43.22438900023895,27.915733000170828,,,,"Unknown Governmental Organization","EEA"
8843,"AMS SOU Angel Kanchev-Varna","pm25",7.97,"µg/m³","2026-07-01T06:00:00Z","2026-07-01T09:00:00+03:00","Europe/Sofia",43.22438900023895,27.915733000170828,,,,"Unknown Governmental Organization","EEA"
8843,"AMS SOU Angel Kanchev-Varna","pm25",8.46,"µg/m³","2026-07-01T07:00:00Z","2026-07-01T10:00:00+03:00","Europe/Sofia",43.22438900023895,27.915733000170828,,,,"Unknown Governmental Organization","EEA"
8843,"AMS SOU Angel Kanchev-Varna","pm25",9.82,"µg/m³","2026-07-01T08:00:00Z","2026-07-01T11:00:00+03:00","Europe/Sofia",43.22438900023895,27.915733000170828,,,,"Unknown Governmental Organization","EEA"
8843,"AMS SOU Angel Kanchev-Varna","pm25",12.16,"µg/m³","2026-07-01T09:00:00Z","2026-07-01T12:00:00+03:00","Europe/Sofia",43.22438900023895,27.915733000170828,,,,"Unknown Governmental Organization","EEA"
8843,"AMS SOU Angel Kanchev-Varna","pm25",14.14,"µg/m³","2026-07-01T10:00:00Z","2026-07-01T13:00:00+03:00","Europe/Sofia",43.22438900023895,27.915733000170828,,,,"Unknown Governmental Organization","EEA"
8843,"AMS SOU Angel Kanchev-Varna","pm25",15.73,"µg/m³","2026-07-01T11:00:00Z","2026-07-01T14:00:00+03:00","Europe/Sofia",43.22438900023895,27.915733000170828,,,,"Unknown Governmental Organization","EEA"
8843,"AMS SOU Angel Kanchev-Varna","pm25",16.36,"µg/m³","2026-07-01T12:00:00Z","2026-07-01T15:00:00+03:00","Europe/Sofia",43.22438900023895,27.915733000170828,,,,"Unknown Governmental Organization","EEA"
8843,"AMS SOU Angel Kanchev-Varna","pm25",17.55,"µg/m³","2026-07-01T13:00:00Z","2026-07-01T16:00:00+03:00","Europe/Sofia",43.22438900023895,27.915733000170828,,,,"Unknown Governmental Organization","EEA"
8843,"AMS SOU Angel Kanchev-Varna","pm25",18.22,"µg/m³","2026-07-01T15:00:00Z","2026-07-01T18:00:00+03:00","Europe/Sofia",43.22438900023895,27.915733000170828,,,,"Unknown Governmental Organization","EEA"
8843,"AMS SOU Angel Kanchev-Varna","pm25",16.64,"µg/m³","2026-07-01T16:00:00Z","2026-07-01T19:00:00+03:00","Europe/Sofia",43.22438900023895,27.915733000170828,,,,"Unknown Governmental Organization","EEA"
8843,"AMS SOU Angel Kanchev-Varna","pm25",17.16,"µg/m³","2026-07-01T17:00:00Z","2026-07-01T20:00:00+03:00","Europe/Sofia",43.22438900023895,27.915733000170828,,,,"Unknown Governmental Organization","EEA"
8843,"AMS SOU Angel Kanchev-Varna","pm25",17.26,"µg/m³","2026-07-01T18:00:00Z","2026-07-01T21:00:00+03:00","Europe/Sofia",43.22438900023895,27.915733000170828,,,,"Unknown Governmental Organization","EEA"
8843,"AMS SOU Angel Kanchev-Varna","pm25",-1,"µg/m³","2026-07-01T19:00:00Z","2026-07-01T22:00:00+03:00","Europe/Sofia",43.22438900023895,27.915733000170828,,,,"Unknown Governmental Organization","EEA"
8843,"AMS SOU Angel Kanchev-Varna","pm25",15.51,"µg/m³","2026-07-01T20:00:00Z","2026-07-01T23:00:00+03:00","Europe/Sofia",43.22438900023895,27.915733000170828,,,,"Unknown Governmental Organization","EEA"
8843,"AMS SOU Angel Kanchev-Varna","pm25",12.96,"µg/m³","2026-07-01T21:00:00Z","2026-07-02T00:00:00+03:00","Europe/Sofia",43.22438900023895,27.915733000170828,,,,"Unknown Governmental Organization","EEA"
8843,"AMS SOU Angel Kanchev-Varna","pm25",11.26,"µg/m³","2026-07-01T22:00:00Z","2026-07-02T01:00:00+03:00","Europe/Sofia",43.22438900023895,27.915733000170828,,,,"Unknown Governmental Organization","EEA"
8843,"AMS SOU Angel Kanchev-Varna","pm25",10.44,"µg/m³","2026-07-01T23:00:00Z","2026-07-02T02:00:00+03:00","Europe/Sofia",43.22438900023895,27.915733000170828,,,,"Unknown Governmental Organization","EEA"
8843,"AMS SOU Angel Kanchev-Varna","pm25",10.61,"µg/m³","2026-07-02T00:00:00Z","2026-07-02T03:00:00+03:00","Europe/Sofia",43.22438900023895,27.915733000170828,,,,"Unknown Governmental Organization","EEA"
8843,"AMS SOU Angel Kanchev-Varna","so2",7.87,"µg/m³","2026-06-01T01:00:00Z","2026-06-01T04:00:00+03:00","Europe/Sofia",43.22438900023895,27.915733000170828,,,,"Unknown Governmental Organization","EEA"
8843,"AMS SOU Angel Kanchev-Varna","so2",6.66,"µg/m³","2026-06-01T02:00:00Z","2026-06-01T05:00:00+03:00","Europe/Sofia",43.22438900023895,27.915733000170828,,,,"Unknown Governmental Organization","EEA"
8843,"AMS SOU Angel Kanchev-Varna","so2",10.12,"µg/m³","2026-06-01T03:00:00Z","2026-06-01T06:00:00+03:00","Europe/Sofia",43.22438900023895,27.915733000170828,,,,"Unknown Governmental Organization","EEA"
8843,"AMS SOU Angel Kanchev-Varna","so2",13.55,"µg/m³","2026-06-01T04:00:00Z","2026-06-01T07:00:00+03:00","Europe/Sofia",43.22438900023895,27.915733000170828,,,,"Unknown Governmental Organization","EEA"
8843,"AMS SOU Angel Kanchev-Varna","so2",7.81,"µg/m³","2026-06-01T06:00:00Z","2026-06-01T09:00:00+03:00","Europe/Sofia",43.22438900023895,27.915733000170828,,,,"Unknown Governmental Organization","EEA"
8843,"AMS SOU Angel Kanchev-Varna","so2",10.98,"µg/m³","2026-06-01T07:00:00Z","2026-06-01T10:00:00+03:00","Europe/Sofia",43.22438900023895,27.915733000170828,,,,"Unknown Governmental Organization","EEA"
8843,"AMS SOU Angel Kanchev-Varna","so2",13.68,"µg/m³","2026-06-01T08:00:00Z","2026-06-01T11:00:00+03:00","Europe/Sofia",43.22438900023895,27.915733000170828,,,,"Unknown Governmental Organization","EEA"
8843,"AMS SOU Angel Kanchev-Varna","so2",14.8,"µg/m³","2026-06-01T09:00:00Z","2026-06-01T12:00:00+03:00","Europe/Sofia",43.22438900023895,27.915733000170828,,,,"Unknown Governmental Organization","EEA"
8843,"AMS SOU Angel Kanchev-Varna","so2",17.87,"µg/m³","2026-06-01T10:00:00Z","2026-06-01T13:00:00+03:00","Europe/Sofia",43.22438900023895,27.915733000170828,,,,"Unknown Governmental Organization","EEA"
8843,"AMS SOU Angel Kanchev-Varna","so2",20.69,"µg/m³","2026-06-01T11:00:00Z","2026-06-01T14:00:00+03:00","Europe/Sofia",43.22438900023895,27.915733000170828,,,,"Unknown Governmental Organization","EEA"
8843,"AMS SOU Angel Kanchev-Varna","so2",22.35,"µg/m³","2026-06-01T12:00:00Z","2026-06-01T15:00:00+03:00","Europe/Sofia",43.22438900023895,27.915733000170828,,,,"Unknown Governmental Organization","EEA"
8843,"AMS SOU Angel Kanchev-Varna","so2",19.11,"µg/m³","2026-06-01T13:00:00Z","2026-06-01T16:00:00+03:00","Europe/Sofia",43.22438900023895,27.915733000170828,,,,"Unknown Governmental Organization","EEA"
8843,"AMS SOU Angel Kanchev-Varna","so2",17.67,"µg/m³","2026-06-01T14:00:00Z","2026-06-01T17:00:00+03:00","Europe/Sofia",43.22438900023895,27.915733000170828,,,,"Unknown Governmental Organization","EEA"
8843,"AMS SOU Angel Kanchev-Varna","so2",11.26,"µg/m³","2026-06-01T16:00:00Z","2026-06-01T19:00:00+03:00","Europe/Sofia",43.22438900023895,27.915733000170828,,,,"Unknown Governmental Organization","EEA"
8843,"AMS SOU Angel Kanchev-Varna","so2",14.48,"µg/m³","2026-06-01T17:00:00Z","2026-06-01T20:00:00+03:00","Europe/Sofia",43.22438900023895,27.915733000170828,,,,"Unknown Governmental Organization","EEA"
8843,"AMS SOU Angel Kanchev-Varna","so2",12.8,"µg/m³","2026-06-01T18:00:00Z","2026-06-01T21:00:00+03:00","Europe/Sofia",43.22438900023895,27.915733000170828,,,,"Unknown Governmental Organization","EEA"
8843,"AMS SOU Angel Kanchev-Varna","so2",9.35,"µg/m³","2026-06-01T19:00:00Z","2026-06-01T22:00:00+03:00","Europe/Sofia",43.22438900023895,27.915733000170828,,,,"Unknown Governmental Organization","EEA"
8843,"AMS SOU Angel Kanchev-Varna","so2",11.38,"µg/m³","2026-06-01T20:00:00Z","2026-06-01T23:00:00+03:00","Europe/Sofia",43.22438900023895,27.915733000170828,,,,"Unknown Governmental Organization","EEA"
8843,"AMS SOU Angel Kanchev-Varna","so2",13.69,"µg/m³","2026-06-01T21:00:00Z","2026-06-02T00:00:00+03:00","Europe/Sofia",43.22438900023895,27.915733000170828,,,,"Unknown Governmental Organization","EEA"
8843,"AMS SOU Angel Kanchev-Varna","so2",14.02,"µg/m³","2026-06-01T22:00:00Z","2026-06-02T01:00:00+03:00","Europe/Sofia",43.22438900023895,27.915733000170828,,,,"Unknown Governmental Organization","EEA"
8843,"AMS SOU Angel Kanchev-Varna","so2",14.79,"µg/m³","2026-06-01T23:00:00Z","2026-06-02T02:00:00+03:00","Europe/Sofia",43.22438900023895,27.915733000170828,,,,"Unknown Governmental Organization","EEA"
8843,"AMS SOU Angel Kanchev-Varna","so2",15.17,"µg/m³","2026-06-02T00:00:00Z","2026-06-02T03:00:00+03:00","Europe/Sofia",43.22438900023895,27.915733000170828,,,,"Unknown Governmental Organization","EEA"
8843,"AMS SOU Angel Kanchev-Varna","so2",15.39,"µg/m³","2026-06-02T01:00:00Z","2026-06-02T04:00:00+03:00","Europe/Sofia",43.22438900023895,27.915733000170828,,,,"Unknown Governmental Organization","EEA"
8843,"AMS SOU Angel Kanchev-Varna","so2",14.87,"µg/m³","2026-06-02T02:00:00Z","2026-06-02T05:00:00+03:00","Europe/Sofia",43.22438900023895,27.915733000170828,,,,"Unknown Governmental Organization","EEA"
8843,"AMS SOU Angel Kanchev-Varna","so2",14.96,"µg/m³","2026-06-02T03:00:00Z","2026-06-02T06:00:00+03:00","Europe/Sofia",43.22438900023895,27.915733000170828,,,,"Unknown Governmental Organization","EEA"
8843,"AMS SOU Angel Kanchev-Varna","so2",12.2,"µg/m³","2026-06-02T04:00:00Z","2026-06-02T07:00:00+03:00","Europe/Sofia",43.22438900023895,27.915733000170828,,,,"Unknown Governmental Organization","EEA"
8843,"AMS SOU Angel Kanchev-Varna","so2",7.96,"µg/m³","2026-06-02T05:00:00Z","2026-06-02T08:00:00+03:00","Europe/Sofia",43.22438900023895,27.915733000170828,,,,"Unknown Governmental Organization","EEA"
8843,"AMS SOU Angel Kanchev-Varna","so2",10.36,"µg/m³","2026-06-02T06:00:00Z","2026-06-02T09:00:00+03:00","Europe/Sofia",43.22438900023895,27.915733000170828,,,,"Unknown Governmental Organization","EEA"
8843,"AMS SOU Angel Kanchev-Varna","so2",12.75,"µg/m³","2026-06-02T07:00:00Z","2026-06-02T10:00:00+03:00","Europe/Sofia",43.22438900023895,27.915733000170828,,,,"Unknown Governmental Organization","EEA"
8843,"AMS SOU Angel Kanchev-Varna","so2",13.73,"µg/m³","2026-06-02T08:00:00Z","2026-06-02T11:00:00+03:00","Europe/Sofia",43.22438900023895,27.915733000170828,,,,"Unknown Governmental Organization","EEA"
8843,"AMS SOU Angel Kanchev-Varna","so2",14.62,"µg/m³","2026-06-02T09:00:00Z","2026-06-02T12:00:00+03:00","Europe/Sofia",43.22438900023895,27.915733000170828,,,,"Unknown Governmental Organization","EEA"
8843,"AMS SOU Angel Kanchev-Varna","so2",15.07,"µg/m³","2026-06-02T10:00:00Z","2026-06-02T13:00:00+03:00","Europe/Sofia",43.22438900023895,27.915733000170828,,,,"Unknown Governmental Organization","EEA"
8843,"AMS SOU Angel Kanchev-Varna","so2",15.58,"µg/m³","2026-06-02T11:00:00Z","2026-06-02T14:00:00+03:00","Europe/Sofia",43.22438900023895,27.915733000170828,,,,"Unknown Governmental Organization","EEA"
8843,"AMS SOU Angel Kanchev-Varna","so2",17.62,"µg/m³","2026-06-02T12:00:00Z","2026-06-02T15:00:00+03:00","Europe/Sofia",43.22438900023895,27.915733000170828,,,,"Unknown Governmental Organization","EEA"
8843,"AMS SOU Angel Kanchev-Varna","so2",18.4,"µg/m³","2026-06-02T13:00:00Z","2026-06-02T16:00:00+03:00","Europe/Sofia",43.22438900023895,27.915733000170828,,,,"Unknown Governmental Organization","EEA"
8843,"AMS SOU Angel Kanchev-Varna","so2",16.22,"µg/m³","2026-06-02T14:00:00Z","2026-06-02T17:00:00+03:00","Europe/Sofia",43.22438900023895,27.915733000170828,,,,"Unknown Governmental Organization","EEA"
8843,"AMS SOU Angel Kanchev-Varna","so2",9.81,"µg/m³","2026-06-02T15:00:00Z","2026-06-02T18:00:00+03:00","Europe/Sofia",43.22438900023895,27.915733000170828,,,,"Unknown Governmental Organization","EEA"
8843,"AMS SOU Angel Kanchev-Varna","so2",9.74,"µg/m³","2026-06-02T16:00:00Z","2026-06-02T19:00:00+03:00","Europe/Sofia",43.22438900023895,27.915733000170828,,,,"Unknown Governmental Organization","EEA"
8843,"AMS SOU Angel Kanchev-Varna","so2",13.13,"µg/m³","2026-06-02T17:00:00Z","2026-06-02T20:00:00+03:00","Europe/Sofia",43.22438900023895,27.915733000170828,,,,"Unknown Governmental Organization","EEA"
8843,"AMS SOU Angel Kanchev-Varna","so2",8.97,"µg/m³","2026-06-02T18:00:00Z","2026-06-02T21:00:00+03:00","Europe/Sofia",43.22438900023895,27.915733000170828,,,,"Unknown Governmental Organization","EEA"
8843,"AMS SOU Angel Kanchev-Varna","so2",12.78,"µg/m³","2026-06-02T19:00:00Z","2026-06-02T22:00:00+03:00","Europe/Sofia",43.22438900023895,27.915733000170828,,,,"Unknown Governmental Organization","EEA"
8843,"AMS SOU Angel Kanchev-Varna","so2",12.33,"µg/m³","2026-06-02T20:00:00Z","2026-06-02T23:00:00+03:00","Europe/Sofia",43.22438900023895,27.915733000170828,,,,"Unknown Governmental Organization","EEA"
8843,"AMS SOU Angel Kanchev-Varna","so2",6.57,"µg/m³","2026-06-02T21:00:00Z","2026-06-03T00:00:00+03:00","Europe/Sofia",43.22438900023895,27.915733000170828,,,,"Unknown Governmental Organization","EEA"
8843,"AMS SOU Angel Kanchev-Varna","so2",9.21,"µg/m³","2026-06-02T22:00:00Z","2026-06-03T01:00:00+03:00","Europe/Sofia",43.22438900023895,27.915733000170828,,,,"Unknown Governmental Organization","EEA"
8843,"AMS SOU Angel Kanchev-Varna","so2",14.59,"µg/m³","2026-06-02T23:00:00Z","2026-06-03T02:00:00+03:00","Europe/Sofia",43.22438900023895,27.915733000170828,,,,"Unknown Governmental Organization","EEA"
8843,"AMS SOU Angel Kanchev-Varna","so2",15.34,"µg/m³","2026-06-03T00:00:00Z","2026-06-03T03:00:00+03:00","Europe/Sofia",43.22438900023895,27.915733000170828,,,,"Unknown Governmental Organization","EEA"
8843,"AMS SOU Angel Kanchev-Varna","so2",11.81,"µg/m³","2026-06-03T01:00:00Z","2026-06-03T04:00:00+03:00","Europe/Sofia",43.22438900023895,27.915733000170828,,,,"Unknown Governmental Organization","EEA"
8843,"AMS SOU Angel Kanchev-Varna","so2",8.29,"µg/m³","2026-06-03T02:00:00Z","2026-06-03T05:00:00+03:00","Europe/Sofia",43.22438900023895,27.915733000170828,,,,"Unknown Governmental Organization","EEA"
8843,"AMS SOU Angel Kanchev-Varna","so2",6.82,"µg/m³","2026-06-03T03:00:00Z","2026-06-03T06:00:00+03:00","Europe/Sofia",43.22438900023895,27.915733000170828,,,,"Unknown Governmental Organization","EEA"
8843,"AMS SOU Angel Kanchev-Varna","so2",10.95,"µg/m³","2026-06-03T04:00:00Z","2026-06-03T07:00:00+03:00","Europe/Sofia",43.22438900023895,27.915733000170828,,,,"Unknown Governmental Organization","EEA"
8843,"AMS SOU Angel Kanchev-Varna","so2",13.15,"µg/m³","2026-06-03T05:00:00Z","2026-06-03T08:00:00+03:00","Europe/Sofia",43.22438900023895,27.915733000170828,,,,"Unknown Governmental Organization","EEA"
8843,"AMS SOU Angel Kanchev-Varna","so2",9.47,"µg/m³","2026-06-03T07:00:00Z","2026-06-03T10:00:00+03:00","Europe/Sofia",43.22438900023895,27.915733000170828,,,,"Unknown Governmental Organization","EEA"
8843,"AMS SOU Angel Kanchev-Varna","so2",21.25,"µg/m³","2026-06-03T08:00:00Z","2026-06-03T11:00:00+03:00","Europe/Sofia",43.22438900023895,27.915733000170828,,,,"Unknown Governmental Organization","EEA"
8843,"AMS SOU Angel Kanchev-Varna","so2",-1,"µg/m³","2026-06-03T09:00:00Z","2026-06-03T12:00:00+03:00","Europe/Sofia",43.22438900023895,27.915733000170828,,,,"Unknown Governmental Organization","EEA"
8843,"AMS SOU Angel Kanchev-Varna","so2",-1,"µg/m³","2026-06-03T10:00:00Z","2026-06-03T13:00:00+03:00","Europe/Sofia",43.22438900023895,27.915733000170828,,,,"Unknown Governmental Organization","EEA"
8843,"AMS SOU Angel Kanchev-Varna","so2",9.8,"µg/m³","2026-06-03T11:00:00Z","2026-06-03T14:00:00+03:00","Europe/Sofia",43.22438900023895,27.915733000170828,,,,"Unknown Governmental Organization","EEA"
8843,"AMS SOU Angel Kanchev-Varna","so2",0.54,"µg/m³","2026-06-03T12:00:00Z","2026-06-03T15:00:00+03:00","Europe/Sofia",43.22438900023895,27.915733000170828,,,,"Unknown Governmental Organization","EEA"
8843,"AMS SOU Angel Kanchev-Varna","so2",0.2,"µg/m³","2026-06-03T13:00:00Z","2026-06-03T16:00:00+03:00","Europe/Sofia",43.22438900023895,27.915733000170828,,,,"Unknown Governmental Organization","EEA"
8843,"AMS SOU Angel Kanchev-Varna","so2",0.07,"µg/m³","2026-06-03T15:00:00Z","2026-06-03T18:00:00+03:00","Europe/Sofia",43.22438900023895,27.915733000170828,,,,"Unknown Governmental Organization","EEA"
8843,"AMS SOU Angel Kanchev-Varna","so2",0.05,"µg/m³","2026-06-03T16:00:00Z","2026-06-03T19:00:00+03:00","Europe/Sofia",43.22438900023895,27.915733000170828,,,,"Unknown Governmental Organization","EEA"
8843,"AMS SOU Angel Kanchev-Varna","so2",0.03,"µg/m³","2026-06-03T17:00:00Z","2026-06-03T20:00:00+03:00","Europe/Sofia",43.22438900023895,27.915733000170828,,,,"Unknown Governmental Organization","EEA"
8843,"AMS SOU Angel Kanchev-Varna","so2",0,"µg/m³","2026-06-03T18:00:00Z","2026-06-03T21:00:00+03:00","Europe/Sofia",43.22438900023895,27.915733000170828,,,,"Unknown Governmental Organization","EEA"
8843,"AMS SOU Angel Kanchev-Varna","so2",0,"µg/m³","2026-06-03T19:00:00Z","2026-06-03T22:00:00+03:00","Europe/Sofia",43.22438900023895,27.915733000170828,,,,"Unknown Governmental Organization","EEA"
8843,"AMS SOU Angel Kanchev-Varna","so2",0,"µg/m³","2026-06-03T21:00:00Z","2026-06-04T00:00:00+03:00","Europe/Sofia",43.22438900023895,27.915733000170828,,,,"Unknown Governmental Organization","EEA"
8843,"AMS SOU Angel Kanchev-Varna","so2",0,"µg/m³","2026-06-03T22:00:00Z","2026-06-04T01:00:00+03:00","Europe/Sofia",43.22438900023895,27.915733000170828,,,,"Unknown Governmental Organization","EEA"
8843,"AMS SOU Angel Kanchev-Varna","so2",0,"µg/m³","2026-06-03T23:00:00Z","2026-06-04T02:00:00+03:00","Europe/Sofia",43.22438900023895,27.915733000170828,,,,"Unknown Governmental Organization","EEA"
8843,"AMS SOU Angel Kanchev-Varna","so2",0,"µg/m³","2026-06-04T00:00:00Z","2026-06-04T03:00:00+03:00","Europe/Sofia",43.22438900023895,27.915733000170828,,,,"Unknown Governmental Organization","EEA"
8843,"AMS SOU Angel Kanchev-Varna","so2",0,"µg/m³","2026-06-04T01:00:00Z","2026-06-04T04:00:00+03:00","Europe/Sofia",43.22438900023895,27.915733000170828,,,,"Unknown Governmental Organization","EEA"
8843,"AMS SOU Angel Kanchev-Varna","so2",0,"µg/m³","2026-06-04T02:00:00Z","2026-06-04T05:00:00+03:00","Europe/Sofia",43.22438900023895,27.915733000170828,,,,"Unknown Governmental Organization","EEA"
8843,"AMS SOU Angel Kanchev-Varna","so2",0,"µg/m³","2026-06-04T03:00:00Z","2026-06-04T06:00:00+03:00","Europe/Sofia",43.22438900023895,27.915733000170828,,,,"Unknown Governmental Organization","EEA"
8843,"AMS SOU Angel Kanchev-Varna","so2",0,"µg/m³","2026-06-04T04:00:00Z","2026-06-04T07:00:00+03:00","Europe/Sofia",43.22438900023895,27.915733000170828,,,,"Unknown Governmental Organization","EEA"
8843,"AMS SOU Angel Kanchev-Varna","so2",0,"µg/m³","2026-06-04T05:00:00Z","2026-06-04T08:00:00+03:00","Europe/Sofia",43.22438900023895,27.915733000170828,,,,"Unknown Governmental Organization","EEA"
8843,"AMS SOU Angel Kanchev-Varna","so2",0,"µg/m³","2026-06-04T06:00:00Z","2026-06-04T09:00:00+03:00","Europe/Sofia",43.22438900023895,27.915733000170828,,,,"Unknown Governmental Organization","EEA"
8843,"AMS SOU Angel Kanchev-Varna","so2",0,"µg/m³","2026-06-04T07:00:00Z","2026-06-04T10:00:00+03:00","Europe/Sofia",43.22438900023895,27.915733000170828,,,,"Unknown Governmental Organization","EEA"
8843,"AMS SOU Angel Kanchev-Varna","so2",0,"µg/m³","2026-06-04T08:00:00Z","2026-06-04T11:00:00+03:00","Europe/Sofia",43.22438900023895,27.915733000170828,,,,"Unknown Governmental Organization","EEA"
8843,"AMS SOU Angel Kanchev-Varna","so2",6.53,"µg/m³","2026-06-04T09:00:00Z","2026-06-04T12:00:00+03:00","Europe/Sofia",43.22438900023895,27.915733000170828,,,,"Unknown Governmental Organization","EEA"
8843,"AMS SOU Angel Kanchev-Varna","so2",9.74,"µg/m³","2026-06-04T10:00:00Z","2026-06-04T13:00:00+03:00","Europe/Sofia",43.22438900023895,27.915733000170828,,,,"Unknown Governmental Organization","EEA"
8843,"AMS SOU Angel Kanchev-Varna","so2",9.73,"µg/m³","2026-06-04T11:00:00Z","2026-06-04T14:00:00+03:00","Europe/Sofia",43.22438900023895,27.915733000170828,,,,"Unknown Governmental Organization","EEA"
8843,"AMS SOU Angel Kanchev-Varna","so2",9.75,"µg/m³","2026-06-04T13:00:00Z","2026-06-04T16:00:00+03:00","Europe/Sofia",43.22438900023895,27.915733000170828,,,,"Unknown Governmental Organization","EEA"
8843,"AMS SOU Angel Kanchev-Varna","so2",9.76,"µg/m³","2026-06-04T14:00:00Z","2026-06-04T17:00:00+03:00","Europe/Sofia",43.22438900023895,27.915733000170828,,,,"Unknown Governmental Organization","EEA"
8843,"AMS SOU Angel Kanchev-Varna","so2",9.75,"µg/m³","2026-06-04T15:00:00Z","2026-06-04T18:00:00+03:00","Europe/Sofia",43.22438900023895,27.915733000170828,,,,"Unknown Governmental Organization","EEA"
8843,"AMS SOU Angel Kanchev-Varna","so2",9.75,"µg/m³","2026-06-04T16:00:00Z","2026-06-04T19:00:00+03:00","Europe/Sofia",43.22438900023895,27.915733000170828,,,,"Unknown Governmental Organization","EEA"
8843,"AMS SOU Angel Kanchev-Varna","so2",9.31,"µg/m³","2026-06-04T17:00:00Z","2026-06-04T20:00:00+03:00","Europe/Sofia",43.22438900023895,27.915733000170828,,,,"Unknown Governmental Organization","EEA"
8843,"AMS SOU Angel Kanchev-Varna","so2",8.95,"µg/m³","2026-06-04T18:00:00Z","2026-06-04T21:00:00+03:00","Europe/Sofia",43.22438900023895,27.915733000170828,,,,"Unknown Governmental Organization","EEA"
8843,"AMS SOU Angel Kanchev-Varna","so2",8.96,"µg/m³","2026-06-04T19:00:00Z","2026-06-04T22:00:00+03:00","Europe/Sofia",43.22438900023895,27.915733000170828,,,,"Unknown Governmental Organization","EEA"
8843,"AMS SOU Angel Kanchev-Varna","so2",8.84,"µg/m³","2026-06-04T20:00:00Z","2026-06-04T23:00:00+03:00","Europe/Sofia",43.22438900023895,27.915733000170828,,,,"Unknown Governmental Organization","EEA"
8843,"AMS SOU Angel Kanchev-Varna","so2",8.97,"µg/m³","2026-06-04T21:00:00Z","2026-06-05T00:00:00+03:00","Europe/Sofia",43.22438900023895,27.915733000170828,,,,"Unknown Governmental Organization","EEA"
8843,"AMS SOU Angel Kanchev-Varna","so2",9.05,"µg/m³","2026-06-04T22:00:00Z","2026-06-05T01:00:00+03:00","Europe/Sofia",43.22438900023895,27.915733000170828,,,,"Unknown Governmental Organization","EEA"
8843,"AMS SOU Angel Kanchev-Varna","so2",8.61,"µg/m³","2026-06-04T23:00:00Z","2026-06-05T02:00:00+03:00","Europe/Sofia",43.22438900023895,27.915733000170828,,,,"Unknown Governmental Organization","EEA"
8843,"AMS SOU Angel Kanchev-Varna","so2",8.32,"µg/m³","2026-06-05T00:00:00Z","2026-06-05T03:00:00+03:00","Europe/Sofia",43.22438900023895,27.915733000170828,,,,"Unknown Governmental Organization","EEA"
8843,"AMS SOU Angel Kanchev-Varna","so2",8.4,"µg/m³","2026-06-05T02:00:00Z","2026-06-05T05:00:00+03:00","Europe/Sofia",43.22438900023895,27.915733000170828,,,,"Unknown Governmental Organization","EEA"
8843,"AMS SOU Angel Kanchev-Varna","so2",8.12,"µg/m³","2026-06-05T04:00:00Z","2026-06-05T07:00:00+03:00","Europe/Sofia",43.22438900023895,27.915733000170828,,,,"Unknown Governmental Organization","EEA"
8843,"AMS SOU Angel Kanchev-Varna","so2",8.13,"µg/m³","2026-06-05T05:00:00Z","2026-06-05T08:00:00+03:00","Europe/Sofia",43.22438900023895,27.915733000170828,,,,"Unknown Governmental Organization","EEA"
8843,"AMS SOU Angel Kanchev-Varna","so2",8.47,"µg/m³","2026-06-05T06:00:00Z","2026-06-05T09:00:00+03:00","Europe/Sofia",43.22438900023895,27.915733000170828,,,,"Unknown Governmental Organization","EEA"
8843,"AMS SOU Angel Kanchev-Varna","so2",8.37,"µg/m³","2026-06-05T07:00:00Z","2026-06-05T10:00:00+03:00","Europe/Sofia",43.22438900023895,27.915733000170828,,,,"Unknown Governmental Organization","EEA"
8843,"AMS SOU Angel Kanchev-Varna","so2",8.13,"µg/m³","2026-06-05T08:00:00Z","2026-06-05T11:00:00+03:00","Europe/Sofia",43.22438900023895,27.915733000170828,,,,"Unknown Governmental Organization","EEA"
8843,"AMS SOU Angel Kanchev-Varna","so2",8.12,"µg/m³","2026-06-05T09:00:00Z","2026-06-05T12:00:00+03:00","Europe/Sofia",43.22438900023895,27.915733000170828,,,,"Unknown Governmental Organization","EEA"
8843,"AMS SOU Angel Kanchev-Varna","so2",9.18,"µg/m³","2026-06-05T10:00:00Z","2026-06-05T13:00:00+03:00","Europe/Sofia",43.22438900023895,27.915733000170828,,,,"Unknown Governmental Organization","EEA"
8843,"AMS SOU Angel Kanchev-Varna","so2",9.53,"µg/m³","2026-06-05T11:00:00Z","2026-06-05T14:00:00+03:00","Europe/Sofia",43.22438900023895,27.915733000170828,,,,"Unknown Governmental Organization","EEA"
8843,"AMS SOU Angel Kanchev-Varna","so2",9.74,"µg/m³","2026-06-05T14:00:00Z","2026-06-05T17:00:00+03:00","Europe/Sofia",43.22438900023895,27.915733000170828,,,,"Unknown Governmental Organization","EEA"
8843,"AMS SOU Angel Kanchev-Varna","so2",9.74,"µg/m³","2026-06-05T15:00:00Z","2026-06-05T18:00:00+03:00","Europe/Sofia",43.22438900023895,27.915733000170828,,,,"Unknown Governmental Organization","EEA"
8843,"AMS SOU Angel Kanchev-Varna","so2",8.84,"µg/m³","2026-06-05T18:00:00Z","2026-06-05T21:00:00+03:00","Europe/Sofia",43.22438900023895,27.915733000170828,,,,"Unknown Governmental Organization","EEA"
8843,"AMS SOU Angel Kanchev-Varna","so2",8.54,"µg/m³","2026-06-05T19:00:00Z","2026-06-05T22:00:00+03:00","Europe/Sofia",43.22438900023895,27.915733000170828,,,,"Unknown Governmental Organization","EEA"
8843,"AMS SOU Angel Kanchev-Varna","so2",8.49,"µg/m³","2026-06-05T20:00:00Z","2026-06-05T23:00:00+03:00","Europe/Sofia",43.22438900023895,27.915733000170828,,,,"Unknown Governmental Organization","EEA"
8843,"AMS SOU Angel Kanchev-Varna","so2",8.2,"µg/m³","2026-06-05T21:00:00Z","2026-06-06T00:00:00+03:00","Europe/Sofia",43.22438900023895,27.915733000170828,,,,"Unknown Governmental Organization","EEA"
8843,"AMS SOU Angel Kanchev-Varna","so2",8.51,"µg/m³","2026-06-05T22:00:00Z","2026-06-06T01:00:00+03:00","Europe/Sofia",43.22438900023895,27.915733000170828,,,,"Unknown Governmental Organization","EEA"
8843,"AMS SOU Angel Kanchev-Varna","so2",8.74,"µg/m³","2026-06-05T23:00:00Z","2026-06-06T02:00:00+03:00","Europe/Sofia",43.22438900023895,27.915733000170828,,,,"Unknown Governmental Organization","EEA"
8843,"AMS SOU Angel Kanchev-Varna","so2",8.89,"µg/m³","2026-06-06T00:00:00Z","2026-06-06T03:00:00+03:00","Europe/Sofia",43.22438900023895,27.915733000170828,,,,"Unknown Governmental Organization","EEA"
8843,"AMS SOU Angel Kanchev-Varna","so2",8.96,"µg/m³","2026-06-06T01:00:00Z","2026-06-06T04:00:00+03:00","Europe/Sofia",43.22438900023895,27.915733000170828,,,,"Unknown Governmental Organization","EEA"
8843,"AMS SOU Angel Kanchev-Varna","so2",8.84,"µg/m³","2026-06-06T02:00:00Z","2026-06-06T05:00:00+03:00","Europe/Sofia",43.22438900023895,27.915733000170828,,,,"Unknown Governmental Organization","EEA"
8843,"AMS SOU Angel Kanchev-Varna","so2",9.74,"µg/m³","2026-06-06T15:00:00Z","2026-06-06T18:00:00+03:00","Europe/Sofia",43.22438900023895,27.915733000170828,,,,"Unknown Governmental Organization","EEA"
8843,"AMS SOU Angel Kanchev-Varna","so2",9.74,"µg/m³","2026-06-06T16:00:00Z","2026-06-06T19:00:00+03:00","Europe/Sofia",43.22438900023895,27.915733000170828,,,,"Unknown Governmental Organization","EEA"
8843,"AMS SOU Angel Kanchev-Varna","so2",9.71,"µg/m³","2026-06-06T18:00:00Z","2026-06-06T21:00:00+03:00","Europe/Sofia",43.22438900023895,27.915733000170828,,,,"Unknown Governmental Organization","EEA"
8843,"AMS SOU Angel Kanchev-Varna","so2",9.5,"µg/m³","2026-06-06T20:00:00Z","2026-06-06T23:00:00+03:00","Europe/Sofia",43.22438900023895,27.915733000170828,,,,"Unknown Governmental Organization","EEA"
8843,"AMS SOU Angel Kanchev-Varna","so2",8.53,"µg/m³","2026-06-07T03:00:00Z","2026-06-07T06:00:00+03:00","Europe/Sofia",43.22438900023895,27.915733000170828,,,,"Unknown Governmental Organization","EEA"
8843,"AMS SOU Angel Kanchev-Varna","so2",8.7,"µg/m³","2026-06-07T04:00:00Z","2026-06-07T07:00:00+03:00","Europe/Sofia",43.22438900023895,27.915733000170828,,,,"Unknown Governmental Organization","EEA"
8843,"AMS SOU Angel Kanchev-Varna","so2",8.46,"µg/m³","2026-06-07T07:00:00Z","2026-06-07T10:00:00+03:00","Europe/Sofia",43.22438900023895,27.915733000170828,,,,"Unknown Governmental Organization","EEA"
8843,"AMS SOU Angel Kanchev-Varna","so2",8.66,"µg/m³","2026-06-07T09:00:00Z","2026-06-07T12:00:00+03:00","Europe/Sofia",43.22438900023895,27.915733000170828,,,,"Unknown Governmental Organization","EEA"
8843,"AMS SOU Angel Kanchev-Varna","so2",9.74,"µg/m³","2026-06-07T16:00:00Z","2026-06-07T19:00:00+03:00","Europe/Sofia",43.22438900023895,27.915733000170828,,,,"Unknown Governmental Organization","EEA"
8843,"AMS SOU Angel Kanchev-Varna","so2",9.54,"µg/m³","2026-06-08T00:00:00Z","2026-06-08T03:00:00+03:00","Europe/Sofia",43.22438900023895,27.915733000170828,,,,"Unknown Governmental Organization","EEA"
8843,"AMS SOU Angel Kanchev-Varna","so2",9.52,"µg/m³","2026-06-08T02:00:00Z","2026-06-08T05:00:00+03:00","Europe/Sofia",43.22438900023895,27.915733000170828,,,,"Unknown Governmental Organization","EEA"
8843,"AMS SOU Angel Kanchev-Varna","so2",9.38,"µg/m³","2026-06-08T03:00:00Z","2026-06-08T06:00:00+03:00","Europe/Sofia",43.22438900023895,27.915733000170828,,,,"Unknown Governmental Organization","EEA"
8843,"AMS SOU Angel Kanchev-Varna","so2",9.54,"µg/m³","2026-06-08T05:00:00Z","2026-06-08T08:00:00+03:00","Europe/Sofia",43.22438900023895,27.915733000170828,,,,"Unknown Governmental Organization","EEA"
8843,"AMS SOU Angel Kanchev-Varna","so2",9.46,"µg/m³","2026-06-08T07:00:00Z","2026-06-08T10:00:00+03:00","Europe/Sofia",43.22438900023895,27.915733000170828,,,,"Unknown Governmental Organization","EEA"
8843,"AMS SOU Angel Kanchev-Varna","so2",4.43,"µg/m³","2026-06-08T15:00:00Z","2026-06-08T18:00:00+03:00","Europe/Sofia",43.22438900023895,27.915733000170828,,,,"Unknown Governmental Organization","EEA"
8843,"AMS SOU Angel Kanchev-Varna","so2",4.19,"µg/m³","2026-06-08T16:00:00Z","2026-06-08T19:00:00+03:00","Europe/Sofia",43.22438900023895,27.915733000170828,,,,"Unknown Governmental Organization","EEA"
8843,"AMS SOU Angel Kanchev-Varna","so2",2.7,"µg/m³","2026-06-08T17:00:00Z","2026-06-08T20:00:00+03:00","Europe/Sofia",43.22438900023895,27.915733000170828,,,,"Unknown Governmental Organization","EEA"
8843,"AMS SOU Angel Kanchev-Varna","so2",2.04,"µg/m³","2026-06-08T18:00:00Z","2026-06-08T21:00:00+03:00","Europe/Sofia",43.22438900023895,27.915733000170828,,,,"Unknown Governmental Organization","EEA"
8843,"AMS SOU Angel Kanchev-Varna","so2",1.86,"µg/m³","2026-06-08T20:00:00Z","2026-06-08T23:00:00+03:00","Europe/Sofia",43.22438900023895,27.915733000170828,,,,"Unknown Governmental Organization","EEA"
8843,"AMS SOU Angel Kanchev-Varna","so2",1.68,"µg/m³","2026-06-08T21:00:00Z","2026-06-09T00:00:00+03:00","Europe/Sofia",43.22438900023895,27.915733000170828,,,,"Unknown Governmental Organization","EEA"
8843,"AMS SOU Angel Kanchev-Varna","so2",1.62,"µg/m³","2026-06-08T23:00:00Z","2026-06-09T02:00:00+03:00","Europe/Sofia",43.22438900023895,27.915733000170828,,,,"Unknown Governmental Organization","EEA"
8843,"AMS SOU Angel Kanchev-Varna","so2",1.18,"µg/m³","2026-06-09T02:00:00Z","2026-06-09T05:00:00+03:00","Europe/Sofia",43.22438900023895,27.915733000170828,,,,"Unknown Governmental Organization","EEA"
8843,"AMS SOU Angel Kanchev-Varna","so2",1.46,"µg/m³","2026-06-09T05:00:00Z","2026-06-09T08:00:00+03:00","Europe/Sofia",43.22438900023895,27.915733000170828,,,,"Unknown Governmental Organization","EEA"
8843,"AMS SOU Angel Kanchev-Varna","so2",1.5,"µg/m³","2026-06-09T06:00:00Z","2026-06-09T09:00:00+03:00","Europe/Sofia",43.22438900023895,27.915733000170828,,,,"Unknown Governmental Organization","EEA"
8843,"AMS SOU Angel Kanchev-Varna","so2",4.16,"µg/m³","2026-06-09T09:00:00Z","2026-06-09T12:00:00+03:00","Europe/Sofia",43.22438900023895,27.915733000170828,,,,"Unknown Governmental Organization","EEA"
8843,"AMS SOU Angel Kanchev-Varna","so2",5.41,"µg/m³","2026-06-09T11:00:00Z","2026-06-09T14:00:00+03:00","Europe/Sofia",43.22438900023895,27.915733000170828,,,,"Unknown Governmental Organization","EEA"
8843,"AMS SOU Angel Kanchev-Varna","so2",5.14,"µg/m³","2026-06-09T13:00:00Z","2026-06-09T16:00:00+03:00","Europe/Sofia",43.22438900023895,27.915733000170828,,,,"Unknown Governmental Organization","EEA"
8843,"AMS SOU Angel Kanchev-Varna","so2",4.77,"µg/m³","2026-06-09T15:00:00Z","2026-06-09T18:00:00+03:00","Europe/Sofia",43.22438900023895,27.915733000170828,,,,"Unknown Governmental Organization","EEA"
8843,"AMS SOU Angel Kanchev-Varna","so2",4.38,"µg/m³","2026-06-09T17:00:00Z","2026-06-09T20:00:00+03:00","Europe/Sofia",43.22438900023895,27.915733000170828,,,,"Unknown Governmental Organization","EEA"
8843,"AMS SOU Angel Kanchev-Varna","so2",1.77,"µg/m³","2026-06-10T02:00:00Z","2026-06-10T05:00:00+03:00","Europe/Sofia",43.22438900023895,27.915733000170828,,,,"Unknown Governmental Organization","EEA"
8843,"AMS SOU Angel Kanchev-Varna","so2",1.78,"µg/m³","2026-06-10T06:00:00Z","2026-06-10T09:00:00+03:00","Europe/Sofia",43.22438900023895,27.915733000170828,,,,"Unknown Governmental Organization","EEA"
8843,"AMS SOU Angel Kanchev-Varna","so2",2.44,"µg/m³","2026-06-10T07:00:00Z","2026-06-10T10:00:00+03:00","Europe/Sofia",43.22438900023895,27.915733000170828,,,,"Unknown Governmental Organization","EEA"
8843,"AMS SOU Angel Kanchev-Varna","so2",5.09,"µg/m³","2026-06-10T13:00:00Z","2026-06-10T16:00:00+03:00","Europe/Sofia",43.22438900023895,27.915733000170828,,,,"Unknown Governmental Organization","EEA"
8843,"AMS SOU Angel Kanchev-Varna","so2",4.91,"µg/m³","2026-06-10T16:00:00Z","2026-06-10T19:00:00+03:00","Europe/Sofia",43.22438900023895,27.915733000170828,,,,"Unknown Governmental Organization","EEA"
8843,"AMS SOU Angel Kanchev-Varna","so2",3.11,"µg/m³","2026-06-10T20:00:00Z","2026-06-10T23:00:00+03:00","Europe/Sofia",43.22438900023895,27.915733000170828,,,,"Unknown Governmental Organization","EEA"
8843,"AMS SOU Angel Kanchev-Varna","so2",2.05,"µg/m³","2026-06-10T22:00:00Z","2026-06-11T01:00:00+03:00","Europe/Sofia",43.22438900023895,27.915733000170828,,,,"Unknown Governmental Organization","EEA"
8843,"AMS SOU Angel Kanchev-Varna","so2",1.83,"µg/m³","2026-06-11T00:00:00Z","2026-06-11T03:00:00+03:00","Europe/Sofia",43.22438900023895,27.915733000170828,,,,"Unknown Governmental Organization","EEA"
8843,"AMS SOU Angel Kanchev-Varna","so2",4.91,"µg/m³","2026-06-11T09:00:00Z","2026-06-11T12:00:00+03:00","Europe/Sofia",43.22438900023895,27.915733000170828,,,,"Unknown Governmental Organization","EEA"
8843,"AMS SOU Angel Kanchev-Varna","so2",5.41,"µg/m³","2026-06-11T10:00:00Z","2026-06-11T13:00:00+03:00","Europe/Sofia",43.22438900023895,27.915733000170828,,,,"Unknown Governmental Organization","EEA"
8843,"AMS SOU Angel Kanchev-Varna","so2",6.24,"µg/m³","2026-06-11T11:00:00Z","2026-06-11T14:00:00+03:00","Europe/Sofia",43.22438900023895,27.915733000170828,,,,"Unknown Governmental Organization","EEA"
8843,"AMS SOU Angel Kanchev-Varna","so2",6.34,"µg/m³","2026-06-11T12:00:00Z","2026-06-11T15:00:00+03:00","Europe/Sofia",43.22438900023895,27.915733000170828,,,,"Unknown Governmental Organization","EEA"
8843,"AMS SOU Angel Kanchev-Varna","so2",5.41,"µg/m³","2026-06-11T13:00:00Z","2026-06-11T16:00:00+03:00","Europe/Sofia",43.22438900023895,27.915733000170828,,,,"Unknown Governmental Organization","EEA"
8843,"AMS SOU Angel Kanchev-Varna","so2",6,"µg/m³","2026-06-11T14:00:00Z","2026-06-11T17:00:00+03:00","Europe/Sofia",43.22438900023895,27.915733000170828,,,,"Unknown Governmental Organization","EEA"
8843,"AMS SOU Angel Kanchev-Varna","so2",5.63,"µg/m³","2026-06-11T15:00:00Z","2026-06-11T18:00:00+03:00","Europe/Sofia",43.22438900023895,27.915733000170828,,,,"Unknown Governmental Organization","EEA"
8843,"AMS SOU Angel Kanchev-Varna","so2",4.9,"µg/m³","2026-06-11T16:00:00Z","2026-06-11T19:00:00+03:00","Europe/Sofia",43.22438900023895,27.915733000170828,,,,"Unknown Governmental Organization","EEA"
8843,"AMS SOU Angel Kanchev-Varna","so2",5.03,"µg/m³","2026-06-11T17:00:00Z","2026-06-11T20:00:00+03:00","Europe/Sofia",43.22438900023895,27.915733000170828,,,,"Unknown Governmental Organization","EEA"
8843,"AMS SOU Angel Kanchev-Varna","so2",4.84,"µg/m³","2026-06-11T18:00:00Z","2026-06-11T21:00:00+03:00","Europe/Sofia",43.22438900023895,27.915733000170828,,,,"Unknown Governmental Organization","EEA"
8843,"AMS SOU Angel Kanchev-Varna","so2",4.28,"µg/m³","2026-06-11T19:00:00Z","2026-06-11T22:00:00+03:00","Europe/Sofia",43.22438900023895,27.915733000170828,,,,"Unknown Governmental Organization","EEA"
8843,"AMS SOU Angel Kanchev-Varna","so2",3.24,"µg/m³","2026-06-11T20:00:00Z","2026-06-11T23:00:00+03:00","Europe/Sofia",43.22438900023895,27.915733000170828,,,,"Unknown Governmental Organization","EEA"
8843,"AMS SOU Angel Kanchev-Varna","so2",3.06,"µg/m³","2026-06-11T21:00:00Z","2026-06-12T00:00:00+03:00","Europe/Sofia",43.22438900023895,27.915733000170828,,,,"Unknown Governmental Organization","EEA"
8843,"AMS SOU Angel Kanchev-Varna","so2",3.24,"µg/m³","2026-06-11T22:00:00Z","2026-06-12T01:00:00+03:00","Europe/Sofia",43.22438900023895,27.915733000170828,,,,"Unknown Governmental Organization","EEA"
8843,"AMS SOU Angel Kanchev-Varna","so2",3.29,"µg/m³","2026-06-11T23:00:00Z","2026-06-12T02:00:00+03:00","Europe/Sofia",43.22438900023895,27.915733000170828,,,,"Unknown Governmental Organization","EEA"
8843,"AMS SOU Angel Kanchev-Varna","so2",3.15,"µg/m³","2026-06-12T00:00:00Z","2026-06-12T03:00:00+03:00","Europe/Sofia",43.22438900023895,27.915733000170828,,,,"Unknown Governmental Organization","EEA"
8843,"AMS SOU Angel Kanchev-Varna","so2",3.21,"µg/m³","2026-06-12T01:00:00Z","2026-06-12T04:00:00+03:00","Europe/Sofia",43.22438900023895,27.915733000170828,,,,"Unknown Governmental Organization","EEA"
8843,"AMS SOU Angel Kanchev-Varna","so2",3.03,"µg/m³","2026-06-12T02:00:00Z","2026-06-12T05:00:00+03:00","Europe/Sofia",43.22438900023895,27.915733000170828,,,,"Unknown Governmental Organization","EEA"
8843,"AMS SOU Angel Kanchev-Varna","so2",2.02,"µg/m³","2026-06-12T03:00:00Z","2026-06-12T06:00:00+03:00","Europe/Sofia",43.22438900023895,27.915733000170828,,,,"Unknown Governmental Organization","EEA"
8843,"AMS SOU Angel Kanchev-Varna","so2",1.72,"µg/m³","2026-06-12T04:00:00Z","2026-06-12T07:00:00+03:00","Europe/Sofia",43.22438900023895,27.915733000170828,,,,"Unknown Governmental Organization","EEA"
8843,"AMS SOU Angel Kanchev-Varna","so2",1.83,"µg/m³","2026-06-12T05:00:00Z","2026-06-12T08:00:00+03:00","Europe/Sofia",43.22438900023895,27.915733000170828,,,,"Unknown Governmental Organization","EEA"
8843,"AMS SOU Angel Kanchev-Varna","so2",3.07,"µg/m³","2026-06-12T06:00:00Z","2026-06-12T09:00:00+03:00","Europe/Sofia",43.22438900023895,27.915733000170828,,,,"Unknown Governmental Organization","EEA"
8843,"AMS SOU Angel Kanchev-Varna","so2",3.83,"µg/m³","2026-06-12T07:00:00Z","2026-06-12T10:00:00+03:00","Europe/Sofia",43.22438900023895,27.915733000170828,,,,"Unknown Governmental Organization","EEA"
8843,"AMS SOU Angel Kanchev-Varna","so2",4.47,"µg/m³","2026-06-12T08:00:00Z","2026-06-12T11:00:00+03:00","Europe/Sofia",43.22438900023895,27.915733000170828,,,,"Unknown Governmental Organization","EEA"
8843,"AMS SOU Angel Kanchev-Varna","so2",5.09,"µg/m³","2026-06-12T09:00:00Z","2026-06-12T12:00:00+03:00","Europe/Sofia",43.22438900023895,27.915733000170828,,,,"Unknown Governmental Organization","EEA"
8843,"AMS SOU Angel Kanchev-Varna","so2",5.44,"µg/m³","2026-06-12T10:00:00Z","2026-06-12T13:00:00+03:00","Europe/Sofia",43.22438900023895,27.915733000170828,,,,"Unknown Governmental Organization","EEA"
8843,"AMS SOU Angel Kanchev-Varna","so2",4.77,"µg/m³","2026-06-12T11:00:00Z","2026-06-12T14:00:00+03:00","Europe/Sofia",43.22438900023895,27.915733000170828,,,,"Unknown Governmental Organization","EEA"
8843,"AMS SOU Angel Kanchev-Varna","so2",4.68,"µg/m³","2026-06-12T12:00:00Z","2026-06-12T15:00:00+03:00","Europe/Sofia",43.22438900023895,27.915733000170828,,,,"Unknown Governmental Organization","EEA"
8843,"AMS SOU Angel Kanchev-Varna","so2",4.8,"µg/m³","2026-06-12T13:00:00Z","2026-06-12T16:00:00+03:00","Europe/Sofia",43.22438900023895,27.915733000170828,,,,"Unknown Governmental Organization","EEA"
8843,"AMS SOU Angel Kanchev-Varna","so2",4.64,"µg/m³","2026-06-12T15:00:00Z","2026-06-12T18:00:00+03:00","Europe/Sofia",43.22438900023895,27.915733000170828,,,,"Unknown Governmental Organization","EEA"
8843,"AMS SOU Angel Kanchev-Varna","so2",4.17,"µg/m³","2026-06-12T16:00:00Z","2026-06-12T19:00:00+03:00","Europe/Sofia",43.22438900023895,27.915733000170828,,,,"Unknown Governmental Organization","EEA"
8843,"AMS SOU Angel Kanchev-Varna","so2",2.92,"µg/m³","2026-06-12T18:00:00Z","2026-06-12T21:00:00+03:00","Europe/Sofia",43.22438900023895,27.915733000170828,,,,"Unknown Governmental Organization","EEA"
8843,"AMS SOU Angel Kanchev-Varna","so2",2.66,"µg/m³","2026-06-13T06:00:00Z","2026-06-13T09:00:00+03:00","Europe/Sofia",43.22438900023895,27.915733000170828,,,,"Unknown Governmental Organization","EEA"
8843,"AMS SOU Angel Kanchev-Varna","so2",3.42,"µg/m³","2026-06-13T10:00:00Z","2026-06-13T13:00:00+03:00","Europe/Sofia",43.22438900023895,27.915733000170828,,,,"Unknown Governmental Organization","EEA"
8843,"AMS SOU Angel Kanchev-Varna","so2",4.49,"µg/m³","2026-06-13T11:00:00Z","2026-06-13T14:00:00+03:00","Europe/Sofia",43.22438900023895,27.915733000170828,,,,"Unknown Governmental Organization","EEA"
8843,"AMS SOU Angel Kanchev-Varna","so2",4.82,"µg/m³","2026-06-13T13:00:00Z","2026-06-13T16:00:00+03:00","Europe/Sofia",43.22438900023895,27.915733000170828,,,,"Unknown Governmental Organization","EEA"
8843,"AMS SOU Angel Kanchev-Varna","so2",4.81,"µg/m³","2026-06-13T14:00:00Z","2026-06-13T17:00:00+03:00","Europe/Sofia",43.22438900023895,27.915733000170828,,,,"Unknown Governmental Organization","EEA"
8843,"AMS SOU Angel Kanchev-Varna","so2",4.84,"µg/m³","2026-06-13T15:00:00Z","2026-06-13T18:00:00+03:00","Europe/Sofia",43.22438900023895,27.915733000170828,,,,"Unknown Governmental Organization","EEA"
8843,"AMS SOU Angel Kanchev-Varna","so2",6.08,"µg/m³","2026-06-13T16:00:00Z","2026-06-13T19:00:00+03:00","Europe/Sofia",43.22438900023895,27.915733000170828,,,,"Unknown Governmental Organization","EEA"
8843,"AMS SOU Angel Kanchev-Varna","so2",5.51,"µg/m³","2026-06-13T17:00:00Z","2026-06-13T20:00:00+03:00","Europe/Sofia",43.22438900023895,27.915733000170828,,,,"Unknown Governmental Organization","EEA"
8843,"AMS SOU Angel Kanchev-Varna","so2",4.74,"µg/m³","2026-06-13T18:00:00Z","2026-06-13T21:00:00+03:00","Europe/Sofia",43.22438900023895,27.915733000170828,,,,"Unknown Governmental Organization","EEA"
8843,"AMS SOU Angel Kanchev-Varna","so2",4.05,"µg/m³","2026-06-13T19:00:00Z","2026-06-13T22:00:00+03:00","Europe/Sofia",43.22438900023895,27.915733000170828,,,,"Unknown Governmental Organization","EEA"
8843,"AMS SOU Angel Kanchev-Varna","so2",2.85,"µg/m³","2026-06-13T20:00:00Z","2026-06-13T23:00:00+03:00","Europe/Sofia",43.22438900023895,27.915733000170828,,,,"Unknown Governmental Organization","EEA"
8843,"AMS SOU Angel Kanchev-Varna","so2",2.74,"µg/m³","2026-06-13T21:00:00Z","2026-06-14T00:00:00+03:00","Europe/Sofia",43.22438900023895,27.915733000170828,,,,"Unknown Governmental Organization","EEA"
8843,"AMS SOU Angel Kanchev-Varna","so2",2.86,"µg/m³","2026-06-13T22:00:00Z","2026-06-14T01:00:00+03:00","Europe/Sofia",43.22438900023895,27.915733000170828,,,,"Unknown Governmental Organization","EEA"
8843,"AMS SOU Angel Kanchev-Varna","so2",3.18,"µg/m³","2026-06-13T23:00:00Z","2026-06-14T02:00:00+03:00","Europe/Sofia",43.22438900023895,27.915733000170828,,,,"Unknown Governmental Organization","EEA"
8843,"AMS SOU Angel Kanchev-Varna","so2",2.92,"µg/m³","2026-06-14T00:00:00Z","2026-06-14T03:00:00+03:00","Europe/Sofia",43.22438900023895,27.915733000170828,,,,"Unknown Governmental Organization","EEA"
8843,"AMS SOU Angel Kanchev-Varna","so2",3.25,"µg/m³","2026-06-14T01:00:00Z","2026-06-14T04:00:00+03:00","Europe/Sofia",43.22438900023895,27.915733000170828,,,,"Unknown Governmental Organization","EEA"
8843,"AMS SOU Angel Kanchev-Varna","so2",3.02,"µg/m³","2026-06-14T02:00:00Z","2026-06-14T05:00:00+03:00","Europe/Sofia",43.22438900023895,27.915733000170828,,,,"Unknown Governmental Organization","EEA"
8843,"AMS SOU Angel Kanchev-Varna","so2",2.83,"µg/m³","2026-06-14T03:00:00Z","2026-06-14T06:00:00+03:00","Europe/Sofia",43.22438900023895,27.915733000170828,,,,"Unknown Governmental Organization","EEA"
8843,"AMS SOU Angel Kanchev-Varna","so2",2.68,"µg/m³","2026-06-14T04:00:00Z","2026-06-14T07:00:00+03:00","Europe/Sofia",43.22438900023895,27.915733000170828,,,,"Unknown Governmental Organization","EEA"
8843,"AMS SOU Angel Kanchev-Varna","so2",2.62,"µg/m³","2026-06-14T05:00:00Z","2026-06-14T08:00:00+03:00","Europe/Sofia",43.22438900023895,27.915733000170828,,,,"Unknown Governmental Organization","EEA"
8843,"AMS SOU Angel Kanchev-Varna","so2",2.92,"µg/m³","2026-06-14T06:00:00Z","2026-06-14T09:00:00+03:00","Europe/Sofia",43.22438900023895,27.915733000170828,,,,"Unknown Governmental Organization","EEA"
8843,"AMS SOU Angel Kanchev-Varna","so2",3.11,"µg/m³","2026-06-14T07:00:00Z","2026-06-14T10:00:00+03:00","Europe/Sofia",43.22438900023895,27.915733000170828,,,,"Unknown Governmental Organization","EEA"
8843,"AMS SOU Angel Kanchev-Varna","so2",4.92,"µg/m³","2026-06-14T09:00:00Z","2026-06-14T12:00:00+03:00","Europe/Sofia",43.22438900023895,27.915733000170828,,,,"Unknown Governmental Organization","EEA"
8843,"AMS SOU Angel Kanchev-Varna","so2",6.23,"µg/m³","2026-06-14T10:00:00Z","2026-06-14T13:00:00+03:00","Europe/Sofia",43.22438900023895,27.915733000170828,,,,"Unknown Governmental Organization","EEA"
8843,"AMS SOU Angel Kanchev-Varna","so2",7.09,"µg/m³","2026-06-14T11:00:00Z","2026-06-14T14:00:00+03:00","Europe/Sofia",43.22438900023895,27.915733000170828,,,,"Unknown Governmental Organization","EEA"
8843,"AMS SOU Angel Kanchev-Varna","so2",7.7,"µg/m³","2026-06-14T12:00:00Z","2026-06-14T15:00:00+03:00","Europe/Sofia",43.22438900023895,27.915733000170828,,,,"Unknown Governmental Organization","EEA"
8843,"AMS SOU Angel Kanchev-Varna","so2",7.8,"µg/m³","2026-06-14T13:00:00Z","2026-06-14T16:00:00+03:00","Europe/Sofia",43.22438900023895,27.915733000170828,,,,"Unknown Governmental Organization","EEA"
8843,"AMS SOU Angel Kanchev-Varna","so2",7.1,"µg/m³","2026-06-14T14:00:00Z","2026-06-14T17:00:00+03:00","Europe/Sofia",43.22438900023895,27.915733000170828,,,,"Unknown Governmental Organization","EEA"
8843,"AMS SOU Angel Kanchev-Varna","so2",6.99,"µg/m³","2026-06-14T15:00:00Z","2026-06-14T18:00:00+03:00","Europe/Sofia",43.22438900023895,27.915733000170828,,,,"Unknown Governmental Organization","EEA"
8843,"AMS SOU Angel Kanchev-Varna","so2",6.5,"µg/m³","2026-06-14T16:00:00Z","2026-06-14T19:00:00+03:00","Europe/Sofia",43.22438900023895,27.915733000170828,,,,"Unknown Governmental Organization","EEA"
8843,"AMS SOU Angel Kanchev-Varna","so2",5.79,"µg/m³","2026-06-14T17:00:00Z","2026-06-14T20:00:00+03:00","Europe/Sofia",43.22438900023895,27.915733000170828,,,,"Unknown Governmental Organization","EEA"
8843,"AMS SOU Angel Kanchev-Varna","so2",5.48,"µg/m³","2026-06-14T18:00:00Z","2026-06-14T21:00:00+03:00","Europe/Sofia",43.22438900023895,27.915733000170828,,,,"Unknown Governmental Organization","EEA"
8843,"AMS SOU Angel Kanchev-Varna","so2",5.16,"µg/m³","2026-06-14T19:00:00Z","2026-06-14T22:00:00+03:00","Europe/Sofia",43.22438900023895,27.915733000170828,,,,"Unknown Governmental Organization","EEA"
8843,"AMS SOU Angel Kanchev-Varna","so2",4.41,"µg/m³","2026-06-14T20:00:00Z","2026-06-14T23:00:00+03:00","Europe/Sofia",43.22438900023895,27.915733000170828,,,,"Unknown Governmental Organization","EEA"
8843,"AMS SOU Angel Kanchev-Varna","so2",4.19,"µg/m³","2026-06-14T21:00:00Z","2026-06-15T00:00:00+03:00","Europe/Sofia",43.22438900023895,27.915733000170828,,,,"Unknown Governmental Organization","EEA"
8843,"AMS SOU Angel Kanchev-Varna","so2",4.27,"µg/m³","2026-06-14T22:00:00Z","2026-06-15T01:00:00+03:00","Europe/Sofia",43.22438900023895,27.915733000170828,,,,"Unknown Governmental Organization","EEA"
8843,"AMS SOU Angel Kanchev-Varna","so2",3.71,"µg/m³","2026-06-14T23:00:00Z","2026-06-15T02:00:00+03:00","Europe/Sofia",43.22438900023895,27.915733000170828,,,,"Unknown Governmental Organization","EEA"
8843,"AMS SOU Angel Kanchev-Varna","so2",3.1,"µg/m³","2026-06-15T00:00:00Z","2026-06-15T03:00:00+03:00","Europe/Sofia",43.22438900023895,27.915733000170828,,,,"Unknown Governmental Organization","EEA"
8843,"AMS SOU Angel Kanchev-Varna","so2",3.23,"µg/m³","2026-06-15T01:00:00Z","2026-06-15T04:00:00+03:00","Europe/Sofia",43.22438900023895,27.915733000170828,,,,"Unknown Governmental Organization","EEA"
8843,"AMS SOU Angel Kanchev-Varna","so2",2.95,"µg/m³","2026-06-15T02:00:00Z","2026-06-15T05:00:00+03:00","Europe/Sofia",43.22438900023895,27.915733000170828,,,,"Unknown Governmental Organization","EEA"
8843,"AMS SOU Angel Kanchev-Varna","so2",3.01,"µg/m³","2026-06-15T03:00:00Z","2026-06-15T06:00:00+03:00","Europe/Sofia",43.22438900023895,27.915733000170828,,,,"Unknown Governmental Organization","EEA"
8843,"AMS SOU Angel Kanchev-Varna","so2",2.83,"µg/m³","2026-06-15T04:00:00Z","2026-06-15T07:00:00+03:00","Europe/Sofia",43.22438900023895,27.915733000170828,,,,"Unknown Governmental Organization","EEA"
8843,"AMS SOU Angel Kanchev-Varna","so2",4.46,"µg/m³","2026-06-15T07:00:00Z","2026-06-15T10:00:00+03:00","Europe/Sofia",43.22438900023895,27.915733000170828,,,,"Unknown Governmental Organization","EEA"
8843,"AMS SOU Angel Kanchev-Varna","so2",4.87,"µg/m³","2026-06-15T08:00:00Z","2026-06-15T11:00:00+03:00","Europe/Sofia",43.22438900023895,27.915733000170828,,,,"Unknown Governmental Organization","EEA"
8843,"AMS SOU Angel Kanchev-Varna","so2",5.52,"µg/m³","2026-06-15T09:00:00Z","2026-06-15T12:00:00+03:00","Europe/Sofia",43.22438900023895,27.915733000170828,,,,"Unknown Governmental Organization","EEA"
8843,"AMS SOU Angel Kanchev-Varna","so2",6.89,"µg/m³","2026-06-15T11:00:00Z","2026-06-15T14:00:00+03:00","Europe/Sofia",43.22438900023895,27.915733000170828,,,,"Unknown Governmental Organization","EEA"
8843,"AMS SOU Angel Kanchev-Varna","so2",8,"µg/m³","2026-06-15T12:00:00Z","2026-06-15T15:00:00+03:00","Europe/Sofia",43.22438900023895,27.915733000170828,,,,"Unknown Governmental Organization","EEA"
8843,"AMS SOU Angel Kanchev-Varna","so2",8.12,"µg/m³","2026-06-15T13:00:00Z","2026-06-15T16:00:00+03:00","Europe/Sofia",43.22438900023895,27.915733000170828,,,,"Unknown Governmental Organization","EEA"
8843,"AMS SOU Angel Kanchev-Varna","so2",8.12,"µg/m³","2026-06-15T14:00:00Z","2026-06-15T17:00:00+03:00","Europe/Sofia",43.22438900023895,27.915733000170828,,,,"Unknown Governmental Organization","EEA"
8843,"AMS SOU Angel Kanchev-Varna","so2",7.55,"µg/m³","2026-06-15T15:00:00Z","2026-06-15T18:00:00+03:00","Europe/Sofia",43.22438900023895,27.915733000170828,,,,"Unknown Governmental Organization","EEA"
8843,"AMS SOU Angel Kanchev-Varna","so2",6.8,"µg/m³","2026-06-15T16:00:00Z","2026-06-15T19:00:00+03:00","Europe/Sofia",43.22438900023895,27.915733000170828,,,,"Unknown Governmental Organization","EEA"
8843,"AMS SOU Angel Kanchev-Varna","so2",6.63,"µg/m³","2026-06-15T17:00:00Z","2026-06-15T20:00:00+03:00","Europe/Sofia",43.22438900023895,27.915733000170828,,,,"Unknown Governmental Organization","EEA"
8843,"AMS SOU Angel Kanchev-Varna","so2",6.25,"µg/m³","2026-06-15T18:00:00Z","2026-06-15T21:00:00+03:00","Europe/Sofia",43.22438900023895,27.915733000170828,,,,"Unknown Governmental Organization","EEA"
8843,"AMS SOU Angel Kanchev-Varna","so2",5.36,"µg/m³","2026-06-15T19:00:00Z","2026-06-15T22:00:00+03:00","Europe/Sofia",43.22438900023895,27.915733000170828,,,,"Unknown Governmental Organization","EEA"
8843,"AMS SOU Angel Kanchev-Varna","so2",-1,"µg/m³","2026-06-15T20:00:00Z","2026-06-15T23:00:00+03:00","Europe/Sofia",43.22438900023895,27.915733000170828,,,,"Unknown Governmental Organization","EEA"
8843,"AMS SOU Angel Kanchev-Varna","so2",-1,"µg/m³","2026-06-15T21:00:00Z","2026-06-16T00:00:00+03:00","Europe/Sofia",43.22438900023895,27.915733000170828,,,,"Unknown Governmental Organization","EEA"
8843,"AMS SOU Angel Kanchev-Varna","so2",-1,"µg/m³","2026-06-15T22:00:00Z","2026-06-16T01:00:00+03:00","Europe/Sofia",43.22438900023895,27.915733000170828,,,,"Unknown Governmental Organization","EEA"
8843,"AMS SOU Angel Kanchev-Varna","so2",-1,"µg/m³","2026-06-15T23:00:00Z","2026-06-16T02:00:00+03:00","Europe/Sofia",43.22438900023895,27.915733000170828,,,,"Unknown Governmental Organization","EEA"
8843,"AMS SOU Angel Kanchev-Varna","so2",-1,"µg/m³","2026-06-16T00:00:00Z","2026-06-16T03:00:00+03:00","Europe/Sofia",43.22438900023895,27.915733000170828,,,,"Unknown Governmental Organization","EEA"
8843,"AMS SOU Angel Kanchev-Varna","so2",-1,"µg/m³","2026-06-16T01:00:00Z","2026-06-16T04:00:00+03:00","Europe/Sofia",43.22438900023895,27.915733000170828,,,,"Unknown Governmental Organization","EEA"
8843,"AMS SOU Angel Kanchev-Varna","so2",-1,"µg/m³","2026-06-16T02:00:00Z","2026-06-16T05:00:00+03:00","Europe/Sofia",43.22438900023895,27.915733000170828,,,,"Unknown Governmental Organization","EEA"
8843,"AMS SOU Angel Kanchev-Varna","so2",-1,"µg/m³","2026-06-16T03:00:00Z","2026-06-16T06:00:00+03:00","Europe/Sofia",43.22438900023895,27.915733000170828,,,,"Unknown Governmental Organization","EEA"
8843,"AMS SOU Angel Kanchev-Varna","so2",-1,"µg/m³","2026-06-16T04:00:00Z","2026-06-16T07:00:00+03:00","Europe/Sofia",43.22438900023895,27.915733000170828,,,,"Unknown Governmental Organization","EEA"
8843,"AMS SOU Angel Kanchev-Varna","so2",-1,"µg/m³","2026-06-16T05:00:00Z","2026-06-16T08:00:00+03:00","Europe/Sofia",43.22438900023895,27.915733000170828,,,,"Unknown Governmental Organization","EEA"
8843,"AMS SOU Angel Kanchev-Varna","so2",3.8,"µg/m³","2026-06-16T06:00:00Z","2026-06-16T09:00:00+03:00","Europe/Sofia",43.22438900023895,27.915733000170828,,,,"Unknown Governmental Organization","EEA"
8843,"AMS SOU Angel Kanchev-Varna","so2",4.15,"µg/m³","2026-06-16T07:00:00Z","2026-06-16T10:00:00+03:00","Europe/Sofia",43.22438900023895,27.915733000170828,,,,"Unknown Governmental Organization","EEA"
8843,"AMS SOU Angel Kanchev-Varna","so2",5.07,"µg/m³","2026-06-16T08:00:00Z","2026-06-16T11:00:00+03:00","Europe/Sofia",43.22438900023895,27.915733000170828,,,,"Unknown Governmental Organization","EEA"
8843,"AMS SOU Angel Kanchev-Varna","so2",-1,"µg/m³","2026-06-16T09:00:00Z","2026-06-16T12:00:00+03:00","Europe/Sofia",43.22438900023895,27.915733000170828,,,,"Unknown Governmental Organization","EEA"
8843,"AMS SOU Angel Kanchev-Varna","so2",5.56,"µg/m³","2026-06-16T10:00:00Z","2026-06-16T13:00:00+03:00","Europe/Sofia",43.22438900023895,27.915733000170828,,,,"Unknown Governmental Organization","EEA"
8843,"AMS SOU Angel Kanchev-Varna","so2",6.43,"µg/m³","2026-06-16T11:00:00Z","2026-06-16T14:00:00+03:00","Europe/Sofia",43.22438900023895,27.915733000170828,,,,"Unknown Governmental Organization","EEA"
8843,"AMS SOU Angel Kanchev-Varna","so2",7.34,"µg/m³","2026-06-16T12:00:00Z","2026-06-16T15:00:00+03:00","Europe/Sofia",43.22438900023895,27.915733000170828,,,,"Unknown Governmental Organization","EEA"
8843,"AMS SOU Angel Kanchev-Varna","so2",7.8,"µg/m³","2026-06-16T13:00:00Z","2026-06-16T16:00:00+03:00","Europe/Sofia",43.22438900023895,27.915733000170828,,,,"Unknown Governmental Organization","EEA"
8843,"AMS SOU Angel Kanchev-Varna","so2",7.92,"µg/m³","2026-06-16T14:00:00Z","2026-06-16T17:00:00+03:00","Europe/Sofia",43.22438900023895,27.915733000170828,,,,"Unknown Governmental Organization","EEA"
8843,"AMS SOU Angel Kanchev-Varna","so2",7.93,"µg/m³","2026-06-16T15:00:00Z","2026-06-16T18:00:00+03:00","Europe/Sofia",43.22438900023895,27.915733000170828,,,,"Unknown Governmental Organization","EEA"
8843,"AMS SOU Angel Kanchev-Varna","so2",8.04,"µg/m³","2026-06-16T16:00:00Z","2026-06-16T19:00:00+03:00","Europe/Sofia",43.22438900023895,27.915733000170828,,,,"Unknown Governmental Organization","EEA"
8843,"AMS SOU Angel Kanchev-Varna","so2",7.36,"µg/m³","2026-06-16T17:00:00Z","2026-06-16T20:00:00+03:00","Europe/Sofia",43.22438900023895,27.915733000170828,,,,"Unknown Governmental Organization","EEA"
8843,"AMS SOU Angel Kanchev-Varna","so2",6.39,"µg/m³","2026-06-16T18:00:00Z","2026-06-16T21:00:00+03:00","Europe/Sofia",43.22438900023895,27.915733000170828,,,,"Unknown Governmental Organization","EEA"
8843,"AMS SOU Angel Kanchev-Varna","so2",5.25,"µg/m³","2026-06-16T19:00:00Z","2026-06-16T22:00:00+03:00","Europe/Sofia",43.22438900023895,27.915733000170828,,,,"Unknown Governmental Organization","EEA"
8843,"AMS SOU Angel Kanchev-Varna","so2",4.91,"µg/m³","2026-06-16T20:00:00Z","2026-06-16T23:00:00+03:00","Europe/Sofia",43.22438900023895,27.915733000170828,,,,"Unknown Governmental Organization","EEA"
8843,"AMS SOU Angel Kanchev-Varna","so2",4.95,"µg/m³","2026-06-16T21:00:00Z","2026-06-17T00:00:00+03:00","Europe/Sofia",43.22438900023895,27.915733000170828,,,,"Unknown Governmental Organization","EEA"
8843,"AMS SOU Angel Kanchev-Varna","so2",4.23,"µg/m³","2026-06-16T22:00:00Z","2026-06-17T01:00:00+03:00","Europe/Sofia",43.22438900023895,27.915733000170828,,,,"Unknown Governmental Organization","EEA"
8843,"AMS SOU Angel Kanchev-Varna","so2",4.13,"µg/m³","2026-06-16T23:00:00Z","2026-06-17T02:00:00+03:00","Europe/Sofia",43.22438900023895,27.915733000170828,,,,"Unknown Governmental Organization","EEA"
8843,"AMS SOU Angel Kanchev-Varna","so2",4.26,"µg/m³","2026-06-17T00:00:00Z","2026-06-17T03:00:00+03:00","Europe/Sofia",43.22438900023895,27.915733000170828,,,,"Unknown Governmental Organization","EEA"
8843,"AMS SOU Angel Kanchev-Varna","so2",4.1,"µg/m³","2026-06-17T01:00:00Z","2026-06-17T04:00:00+03:00","Europe/Sofia",43.22438900023895,27.915733000170828,,,,"Unknown Governmental Organization","EEA"
8843,"AMS SOU Angel Kanchev-Varna","so2",4.18,"µg/m³","2026-06-17T02:00:00Z","2026-06-17T05:00:00+03:00","Europe/Sofia",43.22438900023895,27.915733000170828,,,,"Unknown Governmental Organization","EEA"
8843,"AMS SOU Angel Kanchev-Varna","so2",4.16,"µg/m³","2026-06-17T03:00:00Z","2026-06-17T06:00:00+03:00","Europe/Sofia",43.22438900023895,27.915733000170828,,,,"Unknown Governmental Organization","EEA"
8843,"AMS SOU Angel Kanchev-Varna","so2",4.09,"µg/m³","2026-06-17T04:00:00Z","2026-06-17T07:00:00+03:00","Europe/Sofia",43.22438900023895,27.915733000170828,,,,"Unknown Governmental Organization","EEA"
8843,"AMS SOU Angel Kanchev-Varna","so2",4.11,"µg/m³","2026-06-17T05:00:00Z","2026-06-17T08:00:00+03:00","Europe/Sofia",43.22438900023895,27.915733000170828,,,,"Unknown Governmental Organization","EEA"
8843,"AMS SOU Angel Kanchev-Varna","so2",4.38,"µg/m³","2026-06-17T06:00:00Z","2026-06-17T09:00:00+03:00","Europe/Sofia",43.22438900023895,27.915733000170828,,,,"Unknown Governmental Organization","EEA"
8843,"AMS SOU Angel Kanchev-Varna","so2",4.59,"µg/m³","2026-06-17T07:00:00Z","2026-06-17T10:00:00+03:00","Europe/Sofia",43.22438900023895,27.915733000170828,,,,"Unknown Governmental Organization","EEA"
8843,"AMS SOU Angel Kanchev-Varna","so2",5.24,"µg/m³","2026-06-17T08:00:00Z","2026-06-17T11:00:00+03:00","Europe/Sofia",43.22438900023895,27.915733000170828,,,,"Unknown Governmental Organization","EEA"
8843,"AMS SOU Angel Kanchev-Varna","so2",6.11,"µg/m³","2026-06-17T09:00:00Z","2026-06-17T12:00:00+03:00","Europe/Sofia",43.22438900023895,27.915733000170828,,,,"Unknown Governmental Organization","EEA"
8843,"AMS SOU Angel Kanchev-Varna","so2",7.06,"µg/m³","2026-06-17T10:00:00Z","2026-06-17T13:00:00+03:00","Europe/Sofia",43.22438900023895,27.915733000170828,,,,"Unknown Governmental Organization","EEA"
8843,"AMS SOU Angel Kanchev-Varna","so2",7.49,"µg/m³","2026-06-17T12:00:00Z","2026-06-17T15:00:00+03:00","Europe/Sofia",43.22438900023895,27.915733000170828,,,,"Unknown Governmental Organization","EEA"
8843,"AMS SOU Angel Kanchev-Varna","so2",7.48,"µg/m³","2026-06-17T13:00:00Z","2026-06-17T16:00:00+03:00","Europe/Sofia",43.22438900023895,27.915733000170828,,,,"Unknown Governmental Organization","EEA"
8843,"AMS SOU Angel Kanchev-Varna","so2",7.64,"µg/m³","2026-06-17T14:00:00Z","2026-06-17T17:00:00+03:00","Europe/Sofia",43.22438900023895,27.915733000170828,,,,"Unknown Governmental Organization","EEA"
8843,"AMS SOU Angel Kanchev-Varna","so2",4.94,"µg/m³","2026-06-17T19:00:00Z","2026-06-17T22:00:00+03:00","Europe/Sofia",43.22438900023895,27.915733000170828,,,,"Unknown Governmental Organization","EEA"
8843,"AMS SOU Angel Kanchev-Varna","so2",4.89,"µg/m³","2026-06-17T20:00:00Z","2026-06-17T23:00:00+03:00","Europe/Sofia",43.22438900023895,27.915733000170828,,,,"Unknown Governmental Organization","EEA"
8843,"AMS SOU Angel Kanchev-Varna","so2",4.91,"µg/m³","2026-06-17T21:00:00Z","2026-06-18T00:00:00+03:00","Europe/Sofia",43.22438900023895,27.915733000170828,,,,"Unknown Governmental Organization","EEA"
8843,"AMS SOU Angel Kanchev-Varna","so2",4.88,"µg/m³","2026-06-17T22:00:00Z","2026-06-18T01:00:00+03:00","Europe/Sofia",43.22438900023895,27.915733000170828,,,,"Unknown Governmental Organization","EEA"
8843,"AMS SOU Angel Kanchev-Varna","so2",4.72,"µg/m³","2026-06-17T23:00:00Z","2026-06-18T02:00:00+03:00","Europe/Sofia",43.22438900023895,27.915733000170828,,,,"Unknown Governmental Organization","EEA"
8843,"AMS SOU Angel Kanchev-Varna","so2",4.14,"µg/m³","2026-06-18T00:00:00Z","2026-06-18T03:00:00+03:00","Europe/Sofia",43.22438900023895,27.915733000170828,,,,"Unknown Governmental Organization","EEA"
8843,"AMS SOU Angel Kanchev-Varna","so2",4.2,"µg/m³","2026-06-18T01:00:00Z","2026-06-18T04:00:00+03:00","Europe/Sofia",43.22438900023895,27.915733000170828,,,,"Unknown Governmental Organization","EEA"
8843,"AMS SOU Angel Kanchev-Varna","so2",4.33,"µg/m³","2026-06-18T02:00:00Z","2026-06-18T05:00:00+03:00","Europe/Sofia",43.22438900023895,27.915733000170828,,,,"Unknown Governmental Organization","EEA"
8843,"AMS SOU Angel Kanchev-Varna","so2",4.32,"µg/m³","2026-06-18T03:00:00Z","2026-06-18T06:00:00+03:00","Europe/Sofia",43.22438900023895,27.915733000170828,,,,"Unknown Governmental Organization","EEA"
8843,"AMS SOU Angel Kanchev-Varna","so2",4.15,"µg/m³","2026-06-18T04:00:00Z","2026-06-18T07:00:00+03:00","Europe/Sofia",43.22438900023895,27.915733000170828,,,,"Unknown Governmental Organization","EEA"
8843,"AMS SOU Angel Kanchev-Varna","so2",3.83,"µg/m³","2026-06-18T05:00:00Z","2026-06-18T08:00:00+03:00","Europe/Sofia",43.22438900023895,27.915733000170828,,,,"Unknown Governmental Organization","EEA"
8843,"AMS SOU Angel Kanchev-Varna","so2",4.02,"µg/m³","2026-06-18T06:00:00Z","2026-06-18T09:00:00+03:00","Europe/Sofia",43.22438900023895,27.915733000170828,,,,"Unknown Governmental Organization","EEA"
8843,"AMS SOU Angel Kanchev-Varna","so2",4.64,"µg/m³","2026-06-18T07:00:00Z","2026-06-18T10:00:00+03:00","Europe/Sofia",43.22438900023895,27.915733000170828,,,,"Unknown Governmental Organization","EEA"
8843,"AMS SOU Angel Kanchev-Varna","so2",5.19,"µg/m³","2026-06-18T08:00:00Z","2026-06-18T11:00:00+03:00","Europe/Sofia",43.22438900023895,27.915733000170828,,,,"Unknown Governmental Organization","EEA"
8843,"AMS SOU Angel Kanchev-Varna","so2",6.18,"µg/m³","2026-06-18T09:00:00Z","2026-06-18T12:00:00+03:00","Europe/Sofia",43.22438900023895,27.915733000170828,,,,"Unknown Governmental Organization","EEA"
8843,"AMS SOU Angel Kanchev-Varna","so2",-1,"µg/m³","2026-06-18T10:00:00Z","2026-06-18T13:00:00+03:00","Europe/Sofia",43.22438900023895,27.915733000170828,,,,"Unknown Governmental Organization","EEA"
8843,"AMS SOU Angel Kanchev-Varna","so2",7.13,"µg/m³","2026-06-18T11:00:00Z","2026-06-18T14:00:00+03:00","Europe/Sofia",43.22438900023895,27.915733000170828,,,,"Unknown Governmental Organization","EEA"
8843,"AMS SOU Angel Kanchev-Varna","so2",8.52,"µg/m³","2026-06-18T12:00:00Z","2026-06-18T15:00:00+03:00","Europe/Sofia",43.22438900023895,27.915733000170828,,,,"Unknown Governmental Organization","EEA"
8843,"AMS SOU Angel Kanchev-Varna","so2",9.28,"µg/m³","2026-06-18T13:00:00Z","2026-06-18T16:00:00+03:00","Europe/Sofia",43.22438900023895,27.915733000170828,,,,"Unknown Governmental Organization","EEA"
8843,"AMS SOU Angel Kanchev-Varna","so2",-1,"µg/m³","2026-06-18T14:00:00Z","2026-06-18T17:00:00+03:00","Europe/Sofia",43.22438900023895,27.915733000170828,,,,"Unknown Governmental Organization","EEA"
8843,"AMS SOU Angel Kanchev-Varna","so2",8.6,"µg/m³","2026-06-18T15:00:00Z","2026-06-18T18:00:00+03:00","Europe/Sofia",43.22438900023895,27.915733000170828,,,,"Unknown Governmental Organization","EEA"
8843,"AMS SOU Angel Kanchev-Varna","so2",7.58,"µg/m³","2026-06-18T16:00:00Z","2026-06-18T19:00:00+03:00","Europe/Sofia",43.22438900023895,27.915733000170828,,,,"Unknown Governmental Organization","EEA"
8843,"AMS SOU Angel Kanchev-Varna","so2",6.79,"µg/m³","2026-06-18T17:00:00Z","2026-06-18T20:00:00+03:00","Europe/Sofia",43.22438900023895,27.915733000170828,,,,"Unknown Governmental Organization","EEA"
8843,"AMS SOU Angel Kanchev-Varna","so2",6.17,"µg/m³","2026-06-18T18:00:00Z","2026-06-18T21:00:00+03:00","Europe/Sofia",43.22438900023895,27.915733000170828,,,,"Unknown Governmental Organization","EEA"
8843,"AMS SOU Angel Kanchev-Varna","so2",5.56,"µg/m³","2026-06-18T19:00:00Z","2026-06-18T22:00:00+03:00","Europe/Sofia",43.22438900023895,27.915733000170828,,,,"Unknown Governmental Organization","EEA"
8843,"AMS SOU Angel Kanchev-Varna","so2",5.8,"µg/m³","2026-06-18T20:00:00Z","2026-06-18T23:00:00+03:00","Europe/Sofia",43.22438900023895,27.915733000170828,,,,"Unknown Governmental Organization","EEA"
8843,"AMS SOU Angel Kanchev-Varna","so2",5.37,"µg/m³","2026-06-18T21:00:00Z","2026-06-19T00:00:00+03:00","Europe/Sofia",43.22438900023895,27.915733000170828,,,,"Unknown Governmental Organization","EEA"
8843,"AMS SOU Angel Kanchev-Varna","so2",4.85,"µg/m³","2026-06-18T22:00:00Z","2026-06-19T01:00:00+03:00","Europe/Sofia",43.22438900023895,27.915733000170828,,,,"Unknown Governmental Organization","EEA"
8843,"AMS SOU Angel Kanchev-Varna","so2",4.8,"µg/m³","2026-06-18T23:00:00Z","2026-06-19T02:00:00+03:00","Europe/Sofia",43.22438900023895,27.915733000170828,,,,"Unknown Governmental Organization","EEA"
8843,"AMS SOU Angel Kanchev-Varna","so2",4.83,"µg/m³","2026-06-19T00:00:00Z","2026-06-19T03:00:00+03:00","Europe/Sofia",43.22438900023895,27.915733000170828,,,,"Unknown Governmental Organization","EEA"
8843,"AMS SOU Angel Kanchev-Varna","so2",4.78,"µg/m³","2026-06-19T01:00:00Z","2026-06-19T04:00:00+03:00","Europe/Sofia",43.22438900023895,27.915733000170828,,,,"Unknown Governmental Organization","EEA"
8843,"AMS SOU Angel Kanchev-Varna","so2",4.76,"µg/m³","2026-06-19T02:00:00Z","2026-06-19T05:00:00+03:00","Europe/Sofia",43.22438900023895,27.915733000170828,,,,"Unknown Governmental Organization","EEA"
8843,"AMS SOU Angel Kanchev-Varna","so2",4.81,"µg/m³","2026-06-19T03:00:00Z","2026-06-19T06:00:00+03:00","Europe/Sofia",43.22438900023895,27.915733000170828,,,,"Unknown Governmental Organization","EEA"
8843,"AMS SOU Angel Kanchev-Varna","so2",4.86,"µg/m³","2026-06-19T04:00:00Z","2026-06-19T07:00:00+03:00","Europe/Sofia",43.22438900023895,27.915733000170828,,,,"Unknown Governmental Organization","EEA"
8843,"AMS SOU Angel Kanchev-Varna","so2",4.83,"µg/m³","2026-06-19T06:00:00Z","2026-06-19T09:00:00+03:00","Europe/Sofia",43.22438900023895,27.915733000170828,,,,"Unknown Governmental Organization","EEA"
8843,"AMS SOU Angel Kanchev-Varna","so2",5.96,"µg/m³","2026-06-19T07:00:00Z","2026-06-19T10:00:00+03:00","Europe/Sofia",43.22438900023895,27.915733000170828,,,,"Unknown Governmental Organization","EEA"
8843,"AMS SOU Angel Kanchev-Varna","so2",6.51,"µg/m³","2026-06-19T08:00:00Z","2026-06-19T11:00:00+03:00","Europe/Sofia",43.22438900023895,27.915733000170828,,,,"Unknown Governmental Organization","EEA"
8843,"AMS SOU Angel Kanchev-Varna","so2",7.12,"µg/m³","2026-06-19T09:00:00Z","2026-06-19T12:00:00+03:00","Europe/Sofia",43.22438900023895,27.915733000170828,,,,"Unknown Governmental Organization","EEA"
8843,"AMS SOU Angel Kanchev-Varna","so2",7.62,"µg/m³","2026-06-19T10:00:00Z","2026-06-19T13:00:00+03:00","Europe/Sofia",43.22438900023895,27.915733000170828,,,,"Unknown Governmental Organization","EEA"
8843,"AMS SOU Angel Kanchev-Varna","so2",8.3,"µg/m³","2026-06-19T11:00:00Z","2026-06-19T14:00:00+03:00","Europe/Sofia",43.22438900023895,27.915733000170828,,,,"Unknown Governmental Organization","EEA"
8843,"AMS SOU Angel Kanchev-Varna","so2",8.95,"µg/m³","2026-06-19T12:00:00Z","2026-06-19T15:00:00+03:00","Europe/Sofia",43.22438900023895,27.915733000170828,,,,"Unknown Governmental Organization","EEA"
8843,"AMS SOU Angel Kanchev-Varna","so2",8.36,"µg/m³","2026-06-19T14:00:00Z","2026-06-19T17:00:00+03:00","Europe/Sofia",43.22438900023895,27.915733000170828,,,,"Unknown Governmental Organization","EEA"
8843,"AMS SOU Angel Kanchev-Varna","so2",8.87,"µg/m³","2026-06-19T15:00:00Z","2026-06-19T18:00:00+03:00","Europe/Sofia",43.22438900023895,27.915733000170828,,,,"Unknown Governmental Organization","EEA"
8843,"AMS SOU Angel Kanchev-Varna","so2",9.35,"µg/m³","2026-06-19T16:00:00Z","2026-06-19T19:00:00+03:00","Europe/Sofia",43.22438900023895,27.915733000170828,,,,"Unknown Governmental Organization","EEA"
8843,"AMS SOU Angel Kanchev-Varna","so2",8.02,"µg/m³","2026-06-19T17:00:00Z","2026-06-19T20:00:00+03:00","Europe/Sofia",43.22438900023895,27.915733000170828,,,,"Unknown Governmental Organization","EEA"
8843,"AMS SOU Angel Kanchev-Varna","so2",7.36,"µg/m³","2026-06-19T18:00:00Z","2026-06-19T21:00:00+03:00","Europe/Sofia",43.22438900023895,27.915733000170828,,,,"Unknown Governmental Organization","EEA"
8843,"AMS SOU Angel Kanchev-Varna","so2",6.31,"µg/m³","2026-06-19T19:00:00Z","2026-06-19T22:00:00+03:00","Europe/Sofia",43.22438900023895,27.915733000170828,,,,"Unknown Governmental Organization","EEA"
8843,"AMS SOU Angel Kanchev-Varna","so2",5.83,"µg/m³","2026-06-19T20:00:00Z","2026-06-19T23:00:00+03:00","Europe/Sofia",43.22438900023895,27.915733000170828,,,,"Unknown Governmental Organization","EEA"
8843,"AMS SOU Angel Kanchev-Varna","so2",5.42,"µg/m³","2026-06-19T21:00:00Z","2026-06-20T00:00:00+03:00","Europe/Sofia",43.22438900023895,27.915733000170828,,,,"Unknown Governmental Organization","EEA"
8843,"AMS SOU Angel Kanchev-Varna","so2",5.67,"µg/m³","2026-06-19T22:00:00Z","2026-06-20T01:00:00+03:00","Europe/Sofia",43.22438900023895,27.915733000170828,,,,"Unknown Governmental Organization","EEA"
8843,"AMS SOU Angel Kanchev-Varna","so2",4.99,"µg/m³","2026-06-19T23:00:00Z","2026-06-20T02:00:00+03:00","Europe/Sofia",43.22438900023895,27.915733000170828,,,,"Unknown Governmental Organization","EEA"
8843,"AMS SOU Angel Kanchev-Varna","so2",4.7,"µg/m³","2026-06-20T00:00:00Z","2026-06-20T03:00:00+03:00","Europe/Sofia",43.22438900023895,27.915733000170828,,,,"Unknown Governmental Organization","EEA"
8843,"AMS SOU Angel Kanchev-Varna","so2",4.73,"µg/m³","2026-06-20T01:00:00Z","2026-06-20T04:00:00+03:00","Europe/Sofia",43.22438900023895,27.915733000170828,,,,"Unknown Governmental Organization","EEA"
8843,"AMS SOU Angel Kanchev-Varna","so2",4.71,"µg/m³","2026-06-20T02:00:00Z","2026-06-20T05:00:00+03:00","Europe/Sofia",43.22438900023895,27.915733000170828,,,,"Unknown Governmental Organization","EEA"
8843,"AMS SOU Angel Kanchev-Varna","so2",4.74,"µg/m³","2026-06-20T03:00:00Z","2026-06-20T06:00:00+03:00","Europe/Sofia",43.22438900023895,27.915733000170828,,,,"Unknown Governmental Organization","EEA"
8843,"AMS SOU Angel Kanchev-Varna","so2",4.8,"µg/m³","2026-06-20T05:00:00Z","2026-06-20T08:00:00+03:00","Europe/Sofia",43.22438900023895,27.915733000170828,,,,"Unknown Governmental Organization","EEA"
8843,"AMS SOU Angel Kanchev-Varna","so2",5.3,"µg/m³","2026-06-20T06:00:00Z","2026-06-20T09:00:00+03:00","Europe/Sofia",43.22438900023895,27.915733000170828,,,,"Unknown Governmental Organization","EEA"
8843,"AMS SOU Angel Kanchev-Varna","so2",6.43,"µg/m³","2026-06-20T07:00:00Z","2026-06-20T10:00:00+03:00","Europe/Sofia",43.22438900023895,27.915733000170828,,,,"Unknown Governmental Organization","EEA"
8843,"AMS SOU Angel Kanchev-Varna","so2",6.95,"µg/m³","2026-06-20T08:00:00Z","2026-06-20T11:00:00+03:00","Europe/Sofia",43.22438900023895,27.915733000170828,,,,"Unknown Governmental Organization","EEA"
8843,"AMS SOU Angel Kanchev-Varna","so2",7.57,"µg/m³","2026-06-20T09:00:00Z","2026-06-20T12:00:00+03:00","Europe/Sofia",43.22438900023895,27.915733000170828,,,,"Unknown Governmental Organization","EEA"
8843,"AMS SOU Angel Kanchev-Varna","so2",8.19,"µg/m³","2026-06-20T10:00:00Z","2026-06-20T13:00:00+03:00","Europe/Sofia",43.22438900023895,27.915733000170828,,,,"Unknown Governmental Organization","EEA"
8843,"AMS SOU Angel Kanchev-Varna","so2",9.47,"µg/m³","2026-06-20T11:00:00Z","2026-06-20T14:00:00+03:00","Europe/Sofia",43.22438900023895,27.915733000170828,,,,"Unknown Governmental Organization","EEA"
8843,"AMS SOU Angel Kanchev-Varna","so2",10.51,"µg/m³","2026-06-20T12:00:00Z","2026-06-20T15:00:00+03:00","Europe/Sofia",43.22438900023895,27.915733000170828,,,,"Unknown Governmental Organization","EEA"
8843,"AMS SOU Angel Kanchev-Varna","so2",10.98,"µg/m³","2026-06-20T13:00:00Z","2026-06-20T16:00:00+03:00","Europe/Sofia",43.22438900023895,27.915733000170828,,,,"Unknown Governmental Organization","EEA"
8843,"AMS SOU Angel Kanchev-Varna","so2",10.48,"µg/m³","2026-06-20T14:00:00Z","2026-06-20T17:00:00+03:00","Europe/Sofia",43.22438900023895,27.915733000170828,,,,"Unknown Governmental Organization","EEA"
8843,"AMS SOU Angel Kanchev-Varna","so2",10.59,"µg/m³","2026-06-20T15:00:00Z","2026-06-20T18:00:00+03:00","Europe/Sofia",43.22438900023895,27.915733000170828,,,,"Unknown Governmental Organization","EEA"
8843,"AMS SOU Angel Kanchev-Varna","so2",10.51,"µg/m³","2026-06-20T16:00:00Z","2026-06-20T19:00:00+03:00","Europe/Sofia",43.22438900023895,27.915733000170828,,,,"Unknown Governmental Organization","EEA"
8843,"AMS SOU Angel Kanchev-Varna","so2",10.54,"µg/m³","2026-06-20T17:00:00Z","2026-06-20T20:00:00+03:00","Europe/Sofia",43.22438900023895,27.915733000170828,,,,"Unknown Governmental Organization","EEA"
8843,"AMS SOU Angel Kanchev-Varna","so2",9.26,"µg/m³","2026-06-20T18:00:00Z","2026-06-20T21:00:00+03:00","Europe/Sofia",43.22438900023895,27.915733000170828,,,,"Unknown Governmental Organization","EEA"
8843,"AMS SOU Angel Kanchev-Varna","so2",8.17,"µg/m³","2026-06-20T19:00:00Z","2026-06-20T22:00:00+03:00","Europe/Sofia",43.22438900023895,27.915733000170828,,,,"Unknown Governmental Organization","EEA"
8843,"AMS SOU Angel Kanchev-Varna","so2",6.93,"µg/m³","2026-06-20T20:00:00Z","2026-06-20T23:00:00+03:00","Europe/Sofia",43.22438900023895,27.915733000170828,,,,"Unknown Governmental Organization","EEA"
8843,"AMS SOU Angel Kanchev-Varna","so2",6.26,"µg/m³","2026-06-20T21:00:00Z","2026-06-21T00:00:00+03:00","Europe/Sofia",43.22438900023895,27.915733000170828,,,,"Unknown Governmental Organization","EEA"
8843,"AMS SOU Angel Kanchev-Varna","so2",5.67,"µg/m³","2026-06-20T22:00:00Z","2026-06-21T01:00:00+03:00","Europe/Sofia",43.22438900023895,27.915733000170828,,,,"Unknown Governmental Organization","EEA"
8843,"AMS SOU Angel Kanchev-Varna","so2",5.47,"µg/m³","2026-06-20T23:00:00Z","2026-06-21T02:00:00+03:00","Europe/Sofia",43.22438900023895,27.915733000170828,,,,"Unknown Governmental Organization","EEA"
8843,"AMS SOU Angel Kanchev-Varna","so2",5.53,"µg/m³","2026-06-21T00:00:00Z","2026-06-21T03:00:00+03:00","Europe/Sofia",43.22438900023895,27.915733000170828,,,,"Unknown Governmental Organization","EEA"
8843,"AMS SOU Angel Kanchev-Varna","so2",5.42,"µg/m³","2026-06-21T01:00:00Z","2026-06-21T04:00:00+03:00","Europe/Sofia",43.22438900023895,27.915733000170828,,,,"Unknown Governmental Organization","EEA"
8843,"AMS SOU Angel Kanchev-Varna","so2",5.41,"µg/m³","2026-06-21T02:00:00Z","2026-06-21T05:00:00+03:00","Europe/Sofia",43.22438900023895,27.915733000170828,,,,"Unknown Governmental Organization","EEA"
8843,"AMS SOU Angel Kanchev-Varna","so2",5.66,"µg/m³","2026-06-21T03:00:00Z","2026-06-21T06:00:00+03:00","Europe/Sofia",43.22438900023895,27.915733000170828,,,,"Unknown Governmental Organization","EEA"
8843,"AMS SOU Angel Kanchev-Varna","so2",5.75,"µg/m³","2026-06-21T04:00:00Z","2026-06-21T07:00:00+03:00","Europe/Sofia",43.22438900023895,27.915733000170828,,,,"Unknown Governmental Organization","EEA"
8843,"AMS SOU Angel Kanchev-Varna","so2",5.68,"µg/m³","2026-06-21T05:00:00Z","2026-06-21T08:00:00+03:00","Europe/Sofia",43.22438900023895,27.915733000170828,,,,"Unknown Governmental Organization","EEA"
8843,"AMS SOU Angel Kanchev-Varna","so2",5.5,"µg/m³","2026-06-21T06:00:00Z","2026-06-21T09:00:00+03:00","Europe/Sofia",43.22438900023895,27.915733000170828,,,,"Unknown Governmental Organization","EEA"
8843,"AMS SOU Angel Kanchev-Varna","so2",6.03,"µg/m³","2026-06-21T07:00:00Z","2026-06-21T10:00:00+03:00","Europe/Sofia",43.22438900023895,27.915733000170828,,,,"Unknown Governmental Organization","EEA"
8843,"AMS SOU Angel Kanchev-Varna","so2",6.8,"µg/m³","2026-06-21T08:00:00Z","2026-06-21T11:00:00+03:00","Europe/Sofia",43.22438900023895,27.915733000170828,,,,"Unknown Governmental Organization","EEA"
8843,"AMS SOU Angel Kanchev-Varna","so2",7.76,"µg/m³","2026-06-21T09:00:00Z","2026-06-21T12:00:00+03:00","Europe/Sofia",43.22438900023895,27.915733000170828,,,,"Unknown Governmental Organization","EEA"
8843,"AMS SOU Angel Kanchev-Varna","so2",8.7,"µg/m³","2026-06-21T10:00:00Z","2026-06-21T13:00:00+03:00","Europe/Sofia",43.22438900023895,27.915733000170828,,,,"Unknown Governmental Organization","EEA"
8843,"AMS SOU Angel Kanchev-Varna","so2",10,"µg/m³","2026-06-21T11:00:00Z","2026-06-21T14:00:00+03:00","Europe/Sofia",43.22438900023895,27.915733000170828,,,,"Unknown Governmental Organization","EEA"
8843,"AMS SOU Angel Kanchev-Varna","so2",11.46,"µg/m³","2026-06-21T12:00:00Z","2026-06-21T15:00:00+03:00","Europe/Sofia",43.22438900023895,27.915733000170828,,,,"Unknown Governmental Organization","EEA"
8843,"AMS SOU Angel Kanchev-Varna","so2",12.05,"µg/m³","2026-06-21T13:00:00Z","2026-06-21T16:00:00+03:00","Europe/Sofia",43.22438900023895,27.915733000170828,,,,"Unknown Governmental Organization","EEA"
8843,"AMS SOU Angel Kanchev-Varna","so2",11.74,"µg/m³","2026-06-21T14:00:00Z","2026-06-21T17:00:00+03:00","Europe/Sofia",43.22438900023895,27.915733000170828,,,,"Unknown Governmental Organization","EEA"
8843,"AMS SOU Angel Kanchev-Varna","so2",9.44,"µg/m³","2026-06-21T15:00:00Z","2026-06-21T18:00:00+03:00","Europe/Sofia",43.22438900023895,27.915733000170828,,,,"Unknown Governmental Organization","EEA"
8843,"AMS SOU Angel Kanchev-Varna","so2",8.52,"µg/m³","2026-06-21T16:00:00Z","2026-06-21T19:00:00+03:00","Europe/Sofia",43.22438900023895,27.915733000170828,,,,"Unknown Governmental Organization","EEA"
8843,"AMS SOU Angel Kanchev-Varna","so2",9.25,"µg/m³","2026-06-21T17:00:00Z","2026-06-21T20:00:00+03:00","Europe/Sofia",43.22438900023895,27.915733000170828,,,,"Unknown Governmental Organization","EEA"
8843,"AMS SOU Angel Kanchev-Varna","so2",8.71,"µg/m³","2026-06-21T18:00:00Z","2026-06-21T21:00:00+03:00","Europe/Sofia",43.22438900023895,27.915733000170828,,,,"Unknown Governmental Organization","EEA"
8843,"AMS SOU Angel Kanchev-Varna","so2",7.92,"µg/m³","2026-06-21T19:00:00Z","2026-06-21T22:00:00+03:00","Europe/Sofia",43.22438900023895,27.915733000170828,,,,"Unknown Governmental Organization","EEA"
8843,"AMS SOU Angel Kanchev-Varna","so2",7.52,"µg/m³","2026-06-21T20:00:00Z","2026-06-21T23:00:00+03:00","Europe/Sofia",43.22438900023895,27.915733000170828,,,,"Unknown Governmental Organization","EEA"
8843,"AMS SOU Angel Kanchev-Varna","so2",7.1,"µg/m³","2026-06-21T21:00:00Z","2026-06-22T00:00:00+03:00","Europe/Sofia",43.22438900023895,27.915733000170828,,,,"Unknown Governmental Organization","EEA"
8843,"AMS SOU Angel Kanchev-Varna","so2",6.48,"µg/m³","2026-06-21T22:00:00Z","2026-06-22T01:00:00+03:00","Europe/Sofia",43.22438900023895,27.915733000170828,,,,"Unknown Governmental Organization","EEA"
8843,"AMS SOU Angel Kanchev-Varna","so2",6.52,"µg/m³","2026-06-21T23:00:00Z","2026-06-22T02:00:00+03:00","Europe/Sofia",43.22438900023895,27.915733000170828,,,,"Unknown Governmental Organization","EEA"
8843,"AMS SOU Angel Kanchev-Varna","so2",6.27,"µg/m³","2026-06-22T00:00:00Z","2026-06-22T03:00:00+03:00","Europe/Sofia",43.22438900023895,27.915733000170828,,,,"Unknown Governmental Organization","EEA"
8843,"AMS SOU Angel Kanchev-Varna","so2",5.46,"µg/m³","2026-06-22T01:00:00Z","2026-06-22T04:00:00+03:00","Europe/Sofia",43.22438900023895,27.915733000170828,,,,"Unknown Governmental Organization","EEA"
8843,"AMS SOU Angel Kanchev-Varna","so2",5.85,"µg/m³","2026-06-22T02:00:00Z","2026-06-22T05:00:00+03:00","Europe/Sofia",43.22438900023895,27.915733000170828,,,,"Unknown Governmental Organization","EEA"
8843,"AMS SOU Angel Kanchev-Varna","so2",5.46,"µg/m³","2026-06-22T03:00:00Z","2026-06-22T06:00:00+03:00","Europe/Sofia",43.22438900023895,27.915733000170828,,,,"Unknown Governmental Organization","EEA"
8843,"AMS SOU Angel Kanchev-Varna","so2",5.46,"µg/m³","2026-06-22T04:00:00Z","2026-06-22T07:00:00+03:00","Europe/Sofia",43.22438900023895,27.915733000170828,,,,"Unknown Governmental Organization","EEA"
8843,"AMS SOU Angel Kanchev-Varna","so2",5.41,"µg/m³","2026-06-22T05:00:00Z","2026-06-22T08:00:00+03:00","Europe/Sofia",43.22438900023895,27.915733000170828,,,,"Unknown Governmental Organization","EEA"
8843,"AMS SOU Angel Kanchev-Varna","so2",5.95,"µg/m³","2026-06-22T06:00:00Z","2026-06-22T09:00:00+03:00","Europe/Sofia",43.22438900023895,27.915733000170828,,,,"Unknown Governmental Organization","EEA"
8843,"AMS SOU Angel Kanchev-Varna","so2",6.5,"µg/m³","2026-06-22T07:00:00Z","2026-06-22T10:00:00+03:00","Europe/Sofia",43.22438900023895,27.915733000170828,,,,"Unknown Governmental Organization","EEA"
8843,"AMS SOU Angel Kanchev-Varna","so2",8.17,"µg/m³","2026-06-22T09:00:00Z","2026-06-22T12:00:00+03:00","Europe/Sofia",43.22438900023895,27.915733000170828,,,,"Unknown Governmental Organization","EEA"
8843,"AMS SOU Angel Kanchev-Varna","so2",-1,"µg/m³","2026-06-22T10:00:00Z","2026-06-22T13:00:00+03:00","Europe/Sofia",43.22438900023895,27.915733000170828,,,,"Unknown Governmental Organization","EEA"
8843,"AMS SOU Angel Kanchev-Varna","so2",11.89,"µg/m³","2026-06-22T11:00:00Z","2026-06-22T14:00:00+03:00","Europe/Sofia",43.22438900023895,27.915733000170828,,,,"Unknown Governmental Organization","EEA"
8843,"AMS SOU Angel Kanchev-Varna","so2",12.88,"µg/m³","2026-06-22T12:00:00Z","2026-06-22T15:00:00+03:00","Europe/Sofia",43.22438900023895,27.915733000170828,,,,"Unknown Governmental Organization","EEA"
8843,"AMS SOU Angel Kanchev-Varna","so2",12.96,"µg/m³","2026-06-22T13:00:00Z","2026-06-22T16:00:00+03:00","Europe/Sofia",43.22438900023895,27.915733000170828,,,,"Unknown Governmental Organization","EEA"
8843,"AMS SOU Angel Kanchev-Varna","so2",13.15,"µg/m³","2026-06-22T14:00:00Z","2026-06-22T17:00:00+03:00","Europe/Sofia",43.22438900023895,27.915733000170828,,,,"Unknown Governmental Organization","EEA"
8843,"AMS SOU Angel Kanchev-Varna","so2",13.04,"µg/m³","2026-06-22T15:00:00Z","2026-06-22T18:00:00+03:00","Europe/Sofia",43.22438900023895,27.915733000170828,,,,"Unknown Governmental Organization","EEA"
8843,"AMS SOU Angel Kanchev-Varna","so2",12.79,"µg/m³","2026-06-22T16:00:00Z","2026-06-22T19:00:00+03:00","Europe/Sofia",43.22438900023895,27.915733000170828,,,,"Unknown Governmental Organization","EEA"
8843,"AMS SOU Angel Kanchev-Varna","so2",11.68,"µg/m³","2026-06-22T17:00:00Z","2026-06-22T20:00:00+03:00","Europe/Sofia",43.22438900023895,27.915733000170828,,,,"Unknown Governmental Organization","EEA"
8843,"AMS SOU Angel Kanchev-Varna","so2",9.38,"µg/m³","2026-06-22T18:00:00Z","2026-06-22T21:00:00+03:00","Europe/Sofia",43.22438900023895,27.915733000170828,,,,"Unknown Governmental Organization","EEA"
8843,"AMS SOU Angel Kanchev-Varna","so2",8.56,"µg/m³","2026-06-22T19:00:00Z","2026-06-22T22:00:00+03:00","Europe/Sofia",43.22438900023895,27.915733000170828,,,,"Unknown Governmental Organization","EEA"
8843,"AMS SOU Angel Kanchev-Varna","so2",8.5,"µg/m³","2026-06-22T20:00:00Z","2026-06-22T23:00:00+03:00","Europe/Sofia",43.22438900023895,27.915733000170828,,,,"Unknown Governmental Organization","EEA"
8843,"AMS SOU Angel Kanchev-Varna","so2",7.66,"µg/m³","2026-06-22T21:00:00Z","2026-06-23T00:00:00+03:00","Europe/Sofia",43.22438900023895,27.915733000170828,,,,"Unknown Governmental Organization","EEA"
8843,"AMS SOU Angel Kanchev-Varna","so2",7.82,"µg/m³","2026-06-22T22:00:00Z","2026-06-23T01:00:00+03:00","Europe/Sofia",43.22438900023895,27.915733000170828,,,,"Unknown Governmental Organization","EEA"
8843,"AMS SOU Angel Kanchev-Varna","so2",7.11,"µg/m³","2026-06-22T23:00:00Z","2026-06-23T02:00:00+03:00","Europe/Sofia",43.22438900023895,27.915733000170828,,,,"Unknown Governmental Organization","EEA"
8843,"AMS SOU Angel Kanchev-Varna","so2",6.78,"µg/m³","2026-06-23T00:00:00Z","2026-06-23T03:00:00+03:00","Europe/Sofia",43.22438900023895,27.915733000170828,,,,"Unknown Governmental Organization","EEA"
8843,"AMS SOU Angel Kanchev-Varna","so2",6.35,"µg/m³","2026-06-23T01:00:00Z","2026-06-23T04:00:00+03:00","Europe/Sofia",43.22438900023895,27.915733000170828,,,,"Unknown Governmental Organization","EEA"
8843,"AMS SOU Angel Kanchev-Varna","so2",5.46,"µg/m³","2026-06-23T02:00:00Z","2026-06-23T05:00:00+03:00","Europe/Sofia",43.22438900023895,27.915733000170828,,,,"Unknown Governmental Organization","EEA"
8843,"AMS SOU Angel Kanchev-Varna","so2",5.59,"µg/m³","2026-06-23T03:00:00Z","2026-06-23T06:00:00+03:00","Europe/Sofia",43.22438900023895,27.915733000170828,,,,"Unknown Governmental Organization","EEA"
8843,"AMS SOU Angel Kanchev-Varna","so2",5.43,"µg/m³","2026-06-23T04:00:00Z","2026-06-23T07:00:00+03:00","Europe/Sofia",43.22438900023895,27.915733000170828,,,,"Unknown Governmental Organization","EEA"
8843,"AMS SOU Angel Kanchev-Varna","so2",5.48,"µg/m³","2026-06-23T05:00:00Z","2026-06-23T08:00:00+03:00","Europe/Sofia",43.22438900023895,27.915733000170828,,,,"Unknown Governmental Organization","EEA"
8843,"AMS SOU Angel Kanchev-Varna","so2",6.23,"µg/m³","2026-06-23T06:00:00Z","2026-06-23T09:00:00+03:00","Europe/Sofia",43.22438900023895,27.915733000170828,,,,"Unknown Governmental Organization","EEA"
8843,"AMS SOU Angel Kanchev-Varna","so2",7.9,"µg/m³","2026-06-23T07:00:00Z","2026-06-23T10:00:00+03:00","Europe/Sofia",43.22438900023895,27.915733000170828,,,,"Unknown Governmental Organization","EEA"
8843,"AMS SOU Angel Kanchev-Varna","so2",7.87,"µg/m³","2026-06-23T08:00:00Z","2026-06-23T11:00:00+03:00","Europe/Sofia",43.22438900023895,27.915733000170828,,,,"Unknown Governmental Organization","EEA"
8843,"AMS SOU Angel Kanchev-Varna","so2",11.16,"µg/m³","2026-06-23T10:00:00Z","2026-06-23T13:00:00+03:00","Europe/Sofia",43.22438900023895,27.915733000170828,,,,"Unknown Governmental Organization","EEA"
8843,"AMS SOU Angel Kanchev-Varna","so2",12.92,"µg/m³","2026-06-23T11:00:00Z","2026-06-23T14:00:00+03:00","Europe/Sofia",43.22438900023895,27.915733000170828,,,,"Unknown Governmental Organization","EEA"
8843,"AMS SOU Angel Kanchev-Varna","so2",12.91,"µg/m³","2026-06-23T12:00:00Z","2026-06-23T15:00:00+03:00","Europe/Sofia",43.22438900023895,27.915733000170828,,,,"Unknown Governmental Organization","EEA"
8843,"AMS SOU Angel Kanchev-Varna","so2",12.77,"µg/m³","2026-06-23T13:00:00Z","2026-06-23T16:00:00+03:00","Europe/Sofia",43.22438900023895,27.915733000170828,,,,"Unknown Governmental Organization","EEA"
8843,"AMS SOU Angel Kanchev-Varna","so2",11.85,"µg/m³","2026-06-23T14:00:00Z","2026-06-23T17:00:00+03:00","Europe/Sofia",43.22438900023895,27.915733000170828,,,,"Unknown Governmental Organization","EEA"
8843,"AMS SOU Angel Kanchev-Varna","so2",10.64,"µg/m³","2026-06-23T15:00:00Z","2026-06-23T18:00:00+03:00","Europe/Sofia",43.22438900023895,27.915733000170828,,,,"Unknown Governmental Organization","EEA"
8843,"AMS SOU Angel Kanchev-Varna","so2",11.33,"µg/m³","2026-06-23T16:00:00Z","2026-06-23T19:00:00+03:00","Europe/Sofia",43.22438900023895,27.915733000170828,,,,"Unknown Governmental Organization","EEA"
8843,"AMS SOU Angel Kanchev-Varna","so2",9.86,"µg/m³","2026-06-23T17:00:00Z","2026-06-23T20:00:00+03:00","Europe/Sofia",43.22438900023895,27.915733000170828,,,,"Unknown Governmental Organization","EEA"
8843,"AMS SOU Angel Kanchev-Varna","so2",8.59,"µg/m³","2026-06-23T18:00:00Z","2026-06-23T21:00:00+03:00","Europe/Sofia",43.22438900023895,27.915733000170828,,,,"Unknown Governmental Organization","EEA"
8843,"AMS SOU Angel Kanchev-Varna","so2",8.15,"µg/m³","2026-06-23T19:00:00Z","2026-06-23T22:00:00+03:00","Europe/Sofia",43.22438900023895,27.915733000170828,,,,"Unknown Governmental Organization","EEA"
8843,"AMS SOU Angel Kanchev-Varna","so2",7.47,"µg/m³","2026-06-23T20:00:00Z","2026-06-23T23:00:00+03:00","Europe/Sofia",43.22438900023895,27.915733000170828,,,,"Unknown Governmental Organization","EEA"
8843,"AMS SOU Angel Kanchev-Varna","so2",7.98,"µg/m³","2026-06-23T21:00:00Z","2026-06-24T00:00:00+03:00","Europe/Sofia",43.22438900023895,27.915733000170828,,,,"Unknown Governmental Organization","EEA"
8843,"AMS SOU Angel Kanchev-Varna","so2",7.84,"µg/m³","2026-06-23T22:00:00Z","2026-06-24T01:00:00+03:00","Europe/Sofia",43.22438900023895,27.915733000170828,,,,"Unknown Governmental Organization","EEA"
8843,"AMS SOU Angel Kanchev-Varna","so2",6.89,"µg/m³","2026-06-23T23:00:00Z","2026-06-24T02:00:00+03:00","Europe/Sofia",43.22438900023895,27.915733000170828,,,,"Unknown Governmental Organization","EEA"
8843,"AMS SOU Angel Kanchev-Varna","so2",6.73,"µg/m³","2026-06-24T00:00:00Z","2026-06-24T03:00:00+03:00","Europe/Sofia",43.22438900023895,27.915733000170828,,,,"Unknown Governmental Organization","EEA"
8843,"AMS SOU Angel Kanchev-Varna","so2",6.47,"µg/m³","2026-06-24T01:00:00Z","2026-06-24T04:00:00+03:00","Europe/Sofia",43.22438900023895,27.915733000170828,,,,"Unknown Governmental Organization","EEA"
8843,"AMS SOU Angel Kanchev-Varna","so2",5.79,"µg/m³","2026-06-24T02:00:00Z","2026-06-24T05:00:00+03:00","Europe/Sofia",43.22438900023895,27.915733000170828,,,,"Unknown Governmental Organization","EEA"
8843,"AMS SOU Angel Kanchev-Varna","so2",5.56,"µg/m³","2026-06-24T03:00:00Z","2026-06-24T06:00:00+03:00","Europe/Sofia",43.22438900023895,27.915733000170828,,,,"Unknown Governmental Organization","EEA"
8843,"AMS SOU Angel Kanchev-Varna","so2",5.51,"µg/m³","2026-06-24T04:00:00Z","2026-06-24T07:00:00+03:00","Europe/Sofia",43.22438900023895,27.915733000170828,,,,"Unknown Governmental Organization","EEA"
8843,"AMS SOU Angel Kanchev-Varna","so2",5.8,"µg/m³","2026-06-24T05:00:00Z","2026-06-24T08:00:00+03:00","Europe/Sofia",43.22438900023895,27.915733000170828,,,,"Unknown Governmental Organization","EEA"
8843,"AMS SOU Angel Kanchev-Varna","so2",6.78,"µg/m³","2026-06-24T06:00:00Z","2026-06-24T09:00:00+03:00","Europe/Sofia",43.22438900023895,27.915733000170828,,,,"Unknown Governmental Organization","EEA"
8843,"AMS SOU Angel Kanchev-Varna","so2",7.9,"µg/m³","2026-06-24T07:00:00Z","2026-06-24T10:00:00+03:00","Europe/Sofia",43.22438900023895,27.915733000170828,,,,"Unknown Governmental Organization","EEA"
8843,"AMS SOU Angel Kanchev-Varna","so2",9.11,"µg/m³","2026-06-24T09:00:00Z","2026-06-24T12:00:00+03:00","Europe/Sofia",43.22438900023895,27.915733000170828,,,,"Unknown Governmental Organization","EEA"
8843,"AMS SOU Angel Kanchev-Varna","so2",10.23,"µg/m³","2026-06-24T10:00:00Z","2026-06-24T13:00:00+03:00","Europe/Sofia",43.22438900023895,27.915733000170828,,,,"Unknown Governmental Organization","EEA"
8843,"AMS SOU Angel Kanchev-Varna","so2",12.03,"µg/m³","2026-06-24T11:00:00Z","2026-06-24T14:00:00+03:00","Europe/Sofia",43.22438900023895,27.915733000170828,,,,"Unknown Governmental Organization","EEA"
8843,"AMS SOU Angel Kanchev-Varna","so2",12.76,"µg/m³","2026-06-24T12:00:00Z","2026-06-24T15:00:00+03:00","Europe/Sofia",43.22438900023895,27.915733000170828,,,,"Unknown Governmental Organization","EEA"
8843,"AMS SOU Angel Kanchev-Varna","so2",13.04,"µg/m³","2026-06-24T13:00:00Z","2026-06-24T16:00:00+03:00","Europe/Sofia",43.22438900023895,27.915733000170828,,,,"Unknown Governmental Organization","EEA"
8843,"AMS SOU Angel Kanchev-Varna","so2",13.45,"µg/m³","2026-06-24T14:00:00Z","2026-06-24T17:00:00+03:00","Europe/Sofia",43.22438900023895,27.915733000170828,,,,"Unknown Governmental Organization","EEA"
8843,"AMS SOU Angel Kanchev-Varna","so2",13.25,"µg/m³","2026-06-24T16:00:00Z","2026-06-24T19:00:00+03:00","Europe/Sofia",43.22438900023895,27.915733000170828,,,,"Unknown Governmental Organization","EEA"
8843,"AMS SOU Angel Kanchev-Varna","so2",12.87,"µg/m³","2026-06-24T17:00:00Z","2026-06-24T20:00:00+03:00","Europe/Sofia",43.22438900023895,27.915733000170828,,,,"Unknown Governmental Organization","EEA"
8843,"AMS SOU Angel Kanchev-Varna","so2",12.57,"µg/m³","2026-06-24T18:00:00Z","2026-06-24T21:00:00+03:00","Europe/Sofia",43.22438900023895,27.915733000170828,,,,"Unknown Governmental Organization","EEA"
8843,"AMS SOU Angel Kanchev-Varna","so2",12.44,"µg/m³","2026-06-24T19:00:00Z","2026-06-24T22:00:00+03:00","Europe/Sofia",43.22438900023895,27.915733000170828,,,,"Unknown Governmental Organization","EEA"
8843,"AMS SOU Angel Kanchev-Varna","so2",10.55,"µg/m³","2026-06-24T20:00:00Z","2026-06-24T23:00:00+03:00","Europe/Sofia",43.22438900023895,27.915733000170828,,,,"Unknown Governmental Organization","EEA"
8843,"AMS SOU Angel Kanchev-Varna","so2",8.24,"µg/m³","2026-06-24T21:00:00Z","2026-06-25T00:00:00+03:00","Europe/Sofia",43.22438900023895,27.915733000170828,,,,"Unknown Governmental Organization","EEA"
8843,"AMS SOU Angel Kanchev-Varna","so2",7.81,"µg/m³","2026-06-24T22:00:00Z","2026-06-25T01:00:00+03:00","Europe/Sofia",43.22438900023895,27.915733000170828,,,,"Unknown Governmental Organization","EEA"
8843,"AMS SOU Angel Kanchev-Varna","so2",7.85,"µg/m³","2026-06-24T23:00:00Z","2026-06-25T02:00:00+03:00","Europe/Sofia",43.22438900023895,27.915733000170828,,,,"Unknown Governmental Organization","EEA"
8843,"AMS SOU Angel Kanchev-Varna","so2",8.06,"µg/m³","2026-06-25T00:00:00Z","2026-06-25T03:00:00+03:00","Europe/Sofia",43.22438900023895,27.915733000170828,,,,"Unknown Governmental Organization","EEA"
8843,"AMS SOU Angel Kanchev-Varna","so2",8.28,"µg/m³","2026-06-25T01:00:00Z","2026-06-25T04:00:00+03:00","Europe/Sofia",43.22438900023895,27.915733000170828,,,,"Unknown Governmental Organization","EEA"
8843,"AMS SOU Angel Kanchev-Varna","so2",8.36,"µg/m³","2026-06-25T02:00:00Z","2026-06-25T05:00:00+03:00","Europe/Sofia",43.22438900023895,27.915733000170828,,,,"Unknown Governmental Organization","EEA"
8843,"AMS SOU Angel Kanchev-Varna","so2",7.98,"µg/m³","2026-06-25T03:00:00Z","2026-06-25T06:00:00+03:00","Europe/Sofia",43.22438900023895,27.915733000170828,,,,"Unknown Governmental Organization","EEA"
8843,"AMS SOU Angel Kanchev-Varna","so2",7.94,"µg/m³","2026-06-25T04:00:00Z","2026-06-25T07:00:00+03:00","Europe/Sofia",43.22438900023895,27.915733000170828,,,,"Unknown Governmental Organization","EEA"
8843,"AMS SOU Angel Kanchev-Varna","so2",8.06,"µg/m³","2026-06-25T05:00:00Z","2026-06-25T08:00:00+03:00","Europe/Sofia",43.22438900023895,27.915733000170828,,,,"Unknown Governmental Organization","EEA"
8843,"AMS SOU Angel Kanchev-Varna","so2",8.46,"µg/m³","2026-06-25T06:00:00Z","2026-06-25T09:00:00+03:00","Europe/Sofia",43.22438900023895,27.915733000170828,,,,"Unknown Governmental Organization","EEA"
8843,"AMS SOU Angel Kanchev-Varna","so2",8.79,"µg/m³","2026-06-25T07:00:00Z","2026-06-25T10:00:00+03:00","Europe/Sofia",43.22438900023895,27.915733000170828,,,,"Unknown Governmental Organization","EEA"
8843,"AMS SOU Angel Kanchev-Varna","so2",10.02,"µg/m³","2026-06-25T08:00:00Z","2026-06-25T11:00:00+03:00","Europe/Sofia",43.22438900023895,27.915733000170828,,,,"Unknown Governmental Organization","EEA"
8843,"AMS SOU Angel Kanchev-Varna","so2",11.28,"µg/m³","2026-06-25T09:00:00Z","2026-06-25T12:00:00+03:00","Europe/Sofia",43.22438900023895,27.915733000170828,,,,"Unknown Governmental Organization","EEA"
8843,"AMS SOU Angel Kanchev-Varna","so2",12.57,"µg/m³","2026-06-25T10:00:00Z","2026-06-25T13:00:00+03:00","Europe/Sofia",43.22438900023895,27.915733000170828,,,,"Unknown Governmental Organization","EEA"
8843,"AMS SOU Angel Kanchev-Varna","so2",13.23,"µg/m³","2026-06-25T11:00:00Z","2026-06-25T14:00:00+03:00","Europe/Sofia",43.22438900023895,27.915733000170828,,,,"Unknown Governmental Organization","EEA"
8843,"AMS SOU Angel Kanchev-Varna","so2",13.58,"µg/m³","2026-06-25T12:00:00Z","2026-06-25T15:00:00+03:00","Europe/Sofia",43.22438900023895,27.915733000170828,,,,"Unknown Governmental Organization","EEA"
8843,"AMS SOU Angel Kanchev-Varna","so2",13.41,"µg/m³","2026-06-25T13:00:00Z","2026-06-25T16:00:00+03:00","Europe/Sofia",43.22438900023895,27.915733000170828,,,,"Unknown Governmental Organization","EEA"
8843,"AMS SOU Angel Kanchev-Varna","so2",13.43,"µg/m³","2026-06-25T14:00:00Z","2026-06-25T17:00:00+03:00","Europe/Sofia",43.22438900023895,27.915733000170828,,,,"Unknown Governmental Organization","EEA"
8843,"AMS SOU Angel Kanchev-Varna","so2",13.88,"µg/m³","2026-06-25T15:00:00Z","2026-06-25T18:00:00+03:00","Europe/Sofia",43.22438900023895,27.915733000170828,,,,"Unknown Governmental Organization","EEA"
8843,"AMS SOU Angel Kanchev-Varna","so2",13.27,"µg/m³","2026-06-25T16:00:00Z","2026-06-25T19:00:00+03:00","Europe/Sofia",43.22438900023895,27.915733000170828,,,,"Unknown Governmental Organization","EEA"
8843,"AMS SOU Angel Kanchev-Varna","so2",13.13,"µg/m³","2026-06-25T17:00:00Z","2026-06-25T20:00:00+03:00","Europe/Sofia",43.22438900023895,27.915733000170828,,,,"Unknown Governmental Organization","EEA"
8843,"AMS SOU Angel Kanchev-Varna","so2",13.07,"µg/m³","2026-06-25T18:00:00Z","2026-06-25T21:00:00+03:00","Europe/Sofia",43.22438900023895,27.915733000170828,,,,"Unknown Governmental Organization","EEA"
8843,"AMS SOU Angel Kanchev-Varna","so2",13.01,"µg/m³","2026-06-25T19:00:00Z","2026-06-25T22:00:00+03:00","Europe/Sofia",43.22438900023895,27.915733000170828,,,,"Unknown Governmental Organization","EEA"
8843,"AMS SOU Angel Kanchev-Varna","so2",12.47,"µg/m³","2026-06-25T20:00:00Z","2026-06-25T23:00:00+03:00","Europe/Sofia",43.22438900023895,27.915733000170828,,,,"Unknown Governmental Organization","EEA"
8843,"AMS SOU Angel Kanchev-Varna","so2",9.83,"µg/m³","2026-06-25T21:00:00Z","2026-06-26T00:00:00+03:00","Europe/Sofia",43.22438900023895,27.915733000170828,,,,"Unknown Governmental Organization","EEA"
8843,"AMS SOU Angel Kanchev-Varna","so2",8.19,"µg/m³","2026-06-25T23:00:00Z","2026-06-26T02:00:00+03:00","Europe/Sofia",43.22438900023895,27.915733000170828,,,,"Unknown Governmental Organization","EEA"
8843,"AMS SOU Angel Kanchev-Varna","so2",8.29,"µg/m³","2026-06-26T00:00:00Z","2026-06-26T03:00:00+03:00","Europe/Sofia",43.22438900023895,27.915733000170828,,,,"Unknown Governmental Organization","EEA"
8843,"AMS SOU Angel Kanchev-Varna","so2",8.34,"µg/m³","2026-06-26T01:00:00Z","2026-06-26T04:00:00+03:00","Europe/Sofia",43.22438900023895,27.915733000170828,,,,"Unknown Governmental Organization","EEA"
8843,"AMS SOU Angel Kanchev-Varna","so2",7.91,"µg/m³","2026-06-26T02:00:00Z","2026-06-26T05:00:00+03:00","Europe/Sofia",43.22438900023895,27.915733000170828,,,,"Unknown Governmental Organization","EEA"
8843,"AMS SOU Angel Kanchev-Varna","so2",8.05,"µg/m³","2026-06-26T03:00:00Z","2026-06-26T06:00:00+03:00","Europe/Sofia",43.22438900023895,27.915733000170828,,,,"Unknown Governmental Organization","EEA"
8843,"AMS SOU Angel Kanchev-Varna","so2",8.42,"µg/m³","2026-06-26T04:00:00Z","2026-06-26T07:00:00+03:00","Europe/Sofia",43.22438900023895,27.915733000170828,,,,"Unknown Governmental Organization","EEA"
8843,"AMS SOU Angel Kanchev-Varna","so2",8.11,"µg/m³","2026-06-26T05:00:00Z","2026-06-26T08:00:00+03:00","Europe/Sofia",43.22438900023895,27.915733000170828,,,,"Unknown Governmental Organization","EEA"
8843,"AMS SOU Angel Kanchev-Varna","so2",8.77,"µg/m³","2026-06-26T06:00:00Z","2026-06-26T09:00:00+03:00","Europe/Sofia",43.22438900023895,27.915733000170828,,,,"Unknown Governmental Organization","EEA"
8843,"AMS SOU Angel Kanchev-Varna","so2",11.03,"µg/m³","2026-06-26T09:00:00Z","2026-06-26T12:00:00+03:00","Europe/Sofia",43.22438900023895,27.915733000170828,,,,"Unknown Governmental Organization","EEA"
8843,"AMS SOU Angel Kanchev-Varna","so2",12.04,"µg/m³","2026-06-26T10:00:00Z","2026-06-26T13:00:00+03:00","Europe/Sofia",43.22438900023895,27.915733000170828,,,,"Unknown Governmental Organization","EEA"
8843,"AMS SOU Angel Kanchev-Varna","so2",13.42,"µg/m³","2026-06-26T11:00:00Z","2026-06-26T14:00:00+03:00","Europe/Sofia",43.22438900023895,27.915733000170828,,,,"Unknown Governmental Organization","EEA"
8843,"AMS SOU Angel Kanchev-Varna","so2",13.76,"µg/m³","2026-06-26T12:00:00Z","2026-06-26T15:00:00+03:00","Europe/Sofia",43.22438900023895,27.915733000170828,,,,"Unknown Governmental Organization","EEA"
8843,"AMS SOU Angel Kanchev-Varna","so2",14.3,"µg/m³","2026-06-26T13:00:00Z","2026-06-26T16:00:00+03:00","Europe/Sofia",43.22438900023895,27.915733000170828,,,,"Unknown Governmental Organization","EEA"
8843,"AMS SOU Angel Kanchev-Varna","so2",14.53,"µg/m³","2026-06-26T14:00:00Z","2026-06-26T17:00:00+03:00","Europe/Sofia",43.22438900023895,27.915733000170828,,,,"Unknown Governmental Organization","EEA"
8843,"AMS SOU Angel Kanchev-Varna","so2",14.55,"µg/m³","2026-06-26T15:00:00Z","2026-06-26T18:00:00+03:00","Europe/Sofia",43.22438900023895,27.915733000170828,,,,"Unknown Governmental Organization","EEA"
8843,"AMS SOU Angel Kanchev-Varna","so2",14.44,"µg/m³","2026-06-26T16:00:00Z","2026-06-26T19:00:00+03:00","Europe/Sofia",43.22438900023895,27.915733000170828,,,,"Unknown Governmental Organization","EEA"
8843,"AMS SOU Angel Kanchev-Varna","so2",14.39,"µg/m³","2026-06-26T17:00:00Z","2026-06-26T20:00:00+03:00","Europe/Sofia",43.22438900023895,27.915733000170828,,,,"Unknown Governmental Organization","EEA"
8843,"AMS SOU Angel Kanchev-Varna","so2",14.15,"µg/m³","2026-06-26T18:00:00Z","2026-06-26T21:00:00+03:00","Europe/Sofia",43.22438900023895,27.915733000170828,,,,"Unknown Governmental Organization","EEA"
8843,"AMS SOU Angel Kanchev-Varna","so2",13.17,"µg/m³","2026-06-26T19:00:00Z","2026-06-26T22:00:00+03:00","Europe/Sofia",43.22438900023895,27.915733000170828,,,,"Unknown Governmental Organization","EEA"
8843,"AMS SOU Angel Kanchev-Varna","so2",11.67,"µg/m³","2026-06-26T20:00:00Z","2026-06-26T23:00:00+03:00","Europe/Sofia",43.22438900023895,27.915733000170828,,,,"Unknown Governmental Organization","EEA"
8843,"AMS SOU Angel Kanchev-Varna","so2",9.11,"µg/m³","2026-06-26T21:00:00Z","2026-06-27T00:00:00+03:00","Europe/Sofia",43.22438900023895,27.915733000170828,,,,"Unknown Governmental Organization","EEA"
8843,"AMS SOU Angel Kanchev-Varna","so2",8.54,"µg/m³","2026-06-26T22:00:00Z","2026-06-27T01:00:00+03:00","Europe/Sofia",43.22438900023895,27.915733000170828,,,,"Unknown Governmental Organization","EEA"
8843,"AMS SOU Angel Kanchev-Varna","so2",8.45,"µg/m³","2026-06-26T23:00:00Z","2026-06-27T02:00:00+03:00","Europe/Sofia",43.22438900023895,27.915733000170828,,,,"Unknown Governmental Organization","EEA"
8843,"AMS SOU Angel Kanchev-Varna","so2",8.37,"µg/m³","2026-06-27T00:00:00Z","2026-06-27T03:00:00+03:00","Europe/Sofia",43.22438900023895,27.915733000170828,,,,"Unknown Governmental Organization","EEA"
8843,"AMS SOU Angel Kanchev-Varna","so2",7.95,"µg/m³","2026-06-27T01:00:00Z","2026-06-27T04:00:00+03:00","Europe/Sofia",43.22438900023895,27.915733000170828,,,,"Unknown Governmental Organization","EEA"
8843,"AMS SOU Angel Kanchev-Varna","so2",8.51,"µg/m³","2026-06-27T02:00:00Z","2026-06-27T05:00:00+03:00","Europe/Sofia",43.22438900023895,27.915733000170828,,,,"Unknown Governmental Organization","EEA"
8843,"AMS SOU Angel Kanchev-Varna","so2",8,"µg/m³","2026-06-27T03:00:00Z","2026-06-27T06:00:00+03:00","Europe/Sofia",43.22438900023895,27.915733000170828,,,,"Unknown Governmental Organization","EEA"
8843,"AMS SOU Angel Kanchev-Varna","so2",7.92,"µg/m³","2026-06-27T04:00:00Z","2026-06-27T07:00:00+03:00","Europe/Sofia",43.22438900023895,27.915733000170828,,,,"Unknown Governmental Organization","EEA"
8843,"AMS SOU Angel Kanchev-Varna","so2",8.55,"µg/m³","2026-06-27T05:00:00Z","2026-06-27T08:00:00+03:00","Europe/Sofia",43.22438900023895,27.915733000170828,,,,"Unknown Governmental Organization","EEA"
8843,"AMS SOU Angel Kanchev-Varna","so2",9.32,"µg/m³","2026-06-27T06:00:00Z","2026-06-27T09:00:00+03:00","Europe/Sofia",43.22438900023895,27.915733000170828,,,,"Unknown Governmental Organization","EEA"
8843,"AMS SOU Angel Kanchev-Varna","so2",9.98,"µg/m³","2026-06-27T07:00:00Z","2026-06-27T10:00:00+03:00","Europe/Sofia",43.22438900023895,27.915733000170828,,,,"Unknown Governmental Organization","EEA"
8843,"AMS SOU Angel Kanchev-Varna","so2",10.72,"µg/m³","2026-06-27T08:00:00Z","2026-06-27T11:00:00+03:00","Europe/Sofia",43.22438900023895,27.915733000170828,,,,"Unknown Governmental Organization","EEA"
8843,"AMS SOU Angel Kanchev-Varna","so2",12.51,"µg/m³","2026-06-27T09:00:00Z","2026-06-27T12:00:00+03:00","Europe/Sofia",43.22438900023895,27.915733000170828,,,,"Unknown Governmental Organization","EEA"
8843,"AMS SOU Angel Kanchev-Varna","so2",13.14,"µg/m³","2026-06-27T10:00:00Z","2026-06-27T13:00:00+03:00","Europe/Sofia",43.22438900023895,27.915733000170828,,,,"Unknown Governmental Organization","EEA"
8843,"AMS SOU Angel Kanchev-Varna","so2",14.48,"µg/m³","2026-06-27T11:00:00Z","2026-06-27T14:00:00+03:00","Europe/Sofia",43.22438900023895,27.915733000170828,,,,"Unknown Governmental Organization","EEA"
8843,"AMS SOU Angel Kanchev-Varna","so2",14.68,"µg/m³","2026-06-27T12:00:00Z","2026-06-27T15:00:00+03:00","Europe/Sofia",43.22438900023895,27.915733000170828,,,,"Unknown Governmental Organization","EEA"
8843,"AMS SOU Angel Kanchev-Varna","so2",14.82,"µg/m³","2026-06-27T13:00:00Z","2026-06-27T16:00:00+03:00","Europe/Sofia",43.22438900023895,27.915733000170828,,,,"Unknown Governmental Organization","EEA"
8843,"AMS SOU Angel Kanchev-Varna","so2",14.79,"µg/m³","2026-06-27T14:00:00Z","2026-06-27T17:00:00+03:00","Europe/Sofia",43.22438900023895,27.915733000170828,,,,"Unknown Governmental Organization","EEA"
8843,"AMS SOU Angel Kanchev-Varna","so2",14.75,"µg/m³","2026-06-27T15:00:00Z","2026-06-27T18:00:00+03:00","Europe/Sofia",43.22438900023895,27.915733000170828,,,,"Unknown Governmental Organization","EEA"
8843,"AMS SOU Angel Kanchev-Varna","so2",14.49,"µg/m³","2026-06-27T16:00:00Z","2026-06-27T19:00:00+03:00","Europe/Sofia",43.22438900023895,27.915733000170828,,,,"Unknown Governmental Organization","EEA"
8843,"AMS SOU Angel Kanchev-Varna","so2",13.92,"µg/m³","2026-06-27T17:00:00Z","2026-06-27T20:00:00+03:00","Europe/Sofia",43.22438900023895,27.915733000170828,,,,"Unknown Governmental Organization","EEA"
8843,"AMS SOU Angel Kanchev-Varna","so2",12.51,"µg/m³","2026-06-27T18:00:00Z","2026-06-27T21:00:00+03:00","Europe/Sofia",43.22438900023895,27.915733000170828,,,,"Unknown Governmental Organization","EEA"
8843,"AMS SOU Angel Kanchev-Varna","so2",11.17,"µg/m³","2026-06-27T19:00:00Z","2026-06-27T22:00:00+03:00","Europe/Sofia",43.22438900023895,27.915733000170828,,,,"Unknown Governmental Organization","EEA"
8843,"AMS SOU Angel Kanchev-Varna","so2",9.94,"µg/m³","2026-06-27T20:00:00Z","2026-06-27T23:00:00+03:00","Europe/Sofia",43.22438900023895,27.915733000170828,,,,"Unknown Governmental Organization","EEA"
8843,"AMS SOU Angel Kanchev-Varna","so2",8.82,"µg/m³","2026-06-27T21:00:00Z","2026-06-28T00:00:00+03:00","Europe/Sofia",43.22438900023895,27.915733000170828,,,,"Unknown Governmental Organization","EEA"
8843,"AMS SOU Angel Kanchev-Varna","so2",8.87,"µg/m³","2026-06-27T22:00:00Z","2026-06-28T01:00:00+03:00","Europe/Sofia",43.22438900023895,27.915733000170828,,,,"Unknown Governmental Organization","EEA"
8843,"AMS SOU Angel Kanchev-Varna","so2",8.49,"µg/m³","2026-06-27T23:00:00Z","2026-06-28T02:00:00+03:00","Europe/Sofia",43.22438900023895,27.915733000170828,,,,"Unknown Governmental Organization","EEA"
8843,"AMS SOU Angel Kanchev-Varna","so2",8.42,"µg/m³","2026-06-28T00:00:00Z","2026-06-28T03:00:00+03:00","Europe/Sofia",43.22438900023895,27.915733000170828,,,,"Unknown Governmental Organization","EEA"
8843,"AMS SOU Angel Kanchev-Varna","so2",8.11,"µg/m³","2026-06-28T01:00:00Z","2026-06-28T04:00:00+03:00","Europe/Sofia",43.22438900023895,27.915733000170828,,,,"Unknown Governmental Organization","EEA"
8843,"AMS SOU Angel Kanchev-Varna","so2",8.3,"µg/m³","2026-06-28T02:00:00Z","2026-06-28T05:00:00+03:00","Europe/Sofia",43.22438900023895,27.915733000170828,,,,"Unknown Governmental Organization","EEA"
8843,"AMS SOU Angel Kanchev-Varna","so2",8.15,"µg/m³","2026-06-28T03:00:00Z","2026-06-28T06:00:00+03:00","Europe/Sofia",43.22438900023895,27.915733000170828,,,,"Unknown Governmental Organization","EEA"
8843,"AMS SOU Angel Kanchev-Varna","so2",8.03,"µg/m³","2026-06-28T04:00:00Z","2026-06-28T07:00:00+03:00","Europe/Sofia",43.22438900023895,27.915733000170828,,,,"Unknown Governmental Organization","EEA"
8843,"AMS SOU Angel Kanchev-Varna","so2",7.94,"µg/m³","2026-06-28T05:00:00Z","2026-06-28T08:00:00+03:00","Europe/Sofia",43.22438900023895,27.915733000170828,,,,"Unknown Governmental Organization","EEA"
8843,"AMS SOU Angel Kanchev-Varna","so2",8.1,"µg/m³","2026-06-28T06:00:00Z","2026-06-28T09:00:00+03:00","Europe/Sofia",43.22438900023895,27.915733000170828,,,,"Unknown Governmental Organization","EEA"
8843,"AMS SOU Angel Kanchev-Varna","so2",9.19,"µg/m³","2026-06-28T07:00:00Z","2026-06-28T10:00:00+03:00","Europe/Sofia",43.22438900023895,27.915733000170828,,,,"Unknown Governmental Organization","EEA"
8843,"AMS SOU Angel Kanchev-Varna","so2",9.93,"µg/m³","2026-06-28T08:00:00Z","2026-06-28T11:00:00+03:00","Europe/Sofia",43.22438900023895,27.915733000170828,,,,"Unknown Governmental Organization","EEA"
8843,"AMS SOU Angel Kanchev-Varna","so2",11.75,"µg/m³","2026-06-28T09:00:00Z","2026-06-28T12:00:00+03:00","Europe/Sofia",43.22438900023895,27.915733000170828,,,,"Unknown Governmental Organization","EEA"
8843,"AMS SOU Angel Kanchev-Varna","so2",12.71,"µg/m³","2026-06-28T10:00:00Z","2026-06-28T13:00:00+03:00","Europe/Sofia",43.22438900023895,27.915733000170828,,,,"Unknown Governmental Organization","EEA"
8843,"AMS SOU Angel Kanchev-Varna","so2",-1,"µg/m³","2026-06-28T12:00:00Z","2026-06-28T15:00:00+03:00","Europe/Sofia",43.22438900023895,27.915733000170828,,,,"Unknown Governmental Organization","EEA"
8843,"AMS SOU Angel Kanchev-Varna","so2",14.38,"µg/m³","2026-06-28T13:00:00Z","2026-06-28T16:00:00+03:00","Europe/Sofia",43.22438900023895,27.915733000170828,,,,"Unknown Governmental Organization","EEA"
8843,"AMS SOU Angel Kanchev-Varna","so2",-1,"µg/m³","2026-06-28T14:00:00Z","2026-06-28T17:00:00+03:00","Europe/Sofia",43.22438900023895,27.915733000170828,,,,"Unknown Governmental Organization","EEA"
8843,"AMS SOU Angel Kanchev-Varna","so2",-1,"µg/m³","2026-06-28T15:00:00Z","2026-06-28T18:00:00+03:00","Europe/Sofia",43.22438900023895,27.915733000170828,,,,"Unknown Governmental Organization","EEA"
8843,"AMS SOU Angel Kanchev-Varna","so2",-1,"µg/m³","2026-06-28T16:00:00Z","2026-06-28T19:00:00+03:00","Europe/Sofia",43.22438900023895,27.915733000170828,,,,"Unknown Governmental Organization","EEA"
8843,"AMS SOU Angel Kanchev-Varna","so2",13.89,"µg/m³","2026-06-28T17:00:00Z","2026-06-28T20:00:00+03:00","Europe/Sofia",43.22438900023895,27.915733000170828,,,,"Unknown Governmental Organization","EEA"
8843,"AMS SOU Angel Kanchev-Varna","so2",13.9,"µg/m³","2026-06-28T18:00:00Z","2026-06-28T21:00:00+03:00","Europe/Sofia",43.22438900023895,27.915733000170828,,,,"Unknown Governmental Organization","EEA"
8843,"AMS SOU Angel Kanchev-Varna","so2",13.66,"µg/m³","2026-06-28T19:00:00Z","2026-06-28T22:00:00+03:00","Europe/Sofia",43.22438900023895,27.915733000170828,,,,"Unknown Governmental Organization","EEA"
8843,"AMS SOU Angel Kanchev-Varna","so2",12.63,"µg/m³","2026-06-28T20:00:00Z","2026-06-28T23:00:00+03:00","Europe/Sofia",43.22438900023895,27.915733000170828,,,,"Unknown Governmental Organization","EEA"
8843,"AMS SOU Angel Kanchev-Varna","so2",10.7,"µg/m³","2026-06-28T21:00:00Z","2026-06-29T00:00:00+03:00","Europe/Sofia",43.22438900023895,27.915733000170828,,,,"Unknown Governmental Organization","EEA"
8843,"AMS SOU Angel Kanchev-Varna","so2",9.62,"µg/m³","2026-06-28T22:00:00Z","2026-06-29T01:00:00+03:00","Europe/Sofia",43.22438900023895,27.915733000170828,,,,"Unknown Governmental Organization","EEA"
8843,"AMS SOU Angel Kanchev-Varna","so2",9.17,"µg/m³","2026-06-28T23:00:00Z","2026-06-29T02:00:00+03:00","Europe/Sofia",43.22438900023895,27.915733000170828,,,,"Unknown Governmental Organization","EEA"
8843,"AMS SOU Angel Kanchev-Varna","so2",9.23,"µg/m³","2026-06-29T00:00:00Z","2026-06-29T03:00:00+03:00","Europe/Sofia",43.22438900023895,27.915733000170828,,,,"Unknown Governmental Organization","EEA"
8843,"AMS SOU Angel Kanchev-Varna","so2",9.49,"µg/m³","2026-06-29T01:00:00Z","2026-06-29T04:00:00+03:00","Europe/Sofia",43.22438900023895,27.915733000170828,,,,"Unknown Governmental Organization","EEA"
8843,"AMS SOU Angel Kanchev-Varna","so2",9.45,"µg/m³","2026-06-29T02:00:00Z","2026-06-29T05:00:00+03:00","Europe/Sofia",43.22438900023895,27.915733000170828,,,,"Unknown Governmental Organization","EEA"
8843,"AMS SOU Angel Kanchev-Varna","so2",8.64,"µg/m³","2026-06-29T04:00:00Z","2026-06-29T07:00:00+03:00","Europe/Sofia",43.22438900023895,27.915733000170828,,,,"Unknown Governmental Organization","EEA"
8843,"AMS SOU Angel Kanchev-Varna","so2",9.48,"µg/m³","2026-06-29T05:00:00Z","2026-06-29T08:00:00+03:00","Europe/Sofia",43.22438900023895,27.915733000170828,,,,"Unknown Governmental Organization","EEA"
8843,"AMS SOU Angel Kanchev-Varna","so2",10.49,"µg/m³","2026-06-29T06:00:00Z","2026-06-29T09:00:00+03:00","Europe/Sofia",43.22438900023895,27.915733000170828,,,,"Unknown Governmental Organization","EEA"
8843,"AMS SOU Angel Kanchev-Varna","so2",11.56,"µg/m³","2026-06-29T07:00:00Z","2026-06-29T10:00:00+03:00","Europe/Sofia",43.22438900023895,27.915733000170828,,,,"Unknown Governmental Organization","EEA"
8843,"AMS SOU Angel Kanchev-Varna","so2",-1,"µg/m³","2026-06-29T08:00:00Z","2026-06-29T11:00:00+03:00","Europe/Sofia",43.22438900023895,27.915733000170828,,,,"Unknown Governmental Organization","EEA"
8843,"AMS SOU Angel Kanchev-Varna","so2",-1,"µg/m³","2026-06-29T12:00:00Z","2026-06-29T15:00:00+03:00","Europe/Sofia",43.22438900023895,27.915733000170828,,,,"Unknown Governmental Organization","EEA"
8843,"AMS SOU Angel Kanchev-Varna","so2",-1,"µg/m³","2026-06-29T13:00:00Z","2026-06-29T16:00:00+03:00","Europe/Sofia",43.22438900023895,27.915733000170828,,,,"Unknown Governmental Organization","EEA"
8843,"AMS SOU Angel Kanchev-Varna","so2",-1,"µg/m³","2026-06-29T14:00:00Z","2026-06-29T17:00:00+03:00","Europe/Sofia",43.22438900023895,27.915733000170828,,,,"Unknown Governmental Organization","EEA"
8843,"AMS SOU Angel Kanchev-Varna","so2",17.68,"µg/m³","2026-06-29T15:00:00Z","2026-06-29T18:00:00+03:00","Europe/Sofia",43.22438900023895,27.915733000170828,,,,"Unknown Governmental Organization","EEA"
8843,"AMS SOU Angel Kanchev-Varna","so2",17.25,"µg/m³","2026-06-29T16:00:00Z","2026-06-29T19:00:00+03:00","Europe/Sofia",43.22438900023895,27.915733000170828,,,,"Unknown Governmental Organization","EEA"
8843,"AMS SOU Angel Kanchev-Varna","so2",16.66,"µg/m³","2026-06-29T17:00:00Z","2026-06-29T20:00:00+03:00","Europe/Sofia",43.22438900023895,27.915733000170828,,,,"Unknown Governmental Organization","EEA"
8843,"AMS SOU Angel Kanchev-Varna","so2",16.37,"µg/m³","2026-06-29T18:00:00Z","2026-06-29T21:00:00+03:00","Europe/Sofia",43.22438900023895,27.915733000170828,,,,"Unknown Governmental Organization","EEA"
8843,"AMS SOU Angel Kanchev-Varna","so2",15.69,"µg/m³","2026-06-29T19:00:00Z","2026-06-29T22:00:00+03:00","Europe/Sofia",43.22438900023895,27.915733000170828,,,,"Unknown Governmental Organization","EEA"
8843,"AMS SOU Angel Kanchev-Varna","so2",14.75,"µg/m³","2026-06-29T20:00:00Z","2026-06-29T23:00:00+03:00","Europe/Sofia",43.22438900023895,27.915733000170828,,,,"Unknown Governmental Organization","EEA"
8843,"AMS SOU Angel Kanchev-Varna","so2",14.62,"µg/m³","2026-06-29T21:00:00Z","2026-06-30T00:00:00+03:00","Europe/Sofia",43.22438900023895,27.915733000170828,,,,"Unknown Governmental Organization","EEA"
8843,"AMS SOU Angel Kanchev-Varna","so2",13.58,"µg/m³","2026-06-29T22:00:00Z","2026-06-30T01:00:00+03:00","Europe/Sofia",43.22438900023895,27.915733000170828,,,,"Unknown Governmental Organization","EEA"
8843,"AMS SOU Angel Kanchev-Varna","so2",12.61,"µg/m³","2026-06-29T23:00:00Z","2026-06-30T02:00:00+03:00","Europe/Sofia",43.22438900023895,27.915733000170828,,,,"Unknown Governmental Organization","EEA"
8843,"AMS SOU Angel Kanchev-Varna","so2",12.73,"µg/m³","2026-06-30T00:00:00Z","2026-06-30T03:00:00+03:00","Europe/Sofia",43.22438900023895,27.915733000170828,,,,"Unknown Governmental Organization","EEA"
8843,"AMS SOU Angel Kanchev-Varna","so2",11.18,"µg/m³","2026-06-30T01:00:00Z","2026-06-30T04:00:00+03:00","Europe/Sofia",43.22438900023895,27.915733000170828,,,,"Unknown Governmental Organization","EEA"
8843,"AMS SOU Angel Kanchev-Varna","so2",10.17,"µg/m³","2026-06-30T02:00:00Z","2026-06-30T05:00:00+03:00","Europe/Sofia",43.22438900023895,27.915733000170828,,,,"Unknown Governmental Organization","EEA"
8843,"AMS SOU Angel Kanchev-Varna","so2",11.36,"µg/m³","2026-06-30T03:00:00Z","2026-06-30T06:00:00+03:00","Europe/Sofia",43.22438900023895,27.915733000170828,,,,"Unknown Governmental Organization","EEA"
8843,"AMS SOU Angel Kanchev-Varna","so2",10.07,"µg/m³","2026-06-30T04:00:00Z","2026-06-30T07:00:00+03:00","Europe/Sofia",43.22438900023895,27.915733000170828,,,,"Unknown Governmental Organization","EEA"
8843,"AMS SOU Angel Kanchev-Varna","so2",9.56,"µg/m³","2026-06-30T05:00:00Z","2026-06-30T08:00:00+03:00","Europe/Sofia",43.22438900023895,27.915733000170828,,,,"Unknown Governmental Organization","EEA"
8843,"AMS SOU Angel Kanchev-Varna","so2",10.57,"µg/m³","2026-06-30T06:00:00Z","2026-06-30T09:00:00+03:00","Europe/Sofia",43.22438900023895,27.915733000170828,,,,"Unknown Governmental Organization","EEA"
8843,"AMS SOU Angel Kanchev-Varna","so2",11.74,"µg/m³","2026-06-30T07:00:00Z","2026-06-30T10:00:00+03:00","Europe/Sofia",43.22438900023895,27.915733000170828,,,,"Unknown Governmental Organization","EEA"
8843,"AMS SOU Angel Kanchev-Varna","so2",12.8,"µg/m³","2026-06-30T08:00:00Z","2026-06-30T11:00:00+03:00","Europe/Sofia",43.22438900023895,27.915733000170828,,,,"Unknown Governmental Organization","EEA"
8843,"AMS SOU Angel Kanchev-Varna","so2",15.29,"µg/m³","2026-06-30T09:00:00Z","2026-06-30T12:00:00+03:00","Europe/Sofia",43.22438900023895,27.915733000170828,,,,"Unknown Governmental Organization","EEA"
8843,"AMS SOU Angel Kanchev-Varna","so2",14.71,"µg/m³","2026-06-30T10:00:00Z","2026-06-30T13:00:00+03:00","Europe/Sofia",43.22438900023895,27.915733000170828,,,,"Unknown Governmental Organization","EEA"
8843,"AMS SOU Angel Kanchev-Varna","so2",15.38,"µg/m³","2026-06-30T11:00:00Z","2026-06-30T14:00:00+03:00","Europe/Sofia",43.22438900023895,27.915733000170828,,,,"Unknown Governmental Organization","EEA"
8843,"AMS SOU Angel Kanchev-Varna","so2",16.21,"µg/m³","2026-06-30T12:00:00Z","2026-06-30T15:00:00+03:00","Europe/Sofia",43.22438900023895,27.915733000170828,,,,"Unknown Governmental Organization","EEA"
8843,"AMS SOU Angel Kanchev-Varna","so2",16.04,"µg/m³","2026-06-30T13:00:00Z","2026-06-30T16:00:00+03:00","Europe/Sofia",43.22438900023895,27.915733000170828,,,,"Unknown Governmental Organization","EEA"
8843,"AMS SOU Angel Kanchev-Varna","so2",15.87,"µg/m³","2026-06-30T14:00:00Z","2026-06-30T17:00:00+03:00","Europe/Sofia",43.22438900023895,27.915733000170828,,,,"Unknown Governmental Organization","EEA"
8843,"AMS SOU Angel Kanchev-Varna","so2",15.84,"µg/m³","2026-06-30T15:00:00Z","2026-06-30T18:00:00+03:00","Europe/Sofia",43.22438900023895,27.915733000170828,,,,"Unknown Governmental Organization","EEA"
8843,"AMS SOU Angel Kanchev-Varna","so2",15.76,"µg/m³","2026-06-30T16:00:00Z","2026-06-30T19:00:00+03:00","Europe/Sofia",43.22438900023895,27.915733000170828,,,,"Unknown Governmental Organization","EEA"
8843,"AMS SOU Angel Kanchev-Varna","so2",15.78,"µg/m³","2026-06-30T17:00:00Z","2026-06-30T20:00:00+03:00","Europe/Sofia",43.22438900023895,27.915733000170828,,,,"Unknown Governmental Organization","EEA"
8843,"AMS SOU Angel Kanchev-Varna","so2",15.48,"µg/m³","2026-06-30T18:00:00Z","2026-06-30T21:00:00+03:00","Europe/Sofia",43.22438900023895,27.915733000170828,,,,"Unknown Governmental Organization","EEA"
8843,"AMS SOU Angel Kanchev-Varna","so2",15.1,"µg/m³","2026-06-30T19:00:00Z","2026-06-30T22:00:00+03:00","Europe/Sofia",43.22438900023895,27.915733000170828,,,,"Unknown Governmental Organization","EEA"
8843,"AMS SOU Angel Kanchev-Varna","so2",14.54,"µg/m³","2026-06-30T20:00:00Z","2026-06-30T23:00:00+03:00","Europe/Sofia",43.22438900023895,27.915733000170828,,,,"Unknown Governmental Organization","EEA"
8843,"AMS SOU Angel Kanchev-Varna","so2",13.61,"µg/m³","2026-06-30T21:00:00Z","2026-07-01T00:00:00+03:00","Europe/Sofia",43.22438900023895,27.915733000170828,,,,"Unknown Governmental Organization","EEA"
8843,"AMS SOU Angel Kanchev-Varna","so2",12.83,"µg/m³","2026-06-30T22:00:00Z","2026-07-01T01:00:00+03:00","Europe/Sofia",43.22438900023895,27.915733000170828,,,,"Unknown Governmental Organization","EEA"
8843,"AMS SOU Angel Kanchev-Varna","so2",11.76,"µg/m³","2026-07-01T00:00:00Z","2026-07-01T03:00:00+03:00","Europe/Sofia",43.22438900023895,27.915733000170828,,,,"Unknown Governmental Organization","EEA"
8843,"AMS SOU Angel Kanchev-Varna","so2",10.43,"µg/m³","2026-07-01T01:00:00Z","2026-07-01T04:00:00+03:00","Europe/Sofia",43.22438900023895,27.915733000170828,,,,"Unknown Governmental Organization","EEA"
8843,"AMS SOU Angel Kanchev-Varna","so2",10.23,"µg/m³","2026-07-01T02:00:00Z","2026-07-01T05:00:00+03:00","Europe/Sofia",43.22438900023895,27.915733000170828,,,,"Unknown Governmental Organization","EEA"
8843,"AMS SOU Angel Kanchev-Varna","so2",10.06,"µg/m³","2026-07-01T03:00:00Z","2026-07-01T06:00:00+03:00","Europe/Sofia",43.22438900023895,27.915733000170828,,,,"Unknown Governmental Organization","EEA"
8843,"AMS SOU Angel Kanchev-Varna","so2",11.07,"µg/m³","2026-07-01T04:00:00Z","2026-07-01T07:00:00+03:00","Europe/Sofia",43.22438900023895,27.915733000170828,,,,"Unknown Governmental Organization","EEA"
8843,"AMS SOU Angel Kanchev-Varna","so2",12.15,"µg/m³","2026-07-01T05:00:00Z","2026-07-01T08:00:00+03:00","Europe/Sofia",43.22438900023895,27.915733000170828,,,,"Unknown Governmental Organization","EEA"
8843,"AMS SOU Angel Kanchev-Varna","so2",12.93,"µg/m³","2026-07-01T06:00:00Z","2026-07-01T09:00:00+03:00","Europe/Sofia",43.22438900023895,27.915733000170828,,,,"Unknown Governmental Organization","EEA"
8843,"AMS SOU Angel Kanchev-Varna","so2",13.17,"µg/m³","2026-07-01T07:00:00Z","2026-07-01T10:00:00+03:00","Europe/Sofia",43.22438900023895,27.915733000170828,,,,"Unknown Governmental Organization","EEA"
8843,"AMS SOU Angel Kanchev-Varna","so2",14,"µg/m³","2026-07-01T08:00:00Z","2026-07-01T11:00:00+03:00","Europe/Sofia",43.22438900023895,27.915733000170828,,,,"Unknown Governmental Organization","EEA"
8843,"AMS SOU Angel Kanchev-Varna","so2",14.59,"µg/m³","2026-07-01T09:00:00Z","2026-07-01T12:00:00+03:00","Europe/Sofia",43.22438900023895,27.915733000170828,,,,"Unknown Governmental Organization","EEA"
8843,"AMS SOU Angel Kanchev-Varna","so2",15.22,"µg/m³","2026-07-01T10:00:00Z","2026-07-01T13:00:00+03:00","Europe/Sofia",43.22438900023895,27.915733000170828,,,,"Unknown Governmental Organization","EEA"
8843,"AMS SOU Angel Kanchev-Varna","so2",15.91,"µg/m³","2026-07-01T11:00:00Z","2026-07-01T14:00:00+03:00","Europe/Sofia",43.22438900023895,27.915733000170828,,,,"Unknown Governmental Organization","EEA"
8843,"AMS SOU Angel Kanchev-Varna","so2",16.11,"µg/m³","2026-07-01T12:00:00Z","2026-07-01T15:00:00+03:00","Europe/Sofia",43.22438900023895,27.915733000170828,,,,"Unknown Governmental Organization","EEA"
8843,"AMS SOU Angel Kanchev-Varna","so2",16.41,"µg/m³","2026-07-01T13:00:00Z","2026-07-01T16:00:00+03:00","Europe/Sofia",43.22438900023895,27.915733000170828,,,,"Unknown Governmental Organization","EEA"
8843,"AMS SOU Angel Kanchev-Varna","so2",16.86,"µg/m³","2026-07-01T15:00:00Z","2026-07-01T18:00:00+03:00","Europe/Sofia",43.22438900023895,27.915733000170828,,,,"Unknown Governmental Organization","EEA"
8843,"AMS SOU Angel Kanchev-Varna","so2",16.95,"µg/m³","2026-07-01T16:00:00Z","2026-07-01T19:00:00+03:00","Europe/Sofia",43.22438900023895,27.915733000170828,,,,"Unknown Governmental Organization","EEA"
8843,"AMS SOU Angel Kanchev-Varna","so2",16.4,"µg/m³","2026-07-01T17:00:00Z","2026-07-01T20:00:00+03:00","Europe/Sofia",43.22438900023895,27.915733000170828,,,,"Unknown Governmental Organization","EEA"
8843,"AMS SOU Angel Kanchev-Varna","so2",15.71,"µg/m³","2026-07-01T18:00:00Z","2026-07-01T21:00:00+03:00","Europe/Sofia",43.22438900023895,27.915733000170828,,,,"Unknown Governmental Organization","EEA"
8843,"AMS SOU Angel Kanchev-Varna","so2",-1,"µg/m³","2026-07-01T19:00:00Z","2026-07-01T22:00:00+03:00","Europe/Sofia",43.22438900023895,27.915733000170828,,,,"Unknown Governmental Organization","EEA"
8843,"AMS SOU Angel Kanchev-Varna","so2",15.17,"µg/m³","2026-07-01T20:00:00Z","2026-07-01T23:00:00+03:00","Europe/Sofia",43.22438900023895,27.915733000170828,,,,"Unknown Governmental Organization","EEA"
8843,"AMS SOU Angel Kanchev-Varna","so2",14.13,"µg/m³","2026-07-01T21:00:00Z","2026-07-02T00:00:00+03:00","Europe/Sofia",43.22438900023895,27.915733000170828,,,,"Unknown Governmental Organization","EEA"
8843,"AMS SOU Angel Kanchev-Varna","so2",13.38,"µg/m³","2026-07-01T22:00:00Z","2026-07-02T01:00:00+03:00","Europe/Sofia",43.22438900023895,27.915733000170828,,,,"Unknown Governmental Organization","EEA"
8843,"AMS SOU Angel Kanchev-Varna","so2",12.21,"µg/m³","2026-07-01T23:00:00Z","2026-07-02T02:00:00+03:00","Europe/Sofia",43.22438900023895,27.915733000170828,,,,"Unknown Governmental Organization","EEA"
8843,"AMS SOU Angel Kanchev-Varna","so2",11.38,"µg/m³","2026-07-02T00:00:00Z","2026-07-02T03:00:00+03:00","Europe/Sofia",43.22438900023895,27.915733000170828,,,,"Unknown Governmental Organization","EEA"